{
"type": "FeatureCollection",
"name": "high_access_gdf",
"crs": { "type": "name", "properties": { "name": "urn:ogc:def:crs:EPSG::4269" } },
"features": [
{ "type": "Feature", "properties": { "STATEFP": "37", "COUNTYFP": "009", "COUNTYNS": "01008535", "GEOIDFQ": "0500000US37009", "GEOID": 37009, "NAME": "Ashe", "NAMELSAD": "Ashe County", "STUSPS": "NC", "STATE_NAME": "North Carolina", "LSAD": "06", "ALAND": 1104018837, "AWATER": 8062965, "state": "NC", "county": "Ashe", "fips": 37009, "adult_pop": "22,627", "observed_distress": 16.2, "loneliness_rate": 30.6, "access_to_exercise": 57.47450803, "social_associations_per_10k": 8.8345726275000001, "air_pollution": 6.6, "uninsured": 16.25472136, "unemployment_rate": 3.97177739, "providers_per_100k": 164.72614, "log_median_hh_income": 10.726587856343938, "rucc_category": "rural" }, "geometry": { "type": "Polygon", "coordinates": [ [ [ -81.740651, 36.413141 ], [ -81.737298, 36.413591 ], [ -81.735434, 36.412302 ], [ -81.734297, 36.412597 ], [ -81.734312, 36.413342 ], [ -81.733392, 36.414887 ], [ -81.729924, 36.415422 ], [ -81.729164, 36.417669 ], [ -81.727498, 36.418371 ], [ -81.727164, 36.419925 ], [ -81.723992, 36.420502 ], [ -81.723435, 36.422237 ], [ -81.720734, 36.422537 ], [ -81.7201160064064, 36.423913390025 ], [ -81.717939, 36.428762 ], [ -81.717561, 36.430395 ], [ -81.721228, 36.433947 ], [ -81.714564, 36.437107 ], [ -81.715434, 36.438571 ], [ -81.714186, 36.441458 ], [ -81.717182, 36.443894 ], [ -81.717443, 36.445159 ], [ -81.713736, 36.447114 ], [ -81.714277, 36.450978 ], [ -81.715078995301397, 36.453356090415603 ], [ -81.715082, 36.453365 ], [ -81.71489, 36.45722 ], [ -81.708247, 36.462217 ], [ -81.701076, 36.464212 ], [ -81.699223, 36.463959 ], [ -81.697975, 36.464741 ], [ -81.695398320010099, 36.467808061654601 ], [ -81.695396905392698, 36.467809745495401 ], [ -81.695311, 36.467912 ], [ -81.694533, 36.473283 ], [ -81.694829, 36.474463 ], [ -81.696281, 36.475499 ], [ -81.697287, 36.484738 ], [ -81.695907, 36.49158 ], [ -81.696835, 36.493393 ], [ -81.697261, 36.496141 ], [ -81.697364315567896, 36.496252136268303 ], [ -81.698265, 36.497221 ], [ -81.699928, 36.498018 ], [ -81.700238, 36.500475 ], [ -81.699923, 36.500865 ], [ -81.69797, 36.504063 ], [ -81.69729, 36.504887 ], [ -81.697829, 36.507544 ], [ -81.697744, 36.508448 ], [ -81.699446, 36.511504 ], [ -81.699601, 36.512883 ], [ -81.700093, 36.514158 ], [ -81.700553, 36.51519 ], [ -81.702543, 36.520317 ], [ -81.706831589724501, 36.525248451882 ], [ -81.707573, 36.526101 ], [ -81.708262, 36.532113 ], [ -81.707963, 36.536209 ], [ -81.699962, 36.536829 ], [ -81.699962, 36.539714 ], [ -81.697539, 36.544359 ], [ -81.693844, 36.549083 ], [ -81.69003, 36.552154 ], [ -81.689115, 36.555912 ], [ -81.690132, 36.559643 ], [ -81.692167, 36.562695 ], [ -81.692506, 36.565748 ], [ -81.690236, 36.568718 ], [ -81.686436, 36.567918 ], [ -81.679936, 36.568618 ], [ -81.677036, 36.570718 ], [ -81.677236, 36.574406 ], [ -81.679036, 36.578918 ], [ -81.679401192033893, 36.581107162056099 ], [ -81.680137, 36.585518 ], [ -81.677535, 36.588117 ], [ -81.617892618388794, 36.587262085116301 ], [ -81.600934, 36.587019 ], [ -81.535335087951296, 36.581683372238402 ], [ -81.521032, 36.58052 ], [ -81.4966238884858, 36.579367662550098 ], [ -81.489387, 36.579026 ], [ -81.462339, 36.578148 ], [ -81.458418548875798, 36.577889508717099 ], [ -81.442228, 36.576822 ], [ -81.434897752062099, 36.5765882942434 ], [ -81.374824, 36.574673 ], [ -81.353322, 36.574723 ], [ -81.353259206395506, 36.574723412583801 ], [ -81.35315, 36.546077 ], [ -81.352768, 36.545963 ], [ -81.351712, 36.546309 ], [ -81.349869, 36.550691 ], [ -81.348645, 36.552308 ], [ -81.347565, 36.552497 ], [ -81.345888, 36.551529 ], [ -81.346281, 36.548856 ], [ -81.345525, 36.545824 ], [ -81.345806, 36.544553 ], [ -81.347658, 36.543184 ], [ -81.348101, 36.541924 ], [ -81.346342, 36.538205 ], [ -81.343044, 36.534626 ], [ -81.34163, 36.533608 ], [ -81.339686, 36.529725 ], [ -81.337903, 36.527065 ], [ -81.337223, 36.526239 ], [ -81.332192, 36.522858 ], [ -81.328339, 36.517333 ], [ -81.327172, 36.513253 ], [ -81.327028, 36.508909 ], [ -81.326601, 36.504875 ], [ -81.324082, 36.499691 ], [ -81.323486, 36.498531 ], [ -81.322639, 36.496424 ], [ -81.322575, 36.495826 ], [ -81.307774, 36.480789 ], [ -81.304961, 36.479377 ], [ -81.302987, 36.477423 ], [ -81.299727, 36.475067 ], [ -81.299034, 36.473936 ], [ -81.299266, 36.471186 ], [ -81.2972, 36.469037 ], [ -81.296815, 36.466856 ], [ -81.29694, 36.465241 ], [ -81.29595, 36.4644 ], [ -81.294887, 36.465496 ], [ -81.292087, 36.464375 ], [ -81.290501, 36.462497 ], [ -81.288287, 36.461392 ], [ -81.286767, 36.461451 ], [ -81.284888, 36.459557 ], [ -81.284179, 36.457323 ], [ -81.282206, 36.454448 ], [ -81.278199, 36.450492 ], [ -81.274549, 36.448913 ], [ -81.273136, 36.447832 ], [ -81.272081, 36.446848 ], [ -81.271671, 36.443774 ], [ -81.269896, 36.441054 ], [ -81.268798, 36.437128 ], [ -81.266869, 36.435413 ], [ -81.265352, 36.432953 ], [ -81.263761, 36.428929 ], [ -81.264328, 36.423443 ], [ -81.262577, 36.420055 ], [ -81.262579, 36.418664 ], [ -81.263204, 36.417817 ], [ -81.265915, 36.417055 ], [ -81.26625, 36.415641 ], [ -81.26508, 36.412781 ], [ -81.264567, 36.410254 ], [ -81.261657, 36.407351 ], [ -81.260804, 36.404733 ], [ -81.258857, 36.403499 ], [ -81.258848, 36.402502 ], [ -81.255062, 36.400853 ], [ -81.252794, 36.401055 ], [ -81.252529, 36.397942 ], [ -81.251455, 36.397443 ], [ -81.249974, 36.395315 ], [ -81.247698, 36.39451 ], [ -81.245549, 36.391218 ], [ -81.246832, 36.387524 ], [ -81.245631, 36.385406 ], [ -81.244244, 36.385105 ], [ -81.244236, 36.381626 ], [ -81.246219, 36.378874 ], [ -81.24706, 36.375723 ], [ -81.245958, 36.373918 ], [ -81.249912, 36.372395 ], [ -81.251708, 36.370389 ], [ -81.252488, 36.367509 ], [ -81.253552, 36.366622 ], [ -81.253955, 36.365224 ], [ -81.254636, 36.364424 ], [ -81.255629, 36.36335 ], [ -81.2587, 36.363156 ], [ -81.260903, 36.363633 ], [ -81.261232, 36.364971 ], [ -81.263284, 36.362615 ], [ -81.266018, 36.361106 ], [ -81.267409, 36.361611 ], [ -81.267199, 36.363143 ], [ -81.273161, 36.364074 ], [ -81.275333, 36.363392 ], [ -81.278881, 36.36309 ], [ -81.280519, 36.363616 ], [ -81.281938, 36.365199 ], [ -81.283509, 36.365592 ], [ -81.284219, 36.367337 ], [ -81.285673, 36.368568 ], [ -81.288618, 36.36849 ], [ -81.291438, 36.366902 ], [ -81.294269, 36.367921 ], [ -81.296583, 36.36742 ], [ -81.298356, 36.368745 ], [ -81.29973, 36.368279 ], [ -81.302738, 36.368403 ], [ -81.303807, 36.367124 ], [ -81.305367, 36.366967 ], [ -81.308449, 36.367724 ], [ -81.311936, 36.370347 ], [ -81.318291, 36.370838 ], [ -81.318796, 36.37218 ], [ -81.318576, 36.375921 ], [ -81.319499, 36.376639 ], [ -81.321376, 36.377139 ], [ -81.323639, 36.376822 ], [ -81.325825, 36.375002 ], [ -81.340649, 36.364876 ], [ -81.342513, 36.363128 ], [ -81.348963, 36.359079 ], [ -81.354, 36.355893 ], [ -81.361997, 36.313845 ], [ -81.361574, 36.313403 ], [ -81.358627, 36.312208 ], [ -81.359872, 36.308148 ], [ -81.358849, 36.305302 ], [ -81.361514, 36.303211 ], [ -81.364487, 36.303398 ], [ -81.366827, 36.30166 ], [ -81.366244, 36.296433 ], [ -81.366667, 36.285884 ], [ -81.368356, 36.285548 ], [ -81.369942, 36.286304 ], [ -81.374121, 36.284644 ], [ -81.376744, 36.282256 ], [ -81.375457, 36.281404 ], [ -81.378643, 36.277913 ], [ -81.38199, 36.280169 ], [ -81.386852, 36.282581 ], [ -81.386129, 36.282883 ], [ -81.387419, 36.284885 ], [ -81.39424, 36.286895 ], [ -81.398793, 36.289188 ], [ -81.405445, 36.290694 ], [ -81.407938, 36.293654 ], [ -81.409968, 36.294623 ], [ -81.413787, 36.2948 ], [ -81.415479, 36.293479 ], [ -81.415853, 36.29223 ], [ -81.415097, 36.288259 ], [ -81.413234, 36.283833 ], [ -81.413125, 36.281457 ], [ -81.416268, 36.278472 ], [ -81.417443, 36.278005 ], [ -81.423396, 36.278127 ], [ -81.429142, 36.277561 ], [ -81.430879, 36.275471 ], [ -81.429555, 36.272407 ], [ -81.430022, 36.269341 ], [ -81.429724, 36.266662 ], [ -81.431282, 36.26548 ], [ -81.433678, 36.265084 ], [ -81.436543, 36.262938 ], [ -81.439678, 36.262455 ], [ -81.442731, 36.259847 ], [ -81.446639, 36.26078 ], [ -81.451672, 36.257468 ], [ -81.452557, 36.257948 ], [ -81.455369, 36.255238 ], [ -81.458157, 36.250848 ], [ -81.458236, 36.248415 ], [ -81.463093, 36.250003 ], [ -81.465507, 36.251523 ], [ -81.468988, 36.251451 ], [ -81.473485, 36.253122 ], [ -81.475407, 36.252841 ], [ -81.475373, 36.25081 ], [ -81.47696, 36.248011 ], [ -81.476065, 36.244664 ], [ -81.476957, 36.240972 ], [ -81.477516, 36.24025 ], [ -81.482039, 36.240767 ], [ -81.486319, 36.241256 ], [ -81.5027, 36.250231 ], [ -81.515132, 36.256894 ], [ -81.521685, 36.255329 ], [ -81.532618, 36.26571 ], [ -81.5344, 36.26653 ], [ -81.546772, 36.272229 ], [ -81.552237, 36.276387 ], [ -81.557323, 36.275461 ], [ -81.562338, 36.273026 ], [ -81.566119, 36.272037 ], [ -81.566572, 36.272423 ], [ -81.568637, 36.275477 ], [ -81.569794, 36.276532 ], [ -81.571617, 36.280028 ], [ -81.57398, 36.281628 ], [ -81.57417, 36.283721 ], [ -81.582159, 36.291111 ], [ -81.585041, 36.295992 ], [ -81.585951, 36.298844 ], [ -81.590142, 36.304031 ], [ -81.592784, 36.306141 ], [ -81.59462, 36.306918 ], [ -81.597368, 36.308739 ], [ -81.599516, 36.311259 ], [ -81.600645, 36.311898 ], [ -81.606126, 36.318298 ], [ -81.628847, 36.340415 ], [ -81.635973, 36.347425 ], [ -81.638186, 36.349606 ], [ -81.648459, 36.354277 ], [ -81.650913, 36.355409 ], [ -81.728585547934202, 36.391218721207501 ], [ -81.72857, 36.391242 ], [ -81.730987, 36.393909 ], [ -81.733877, 36.39457 ], [ -81.738718, 36.394803 ], [ -81.739194, 36.398279 ], [ -81.738656, 36.401205 ], [ -81.739648, 36.401599 ], [ -81.740651, 36.401743 ], [ -81.740756, 36.402519 ], [ -81.741364, 36.403169 ], [ -81.741339, 36.404297 ], [ -81.740539, 36.404868 ], [ -81.740123, 36.40811 ], [ -81.741995, 36.41096 ], [ -81.740651, 36.413141 ] ] ] } },
{ "type": "Feature", "properties": { "STATEFP": "37", "COUNTYFP": "169", "COUNTYNS": "01008586", "GEOIDFQ": "0500000US37169", "GEOID": 37169, "NAME": "Stokes", "NAMELSAD": "Stokes County", "STUSPS": "NC", "STATE_NAME": "North Carolina", "LSAD": "06", "ALAND": 1163743205, "AWATER": 17577923, "state": "NC", "county": "Stokes", "fips": 37169, "adult_pop": "37,073", "observed_distress": 16.9, "loneliness_rate": 32.1, "access_to_exercise": 54.68553459, "social_associations_per_10k": 7.8700566206999998, "air_pollution": 8.2, "uninsured": 16.26342587, "unemployment_rate": 4.21944947, "providers_per_100k": 58.35746, "log_median_hh_income": 10.964103711276094, "rucc_category": "metro" }, "geometry": { "type": "Polygon", "coordinates": [ [ [ -80.450202, 36.328398 ], [ -80.449906, 36.338994 ], [ -80.448998, 36.377261 ], [ -80.448305, 36.405852 ], [ -80.447656, 36.423057 ], [ -80.447632, 36.423699 ], [ -80.446035, 36.454605 ], [ -80.444906, 36.472058 ], [ -80.444729, 36.474689 ], [ -80.444674, 36.475522 ], [ -80.441868, 36.52224 ], [ -80.440341154191302, 36.550640156032301 ], [ -80.4401, 36.55063 ], [ -80.432628, 36.550302 ], [ -80.431605, 36.550219 ], [ -80.377987706320496, 36.547763084009297 ], [ -80.337001624992695, 36.545885735012 ], [ -80.295243, 36.543973 ], [ -80.294809467426106, 36.543972313907801 ], [ -80.276553091176197, 36.543943422061297 ], [ -80.228263, 36.543867 ], [ -80.225408, 36.543748 ], [ -80.225339, 36.5437473211895 ], [ -80.183817064961801, 36.543338835292801 ], [ -80.172966507229702, 36.543232089309001 ], [ -80.171636, 36.543219 ], [ -80.169685388945695, 36.543192075811199 ], [ -80.169535, 36.54319 ], [ -80.122183, 36.542646 ], [ -80.096735994406302, 36.542605516005601 ], [ -80.053458535603497, 36.5425366652957 ], [ -80.027338975959196, 36.542495111325699 ], [ -80.029926, 36.447838 ], [ -80.032134, 36.366911 ], [ -80.03273, 36.344982 ], [ -80.033117, 36.330778 ], [ -80.03321, 36.327371 ], [ -80.035119, 36.257184 ], [ -80.066273, 36.257568 ], [ -80.130093, 36.258336 ], [ -80.145349, 36.258517 ], [ -80.146965, 36.258536 ], [ -80.188706, 36.259037 ], [ -80.208342, 36.259273 ], [ -80.212709, 36.259316 ], [ -80.232223, 36.259532 ], [ -80.235592, 36.259565 ], [ -80.241239, 36.259623 ], [ -80.249973, 36.259716 ], [ -80.25009, 36.259716 ], [ -80.261891, 36.259842 ], [ -80.310456, 36.260339 ], [ -80.31681, 36.26039 ], [ -80.327171, 36.260461 ], [ -80.331718, 36.260505 ], [ -80.337907, 36.260562 ], [ -80.339951, 36.260578 ], [ -80.340259, 36.260579 ], [ -80.34144, 36.260592 ], [ -80.342059, 36.260596 ], [ -80.346298, 36.260633 ], [ -80.347149, 36.260642 ], [ -80.34816, 36.260652 ], [ -80.348798, 36.260657 ], [ -80.350464, 36.260673 ], [ -80.350596, 36.260683 ], [ -80.364325, 36.260966 ], [ -80.365661, 36.26096 ], [ -80.371151, 36.260936 ], [ -80.373555, 36.260881 ], [ -80.375403, 36.260895 ], [ -80.380675, 36.260942 ], [ -80.382852, 36.260961 ], [ -80.387113, 36.261001 ], [ -80.387296, 36.261003 ], [ -80.390398, 36.261125 ], [ -80.399488, 36.261213 ], [ -80.405597, 36.26127 ], [ -80.434788, 36.261382 ], [ -80.451925, 36.261515 ], [ -80.450202, 36.328398 ] ] ] } },
{ "type": "Feature", "properties": { "STATEFP": "37", "COUNTYFP": "053", "COUNTYNS": "01026125", "GEOIDFQ": "0500000US37053", "GEOID": 37053, "NAME": "Currituck", "NAMELSAD": "Currituck County", "STUSPS": "NC", "STATE_NAME": "North Carolina", "LSAD": "06", "ALAND": 678344374, "AWATER": 685095432, "state": "NC", "county": "Currituck", "fips": 37053, "adult_pop": "24,619", "observed_distress": 15.8, "loneliness_rate": 29.8, "access_to_exercise": 76.38790036, "social_associations_per_10k": 9.9821010601999998, "air_pollution": 6.6, "uninsured": 13.77765173, "unemployment_rate": 4.10130144, "providers_per_100k": 53.95744, "log_median_hh_income": 11.32368804865453, "rucc_category": "metro" }, "geometry": { "type": "Polygon", "coordinates": [ [ [ -76.313302917841099, 36.5505512312821 ], [ -76.313215, 36.550551 ], [ -76.233469981689893, 36.550493284952701 ], [ -76.204989987209501, 36.550472672703002 ], [ -76.197152, 36.550467 ], [ -76.193035999085097, 36.550468515942697 ], [ -76.192783611804103, 36.5504686088981 ], [ -76.152590817380897, 36.550483412094998 ], [ -76.122348989521797, 36.550494550303704 ], [ -76.045104, 36.550523 ], [ -76.026721429746999, 36.550470887272297 ], [ -76.02147, 36.550456 ], [ -75.997748, 36.55045 ], [ -75.968159, 36.550556 ], [ -75.958914, 36.550551 ], [ -75.95285, 36.550569 ], [ -75.922046, 36.550654 ], [ -75.911446, 36.550654 ], [ -75.90688, 36.550654 ], [ -75.904745, 36.550654 ], [ -75.901017092979998, 36.5506127287832 ], [ -75.890383, 36.550495 ], [ -75.879756, 36.550457 ], [ -75.867647, 36.550412 ], [ -75.861765, 36.517661 ], [ -75.857705, 36.500828 ], [ -75.836319, 36.422955 ], [ -75.834485062218505, 36.416136168378401 ], [ -75.818736, 36.357579 ], [ -75.816785542077497, 36.351705522498797 ], [ -75.802319423348493, 36.308143227765797 ], [ -75.796411, 36.290351 ], [ -75.793679581048295, 36.283389767373798 ], [ -75.779024201296906, 36.2460393976652 ], [ -75.773330406389107, 36.231528320609399 ], [ -75.777068, 36.230779 ], [ -75.795437173459902, 36.227111121671101 ], [ -75.798529, 36.2308 ], [ -75.801966, 36.242463 ], [ -75.810879, 36.249076 ], [ -75.811852, 36.247699 ], [ -75.811116, 36.254539 ], [ -75.808166, 36.259545 ], [ -75.803867, 36.267667 ], [ -75.806838, 36.284912 ], [ -75.813137, 36.291713 ], [ -75.820267, 36.292192 ], [ -75.833696, 36.293629 ], [ -75.842118, 36.300863 ], [ -75.845285, 36.305614 ], [ -75.850809, 36.319678 ], [ -75.85176, 36.324178 ], [ -75.845936, 36.332603 ], [ -75.838691, 36.331456 ], [ -75.823119, 36.32255 ], [ -75.82205, 36.328008 ], [ -75.823476, 36.339879 ], [ -75.823832, 36.347154 ], [ -75.832151, 36.356055 ], [ -75.831913, 36.360266 ], [ -75.828942, 36.365721 ], [ -75.834052, 36.371845 ], [ -75.847719, 36.378447 ], [ -75.848551, 36.380169 ], [ -75.842252, 36.384379 ], [ -75.840945, 36.39165 ], [ -75.840707, 36.39739 ], [ -75.849739, 36.400164 ], [ -75.846055, 36.41145 ], [ -75.845122791254596, 36.414353047432101 ], [ -75.843322, 36.419961 ], [ -75.8558, 36.42436 ], [ -75.862812, 36.430862 ], [ -75.864951, 36.437746 ], [ -75.87113, 36.438702 ], [ -75.877072, 36.436312 ], [ -75.883056, 36.437719 ], [ -75.888326, 36.441583 ], [ -75.887412, 36.448836 ], [ -75.892403, 36.461358 ], [ -75.897869, 36.465085 ], [ -75.899909, 36.482124 ], [ -75.901497147369, 36.482917965955103 ], [ -75.90728, 36.485809 ], [ -75.913072, 36.486336 ], [ -75.917284, 36.485809 ], [ -75.924128, 36.482124 ], [ -75.927334, 36.482815 ], [ -75.935474, 36.490601 ], [ -75.954615, 36.491459 ], [ -75.961146, 36.494793 ], [ -75.972546, 36.494671 ], [ -75.975218, 36.48803 ], [ -75.976892, 36.487557 ], [ -75.989099, 36.49514 ], [ -75.982424, 36.50426 ], [ -75.980998, 36.511329 ], [ -75.986227, 36.525655 ], [ -75.996209, 36.528138 ], [ -75.998824, 36.53444 ], [ -76.002627, 36.537114 ], [ -76.022515169269994, 36.538332279783397 ], [ -76.030673, 36.538832 ], [ -76.031861, 36.53253 ], [ -76.028534, 36.526992 ], [ -76.026157, 36.523745 ], [ -76.026395, 36.516486 ], [ -76.035189, 36.51343 ], [ -76.042557, 36.510565 ], [ -76.04018, 36.504833 ], [ -76.040139570299999, 36.504629958730597 ], [ -76.039229, 36.500057 ], [ -76.036377, 36.495089 ], [ -76.033763, 36.490121 ], [ -76.03195, 36.482496 ], [ -76.020217, 36.45862 ], [ -76.012338, 36.447462 ], [ -76.003913, 36.441864 ], [ -75.98987, 36.436808 ], [ -75.980051, 36.435464 ], [ -75.976053, 36.438629 ], [ -75.971966, 36.437173 ], [ -75.966024, 36.427611 ], [ -75.958797105340494, 36.407752427892099 ], [ -75.956279, 36.400833 ], [ -75.953522013195894, 36.399128107077701 ], [ -75.948242, 36.395863 ], [ -75.940661, 36.398712 ], [ -75.941009, 36.40622 ], [ -75.944342, 36.41057 ], [ -75.937693, 36.420499 ], [ -75.933518, 36.423369 ], [ -75.934105, 36.427449 ], [ -75.93242, 36.428609 ], [ -75.929423, 36.426599 ], [ -75.924514, 36.42545 ], [ -75.923098, 36.419923 ], [ -75.92391, 36.418101 ], [ -75.920841, 36.408818 ], [ -75.923004, 36.399877 ], [ -75.91641, 36.38901 ], [ -75.91695, 36.383167 ], [ -75.923512, 36.367796 ], [ -75.923332, 36.361863 ], [ -75.917759, 36.353593 ], [ -75.915332, 36.352335 ], [ -75.909883, 36.343442 ], [ -75.905653, 36.334039 ], [ -75.895286, 36.319615 ], [ -75.888212, 36.293414 ], [ -75.883381, 36.284739 ], [ -75.872618, 36.282272 ], [ -75.869247526925605, 36.2834382403015 ], [ -75.86476, 36.284991 ], [ -75.859652, 36.283209 ], [ -75.856791, 36.280658 ], [ -75.856833, 36.277964 ], [ -75.863313, 36.27371 ], [ -75.862368, 36.262939 ], [ -75.867898, 36.260244 ], [ -75.869952566993405, 36.257694239199999 ], [ -75.872325, 36.25475 ], [ -75.870715, 36.252239 ], [ -75.869288, 36.246297 ], [ -75.864297, 36.245147 ], [ -75.865351, 36.236019 ], [ -75.862256, 36.233297 ], [ -75.863859, 36.229308 ], [ -75.858303, 36.221782 ], [ -75.848799, 36.215452 ], [ -75.848065701717104, 36.215745385540103 ], [ -75.84437, 36.217224 ], [ -75.841177, 36.216508 ], [ -75.83681, 36.203835 ], [ -75.830108, 36.196514 ], [ -75.828509, 36.190135 ], [ -75.829131, 36.189236 ], [ -75.830987, 36.189734 ], [ -75.83644, 36.198802 ], [ -75.838833, 36.200376 ], [ -75.842861, 36.199254 ], [ -75.845168, 36.195233 ], [ -75.84517153518, 36.192838976120697 ], [ -75.845173, 36.191847 ], [ -75.841021, 36.188551 ], [ -75.840263, 36.177198 ], [ -75.83486, 36.17169 ], [ -75.834818, 36.168909 ], [ -75.834294, 36.167619 ], [ -75.832467, 36.167352 ], [ -75.83128, 36.166006 ], [ -75.831052, 36.163732 ], [ -75.824711, 36.162848 ], [ -75.823935, 36.160232 ], [ -75.825045, 36.157657 ], [ -75.822803, 36.154955 ], [ -75.823528, 36.150503 ], [ -75.825012, 36.1497 ], [ -75.825575, 36.146181 ], [ -75.822444, 36.142843 ], [ -75.817551, 36.140645 ], [ -75.806768, 36.123697 ], [ -75.806766158840404, 36.120021124984397 ], [ -75.806766, 36.119704 ], [ -75.805542777321307, 36.119364206655298 ], [ -75.801603510096896, 36.1182699359154 ], [ -75.799433, 36.117667 ], [ -75.799026, 36.113943 ], [ -75.801240345911197, 36.112158879900299 ], [ -75.801548, 36.111911 ], [ -75.803224, 36.106302 ], [ -75.802481, 36.102186 ], [ -75.803016, 36.098716 ], [ -75.796446, 36.092579 ], [ -75.794746776662194, 36.089098403230999 ], [ -75.790907075116095, 36.081233367189 ], [ -75.790443567232103, 36.080283942820998 ], [ -75.789827, 36.079021 ], [ -75.790708, 36.077986 ], [ -75.793239, 36.077841 ], [ -75.796266, 36.074667 ], [ -75.796505, 36.072842 ], [ -75.798168, 36.0722 ], [ -75.83404, 36.093572 ], [ -75.843971, 36.100277 ], [ -75.845391, 36.103011 ], [ -75.849318, 36.104811 ], [ -75.866739, 36.127479 ], [ -75.864327, 36.130802 ], [ -75.865732, 36.136236 ], [ -75.864042, 36.146362 ], [ -75.861549, 36.150188 ], [ -75.862871, 36.159607 ], [ -75.871714, 36.173039 ], [ -75.871592, 36.175724 ], [ -75.875026, 36.184138 ], [ -75.892675, 36.198142 ], [ -75.895734, 36.19868 ], [ -75.900131, 36.203027 ], [ -75.896424, 36.208299 ], [ -75.897763, 36.209525 ], [ -75.906572, 36.20876 ], [ -75.909787, 36.21255 ], [ -75.907168, 36.218363 ], [ -75.913315, 36.223333 ], [ -75.916726, 36.237919 ], [ -75.923292, 36.245948 ], [ -75.94704, 36.258661 ], [ -75.958606, 36.259678 ], [ -75.959478, 36.264328 ], [ -75.961725, 36.266811 ], [ -75.962505270859793, 36.266818079293301 ], [ -75.959884, 36.268858 ], [ -75.951666, 36.271491 ], [ -75.949549, 36.273218 ], [ -75.948885, 36.274377 ], [ -75.949014, 36.275839 ], [ -75.95027, 36.278328 ], [ -75.950358, 36.280839 ], [ -75.948566, 36.283296 ], [ -75.948426, 36.285268 ], [ -75.951574, 36.287856 ], [ -75.955098, 36.289323 ], [ -75.956407, 36.289405 ], [ -75.960439, 36.287635 ], [ -75.962068, 36.287531 ], [ -75.964851, 36.288443 ], [ -75.966631, 36.289557 ], [ -75.967846, 36.291112 ], [ -75.969661, 36.295381 ], [ -75.969839, 36.298052 ], [ -75.969414, 36.304411 ], [ -75.969625, 36.306312 ], [ -75.971076, 36.308359 ], [ -75.972873, 36.309652 ], [ -75.975849, 36.310345 ], [ -75.978318, 36.310056 ], [ -75.982522, 36.308763 ], [ -75.990608, 36.308287 ], [ -75.995404, 36.309056 ], [ -75.999651, 36.311174 ], [ -76.001012, 36.312764 ], [ -76.001872, 36.315127 ], [ -76.001877, 36.317249 ], [ -76.001297, 36.321182 ], [ -76.001737, 36.323469 ], [ -76.007914, 36.328648 ], [ -76.009965, 36.328517 ], [ -76.013558, 36.326799 ], [ -76.01639, 36.327256 ], [ -76.017226, 36.327949 ], [ -76.018239, 36.330826 ], [ -76.020496, 36.332942 ], [ -76.020414, 36.334159 ], [ -76.017139, 36.337758 ], [ -76.016873, 36.338598 ], [ -76.01698, 36.34463 ], [ -76.019189, 36.345818 ], [ -76.020616, 36.345832 ], [ -76.023282, 36.344997 ], [ -76.02451, 36.34359 ], [ -76.024908, 36.341008 ], [ -76.027351, 36.339648 ], [ -76.030798, 36.338501 ], [ -76.031674, 36.338597 ], [ -76.033398, 36.34051 ], [ -76.032773, 36.342241 ], [ -76.030131, 36.343054 ], [ -76.028683, 36.34408 ], [ -76.028173, 36.345624 ], [ -76.028796, 36.34913 ], [ -76.032663, 36.350839 ], [ -76.034468, 36.353592 ], [ -76.036413, 36.355174 ], [ -76.038636, 36.355678 ], [ -76.041775, 36.355386 ], [ -76.04543, 36.358157 ], [ -76.047116, 36.357839 ], [ -76.047605, 36.356895 ], [ -76.049261, 36.356448 ], [ -76.050318, 36.357347 ], [ -76.050112, 36.359096 ], [ -76.051492, 36.360158 ], [ -76.052798, 36.3603 ], [ -76.054416, 36.359797 ], [ -76.055997, 36.35819 ], [ -76.055321, 36.355868 ], [ -76.055696, 36.355225 ], [ -76.058379, 36.354361 ], [ -76.05901, 36.352171 ], [ -76.060652, 36.351503 ], [ -76.063958, 36.352033 ], [ -76.064475, 36.350318 ], [ -76.06282, 36.349175 ], [ -76.064227, 36.347308 ], [ -76.066612, 36.348035 ], [ -76.068736, 36.347829 ], [ -76.069292, 36.348457 ], [ -76.068355, 36.349565 ], [ -76.069804, 36.349389 ], [ -76.071876, 36.349971 ], [ -76.07304, 36.349469 ], [ -76.073012, 36.346691 ], [ -76.074133, 36.346139 ], [ -76.075895, 36.346677 ], [ -76.074797, 36.348557 ], [ -76.076846, 36.34838 ], [ -76.078284, 36.347064 ], [ -76.079553, 36.347356 ], [ -76.079089, 36.348347 ], [ -76.080232, 36.348884 ], [ -76.081065, 36.348081 ], [ -76.082698, 36.350458 ], [ -76.083425, 36.349493 ], [ -76.084983, 36.352153 ], [ -76.086143, 36.351615 ], [ -76.085473, 36.350529 ], [ -76.086329, 36.349704 ], [ -76.090549, 36.352124 ], [ -76.093033, 36.350763 ], [ -76.093141, 36.351616 ], [ -76.096755, 36.35194 ], [ -76.097681, 36.353488 ], [ -76.099161, 36.352751 ], [ -76.09914, 36.353822 ], [ -76.101206, 36.353474 ], [ -76.103666, 36.354515 ], [ -76.105605, 36.354331 ], [ -76.108494, 36.355102 ], [ -76.108637, 36.355781 ], [ -76.111088, 36.356142 ], [ -76.112034, 36.357051 ], [ -76.114361, 36.357583 ], [ -76.115589, 36.359266 ], [ -76.117731, 36.363431 ], [ -76.12181, 36.371088 ], [ -76.147626, 36.394463 ], [ -76.148037, 36.394618 ], [ -76.157472, 36.398178 ], [ -76.158532, 36.425333 ], [ -76.164866, 36.430504 ], [ -76.187919, 36.449308 ], [ -76.250507, 36.500283 ], [ -76.313303, 36.55052 ], [ -76.313302917841099, 36.5505512312821 ] ] ] } },
{ "type": "Feature", "properties": { "STATEFP": "37", "COUNTYFP": "131", "COUNTYNS": "01008575", "GEOIDFQ": "0500000US37131", "GEOID": 37131, "NAME": "Northampton", "NAMELSAD": "Northampton County", "STUSPS": "NC", "STATE_NAME": "North Carolina", "LSAD": "06", "ALAND": 1390073545, "AWATER": 35850398, "state": "NC", "county": "Northampton", "fips": 37131, "adult_pop": "13,758", "observed_distress": 16.5, "loneliness_rate": 33.6, "access_to_exercise": 20.29649133, "social_associations_per_10k": 14.145012573000001, "air_pollution": 7.9, "uninsured": 13.56727532, "unemployment_rate": 6.22736138, "providers_per_100k": 81.73273, "log_median_hh_income": 10.609649670173567, "rucc_category": "rural" }, "geometry": { "type": "Polygon", "coordinates": [ [ [ -77.899771, 36.544663 ], [ -77.882357, 36.544737 ], [ -77.882226525128104, 36.544737313419901 ], [ -77.87528, 36.544754 ], [ -77.868066146426699, 36.544798004426397 ], [ -77.829089384990496, 36.545035762236601 ], [ -77.772285282225894, 36.545382266630099 ], [ -77.767123250375406, 36.545413754966901 ], [ -77.749706, 36.54552 ], [ -77.738797878966395, 36.545501190477196 ], [ -77.645558869960993, 36.545340412900401 ], [ -77.587096843767199, 36.545239603346403 ], [ -77.576406941078403, 36.545221170110501 ], [ -77.576129444505995, 36.545220691606602 ], [ -77.498703343497496, 36.545087181168903 ], [ -77.474444770055499, 36.545045350665802 ], [ -77.372709824248005, 36.544869923039101 ], [ -77.296875199755206, 36.544739156879203 ], [ -77.253208070607798, 36.544663859047503 ], [ -77.228679828316601, 36.5446215635383 ], [ -77.205156, 36.544581 ], [ -77.190175, 36.546164 ], [ -77.16966, 36.547315 ], [ -77.1645, 36.54633 ], [ -77.164370064468002, 36.5463052210333 ], [ -77.164127, 36.544436 ], [ -77.162235, 36.543641 ], [ -77.160031, 36.541848 ], [ -77.158259, 36.543173 ], [ -77.157488, 36.542773 ], [ -77.15794, 36.54055 ], [ -77.15648, 36.540029 ], [ -77.155107, 36.541347 ], [ -77.154132, 36.541234 ], [ -77.152737, 36.539679 ], [ -77.150971, 36.540528 ], [ -77.151429, 36.53855 ], [ -77.153394, 36.538501 ], [ -77.153289, 36.537808 ], [ -77.149541, 36.536629 ], [ -77.148685, 36.534142 ], [ -77.150806, 36.53296 ], [ -77.150385, 36.530551 ], [ -77.152553, 36.529781 ], [ -77.151376, 36.528229 ], [ -77.148832, 36.527101 ], [ -77.148354, 36.525031 ], [ -77.144631, 36.524916 ], [ -77.144024, 36.524241 ], [ -77.140423, 36.524435 ], [ -77.13595, 36.523891 ], [ -77.131497, 36.522465 ], [ -77.128725, 36.520067 ], [ -77.127194, 36.518131 ], [ -77.125537, 36.519862 ], [ -77.12263, 36.520457 ], [ -77.121618, 36.519123 ], [ -77.120996, 36.520145 ], [ -77.121935, 36.521798 ], [ -77.121073, 36.522724 ], [ -77.11888, 36.52318 ], [ -77.11775, 36.522099 ], [ -77.11531, 36.522049 ], [ -77.114062, 36.520815 ], [ -77.115103, 36.519852 ], [ -77.114421, 36.518295 ], [ -77.111995, 36.517983 ], [ -77.108291, 36.516745 ], [ -77.103517, 36.516619 ], [ -77.102511, 36.517126 ], [ -77.103863, 36.520783 ], [ -77.10305, 36.521005 ], [ -77.100056, 36.518413 ], [ -77.099055, 36.51702 ], [ -77.095762, 36.516473 ], [ -77.093224, 36.518216 ], [ -77.09246, 36.518034 ], [ -77.089347, 36.516419 ], [ -77.086839, 36.513482 ], [ -77.085223, 36.514149 ], [ -77.083427, 36.513201 ], [ -77.082474, 36.511469 ], [ -77.082864, 36.50701 ], [ -77.081464, 36.508111 ], [ -77.08087, 36.507599 ], [ -77.081337, 36.506307 ], [ -77.085339, 36.504895 ], [ -77.084034, 36.500977 ], [ -77.085432, 36.499961 ], [ -77.081479, 36.497687 ], [ -77.079733, 36.49636 ], [ -77.078111, 36.497614 ], [ -77.077626, 36.496621 ], [ -77.07594, 36.495864 ], [ -77.074209, 36.4966 ], [ -77.075314, 36.498008 ], [ -77.074222, 36.499401 ], [ -77.071563, 36.49742 ], [ -77.070328, 36.49872 ], [ -77.068879, 36.497483 ], [ -77.066452, 36.496968 ], [ -77.067942, 36.495151 ], [ -77.069616, 36.495066 ], [ -77.069632, 36.494094 ], [ -77.06752, 36.492872 ], [ -77.067144, 36.491711 ], [ -77.069382, 36.489351 ], [ -77.068865, 36.487352 ], [ -77.066194, 36.486905 ], [ -77.067531, 36.48436 ], [ -77.066443, 36.482914 ], [ -77.067408, 36.482439 ], [ -77.070021, 36.483616 ], [ -77.071273, 36.48297 ], [ -77.070434, 36.479908 ], [ -77.072528, 36.479504 ], [ -77.074044, 36.480931 ], [ -77.07513, 36.480798 ], [ -77.074116, 36.478641 ], [ -77.074813, 36.478169 ], [ -77.077243, 36.480289 ], [ -77.078052, 36.478879 ], [ -77.079732, 36.478886 ], [ -77.081188, 36.476761 ], [ -77.082945, 36.476612 ], [ -77.081537, 36.475696 ], [ -77.081376, 36.474637 ], [ -77.082663, 36.472848 ], [ -77.083807, 36.472324 ], [ -77.085067, 36.475339 ], [ -77.08628, 36.474967 ], [ -77.087484, 36.473608 ], [ -77.089097, 36.473685 ], [ -77.091502, 36.471751 ], [ -77.093621, 36.472326 ], [ -77.095318, 36.473286 ], [ -77.097122, 36.47693 ], [ -77.09965, 36.479023 ], [ -77.101323, 36.47723 ], [ -77.105021, 36.4773 ], [ -77.105751, 36.476137 ], [ -77.108143, 36.475769 ], [ -77.109882, 36.476357 ], [ -77.111291, 36.477586 ], [ -77.112444, 36.477663 ], [ -77.114585, 36.47389 ], [ -77.117952, 36.473569 ], [ -77.119525, 36.473982 ], [ -77.122959, 36.471218 ], [ -77.123657, 36.469022 ], [ -77.126529, 36.463961 ], [ -77.12833, 36.463616 ], [ -77.132826, 36.460277 ], [ -77.132603, 36.458759 ], [ -77.133488, 36.457859 ], [ -77.13679, 36.456147 ], [ -77.137228, 36.455383 ], [ -77.136507, 36.449229 ], [ -77.136546, 36.447526 ], [ -77.133371, 36.444162 ], [ -77.131508, 36.441268 ], [ -77.131348, 36.437826 ], [ -77.134468, 36.429973 ], [ -77.159534, 36.365772 ], [ -77.178567, 36.316943 ], [ -77.199041, 36.267725 ], [ -77.208606, 36.246838 ], [ -77.208468, 36.246578 ], [ -77.209215, 36.245879 ], [ -77.228799, 36.217387 ], [ -77.228958, 36.214403 ], [ -77.232666, 36.214518 ], [ -77.235681, 36.213974 ], [ -77.24125, 36.215191 ], [ -77.243526, 36.215049 ], [ -77.246327, 36.216267 ], [ -77.247685, 36.217895 ], [ -77.250772, 36.218607 ], [ -77.254916, 36.218474 ], [ -77.257938, 36.217505 ], [ -77.260699, 36.217647 ], [ -77.264064, 36.217183 ], [ -77.266892, 36.215726 ], [ -77.269162, 36.213584 ], [ -77.272029, 36.213511 ], [ -77.274377, 36.214395 ], [ -77.276133, 36.214318 ], [ -77.278446, 36.213088 ], [ -77.284199, 36.212793 ], [ -77.2874, 36.211428 ], [ -77.289493, 36.212768 ], [ -77.290876, 36.212803 ], [ -77.292453, 36.210651 ], [ -77.294809, 36.209936 ], [ -77.29825, 36.207708 ], [ -77.298371, 36.205813 ], [ -77.297368, 36.202334 ], [ -77.294584, 36.199398 ], [ -77.293296, 36.197386 ], [ -77.294861, 36.193856 ], [ -77.295747, 36.193365 ], [ -77.294978, 36.190912 ], [ -77.294936, 36.188907 ], [ -77.296664, 36.187063 ], [ -77.298896, 36.186052 ], [ -77.299161, 36.183026 ], [ -77.299717, 36.181409 ], [ -77.29826, 36.180404 ], [ -77.297638, 36.178328 ], [ -77.295953, 36.175752 ], [ -77.295872, 36.173953 ], [ -77.297861, 36.173439 ], [ -77.298102, 36.172186 ], [ -77.297356, 36.172523 ], [ -77.294256, 36.170382 ], [ -77.293867, 36.169604 ], [ -77.291519, 36.168342 ], [ -77.295256, 36.165748 ], [ -77.299599, 36.164906 ], [ -77.301472, 36.165152 ], [ -77.309029, 36.168179 ], [ -77.311331, 36.16986 ], [ -77.313061, 36.172209 ], [ -77.313362, 36.173858 ], [ -77.312682, 36.176184 ], [ -77.309048, 36.180719 ], [ -77.310621, 36.181348 ], [ -77.313667, 36.181069 ], [ -77.317494, 36.181222 ], [ -77.319386, 36.18179 ], [ -77.321677, 36.183305 ], [ -77.325729, 36.186959 ], [ -77.326643, 36.188174 ], [ -77.32837, 36.191907 ], [ -77.330009, 36.192731 ], [ -77.333003, 36.192592 ], [ -77.338873, 36.190068 ], [ -77.344818, 36.190226 ], [ -77.350971, 36.191532 ], [ -77.353289, 36.193006 ], [ -77.355074, 36.195176 ], [ -77.35787, 36.197459 ], [ -77.359462, 36.198222 ], [ -77.370672, 36.202501 ], [ -77.375711, 36.205195 ], [ -77.383633, 36.208976 ], [ -77.385975, 36.211174 ], [ -77.386424, 36.212664 ], [ -77.386595, 36.213548 ], [ -77.385256, 36.21741 ], [ -77.384041, 36.22002 ], [ -77.38321, 36.22448 ], [ -77.382193, 36.227093 ], [ -77.377566, 36.234582 ], [ -77.376426, 36.238354 ], [ -77.376284, 36.242963 ], [ -77.376934, 36.245047 ], [ -77.377937, 36.246824 ], [ -77.380559, 36.249265 ], [ -77.388493, 36.253452 ], [ -77.405603, 36.261221 ], [ -77.409427, 36.263549 ], [ -77.411062, 36.266675 ], [ -77.412659, 36.273502 ], [ -77.413314, 36.275435 ], [ -77.413481, 36.276981 ], [ -77.412582, 36.283685 ], [ -77.41344, 36.291575 ], [ -77.414418, 36.293472 ], [ -77.416798, 36.295748 ], [ -77.419802, 36.297812 ], [ -77.421648, 36.29961 ], [ -77.425104, 36.303874 ], [ -77.42787, 36.307999 ], [ -77.431198, 36.311229 ], [ -77.432833, 36.312433 ], [ -77.435879, 36.316221 ], [ -77.436877, 36.319641 ], [ -77.438026, 36.321641 ], [ -77.441663, 36.324353 ], [ -77.445886, 36.324888 ], [ -77.448593, 36.324481 ], [ -77.451607, 36.323537 ], [ -77.456899, 36.322581 ], [ -77.461778, 36.322522 ], [ -77.46632, 36.321958 ], [ -77.470753, 36.32013 ], [ -77.472293, 36.319005 ], [ -77.477009, 36.317059 ], [ -77.483157, 36.316654 ], [ -77.485497, 36.315961 ], [ -77.487654, 36.314484 ], [ -77.492527, 36.309432 ], [ -77.495096, 36.308381 ], [ -77.500107, 36.307821 ], [ -77.506852, 36.307202 ], [ -77.522303, 36.306918 ], [ -77.529526, 36.305862 ], [ -77.534678, 36.30434 ], [ -77.541108, 36.303264 ], [ -77.546628, 36.30325 ], [ -77.553858, 36.304518 ], [ -77.556296, 36.305208 ], [ -77.565143, 36.310214 ], [ -77.571386, 36.314086 ], [ -77.573312, 36.317155 ], [ -77.573669, 36.319723 ], [ -77.57468, 36.323671 ], [ -77.577206, 36.328517 ], [ -77.578606, 36.330176 ], [ -77.582797, 36.333032 ], [ -77.585275, 36.334966 ], [ -77.585438, 36.335215 ], [ -77.585599, 36.337344 ], [ -77.584134, 36.340422 ], [ -77.582464, 36.343415 ], [ -77.581444, 36.346709 ], [ -77.579921, 36.350076 ], [ -77.576541, 36.35438 ], [ -77.572016, 36.358028 ], [ -77.568039, 36.359484 ], [ -77.562984, 36.361838 ], [ -77.560554, 36.363615 ], [ -77.558443, 36.366286 ], [ -77.555839, 36.368422 ], [ -77.550076, 36.37016 ], [ -77.547864, 36.371997 ], [ -77.547012, 36.373914 ], [ -77.546127, 36.382075 ], [ -77.545291, 36.386166 ], [ -77.544446, 36.393895 ], [ -77.544941, 36.39622 ], [ -77.546311, 36.399491 ], [ -77.547835, 36.40506 ], [ -77.548632, 36.409588 ], [ -77.550498, 36.414004 ], [ -77.552304, 36.416023 ], [ -77.555275, 36.417964 ], [ -77.562208, 36.419919 ], [ -77.566414, 36.420741 ], [ -77.57275, 36.422986 ], [ -77.580912, 36.424125 ], [ -77.584872, 36.422286 ], [ -77.586398, 36.422039 ], [ -77.589171, 36.423374 ], [ -77.590189, 36.424978 ], [ -77.590727, 36.429326 ], [ -77.591192, 36.430095 ], [ -77.591947, 36.431388 ], [ -77.592782, 36.431757 ], [ -77.596581, 36.434058 ], [ -77.59908, 36.434786 ], [ -77.600093, 36.43476 ], [ -77.600498, 36.435079 ], [ -77.60477, 36.436166 ], [ -77.609632, 36.436746 ], [ -77.612137, 36.438226 ], [ -77.613564, 36.440871 ], [ -77.613864, 36.442073 ], [ -77.616271, 36.444106 ], [ -77.617872, 36.443721 ], [ -77.62132, 36.443185 ], [ -77.625213, 36.445189 ], [ -77.626019, 36.445699 ], [ -77.628318, 36.448482 ], [ -77.630234, 36.449765 ], [ -77.63137, 36.454392 ], [ -77.632998, 36.456681 ], [ -77.634108, 36.461184 ], [ -77.634394, 36.461593 ], [ -77.634483, 36.462084 ], [ -77.636503, 36.468089 ], [ -77.6381, 36.470242 ], [ -77.639565, 36.47501 ], [ -77.640586, 36.47656 ], [ -77.644004, 36.479804 ], [ -77.644367, 36.480228 ], [ -77.645744, 36.480673 ], [ -77.646567, 36.48081 ], [ -77.648863, 36.48149 ], [ -77.661274, 36.479207 ], [ -77.668796, 36.480006 ], [ -77.672106, 36.479136 ], [ -77.672371, 36.479033 ], [ -77.672936, 36.478976 ], [ -77.67742, 36.478895 ], [ -77.68114, 36.479177 ], [ -77.688606, 36.480844 ], [ -77.690437, 36.480869 ], [ -77.694476, 36.4818 ], [ -77.696964, 36.482743 ], [ -77.703748, 36.48454 ], [ -77.704962, 36.485141 ], [ -77.709667, 36.487076 ], [ -77.713885, 36.487272 ], [ -77.716697, 36.48673 ], [ -77.722062, 36.486663 ], [ -77.726493, 36.48749 ], [ -77.730717, 36.486476 ], [ -77.733335, 36.485087 ], [ -77.735702, 36.48334 ], [ -77.742615, 36.479875 ], [ -77.745951, 36.478962 ], [ -77.75109, 36.478813 ], [ -77.75582, 36.479439 ], [ -77.75803, 36.48056 ], [ -77.762216, 36.481981 ], [ -77.766026, 36.482112 ], [ -77.767914, 36.480045 ], [ -77.770089, 36.480547 ], [ -77.771758, 36.481578 ], [ -77.774026, 36.481696 ], [ -77.778925, 36.484361 ], [ -77.785922, 36.48941 ], [ -77.789133, 36.49121 ], [ -77.791976, 36.491875 ], [ -77.792893, 36.491586 ], [ -77.796306, 36.492567 ], [ -77.801915, 36.495342 ], [ -77.805202, 36.497208 ], [ -77.807177, 36.497417 ], [ -77.809345, 36.498339 ], [ -77.814589, 36.499311 ], [ -77.818951, 36.500677 ], [ -77.821446, 36.500971 ], [ -77.822755, 36.500995 ], [ -77.828336, 36.500745 ], [ -77.834314, 36.501156 ], [ -77.840335, 36.502528 ], [ -77.841467, 36.502258 ], [ -77.843447, 36.503363 ], [ -77.845608, 36.503962 ], [ -77.849735, 36.504311 ], [ -77.855108, 36.505593 ], [ -77.858293, 36.506648 ], [ -77.860335, 36.506387 ], [ -77.86396, 36.504825 ], [ -77.865529, 36.503534 ], [ -77.86939, 36.503604 ], [ -77.874037, 36.504838 ], [ -77.876036, 36.506101 ], [ -77.880909, 36.50685 ], [ -77.883685, 36.506231 ], [ -77.884895, 36.506434 ], [ -77.885514, 36.508033 ], [ -77.88905, 36.510878 ], [ -77.891015, 36.511856 ], [ -77.89279, 36.511972 ], [ -77.896165, 36.509469 ], [ -77.897405, 36.507355 ], [ -77.898813, 36.506072 ], [ -77.899524, 36.504259 ], [ -77.899596, 36.507716 ], [ -77.90008, 36.532999 ], [ -77.899771, 36.544663 ] ] ] } },
{ "type": "Feature", "properties": { "STATEFP": "37", "COUNTYFP": "085", "COUNTYNS": "01008560", "GEOIDFQ": "0500000US37085", "GEOID": 37085, "NAME": "Harnett", "NAMELSAD": "Harnett County", "STUSPS": "NC", "STATE_NAME": "North Carolina", "LSAD": "06", "ALAND": 1541213647, "AWATER": 16447759, "state": "NC", "county": "Harnett", "fips": 37085, "adult_pop": "105,764", "observed_distress": 18.1, "loneliness_rate": 33.6, "access_to_exercise": 57.30489339, "social_associations_per_10k": 7.5150666141000002, "air_pollution": 8.5, "uninsured": 15.67402402, "unemployment_rate": 5.2868179, "providers_per_100k": 99.28953, "log_median_hh_income": 11.03005541721757, "rucc_category": "mid" }, "geometry": { "type": "Polygon", "coordinates": [ [ [ -79.221865, 35.269355 ], [ -79.196097, 35.294795 ], [ -79.183556, 35.307161 ], [ -79.168489, 35.322316 ], [ -79.137947, 35.353027 ], [ -79.112814, 35.378264 ], [ -79.108798, 35.382298 ], [ -79.088932, 35.402235 ], [ -79.076874, 35.414329 ], [ -79.076636, 35.414568 ], [ -79.076418, 35.414787 ], [ -79.052729, 35.438531 ], [ -79.046853, 35.44442 ], [ -79.04546, 35.445818 ], [ -79.043648, 35.447631 ], [ -79.01165, 35.479666 ], [ -78.969816, 35.521498 ], [ -78.96964, 35.521669 ], [ -78.968778, 35.522535 ], [ -78.916067, 35.584102 ], [ -78.856528, 35.565451 ], [ -78.854583, 35.564831 ], [ -78.849533, 35.563248 ], [ -78.823627, 35.555154 ], [ -78.81214, 35.551576 ], [ -78.810894, 35.551181 ], [ -78.795701, 35.546469 ], [ -78.792282, 35.545406 ], [ -78.778867, 35.541238 ], [ -78.772336, 35.539199 ], [ -78.760498, 35.535521 ], [ -78.757608, 35.534622 ], [ -78.754911, 35.533782 ], [ -78.754133, 35.533542 ], [ -78.750897, 35.532529 ], [ -78.749007, 35.531941 ], [ -78.744607, 35.530725 ], [ -78.744552, 35.530565 ], [ -78.738234, 35.528597 ], [ -78.736752, 35.528136 ], [ -78.724636, 35.524374 ], [ -78.708902, 35.519458 ], [ -78.70628, 35.51863 ], [ -78.697279, 35.51691 ], [ -78.69039, 35.51584 ], [ -78.689661, 35.515931 ], [ -78.688171, 35.513843 ], [ -78.687835, 35.504208 ], [ -78.686885, 35.501851 ], [ -78.683055, 35.500801 ], [ -78.675492, 35.496376 ], [ -78.672581, 35.495685 ], [ -78.667674, 35.496474 ], [ -78.662145, 35.496292 ], [ -78.660555, 35.496245 ], [ -78.659481, 35.494135 ], [ -78.655722, 35.490304 ], [ -78.653433, 35.483953 ], [ -78.650429, 35.482849 ], [ -78.649861, 35.48005 ], [ -78.650475, 35.476037 ], [ -78.650253, 35.472416 ], [ -78.644416, 35.466163 ], [ -78.640277, 35.462833 ], [ -78.638345, 35.461586 ], [ -78.630469, 35.459762 ], [ -78.62724, 35.45827 ], [ -78.626156, 35.456032 ], [ -78.624373, 35.454493 ], [ -78.621353, 35.450504 ], [ -78.619704, 35.445443 ], [ -78.614601, 35.441952 ], [ -78.614775, 35.44028 ], [ -78.61108, 35.435916 ], [ -78.607183, 35.432118 ], [ -78.607417, 35.430956 ], [ -78.610083, 35.427628 ], [ -78.609946, 35.427192 ], [ -78.605129, 35.422979 ], [ -78.601201, 35.420923 ], [ -78.598773, 35.41826 ], [ -78.597965, 35.413071 ], [ -78.596612, 35.409178 ], [ -78.597278, 35.407878 ], [ -78.596703, 35.405673 ], [ -78.595094, 35.401948 ], [ -78.592699, 35.400036 ], [ -78.592655, 35.3986 ], [ -78.591067, 35.39718 ], [ -78.588239, 35.396224 ], [ -78.585621, 35.396324 ], [ -78.584188, 35.395663 ], [ -78.584105, 35.394169 ], [ -78.579579, 35.392254 ], [ -78.57689, 35.389897 ], [ -78.575401, 35.38913 ], [ -78.574452, 35.388505 ], [ -78.573688, 35.386903 ], [ -78.572501, 35.386482 ], [ -78.571641, 35.383881 ], [ -78.571955, 35.380421 ], [ -78.570813, 35.37955 ], [ -78.57076, 35.377421 ], [ -78.569385, 35.376454 ], [ -78.5681, 35.373418 ], [ -78.569044, 35.372056 ], [ -78.568818, 35.369279 ], [ -78.567564, 35.367813 ], [ -78.563542, 35.366235 ], [ -78.562832, 35.36396 ], [ -78.562661, 35.362223 ], [ -78.55917, 35.361045 ], [ -78.557316, 35.358755 ], [ -78.552182, 35.356684 ], [ -78.548869, 35.353183 ], [ -78.545711, 35.352045 ], [ -78.543493, 35.350502 ], [ -78.542669, 35.349224 ], [ -78.540073, 35.348312 ], [ -78.539654, 35.347142 ], [ -78.535196, 35.345032 ], [ -78.532758, 35.34229 ], [ -78.533582, 35.340643 ], [ -78.530576, 35.337638 ], [ -78.529851, 35.334935 ], [ -78.530179, 35.333915 ], [ -78.532583, 35.331281 ], [ -78.536447, 35.329043 ], [ -78.537645, 35.327059 ], [ -78.537597, 35.325092 ], [ -78.536344, 35.323587 ], [ -78.535594, 35.319934 ], [ -78.536061, 35.318653 ], [ -78.538349, 35.31641 ], [ -78.538718, 35.315801 ], [ -78.542034, 35.314796 ], [ -78.545143, 35.312173 ], [ -78.54894, 35.310632 ], [ -78.55272, 35.310377 ], [ -78.5555, 35.309553 ], [ -78.557929, 35.306897 ], [ -78.55974, 35.305863 ], [ -78.55756, 35.304797 ], [ -78.559818, 35.304506 ], [ -78.561666, 35.304924 ], [ -78.564113, 35.304479 ], [ -78.570366, 35.302049 ], [ -78.571587, 35.300304 ], [ -78.572491, 35.297787 ], [ -78.576293, 35.295968 ], [ -78.578204, 35.297226 ], [ -78.581756, 35.298167 ], [ -78.583451, 35.296779 ], [ -78.582944, 35.295473 ], [ -78.582948, 35.295458 ], [ -78.582968, 35.295418 ], [ -78.585154, 35.29334 ], [ -78.583322, 35.291453 ], [ -78.584073, 35.289009 ], [ -78.583701, 35.287782 ], [ -78.585483, 35.284191 ], [ -78.584391, 35.282619 ], [ -78.584442, 35.2809 ], [ -78.58318, 35.278715 ], [ -78.584076, 35.277882 ], [ -78.583507, 35.275821 ], [ -78.584639, 35.273312 ], [ -78.586132, 35.272108 ], [ -78.589482, 35.2706 ], [ -78.593657, 35.26711 ], [ -78.599523, 35.264029 ], [ -78.599683, 35.263249 ], [ -78.598669, 35.261229 ], [ -78.5998, 35.258716 ], [ -78.601485, 35.257588 ], [ -78.603084, 35.257856 ], [ -78.608897, 35.254051 ], [ -78.610642, 35.251354 ], [ -78.613248, 35.249371 ], [ -78.613637, 35.248219 ], [ -78.617114, 35.245718 ], [ -78.630443, 35.247412 ], [ -78.643685, 35.249142 ], [ -78.68955, 35.255065 ], [ -78.689642, 35.255067 ], [ -78.70274, 35.256815 ], [ -78.703102, 35.25685 ], [ -78.705153, 35.256993 ], [ -78.707113, 35.259001 ], [ -78.708556, 35.259004 ], [ -78.712171, 35.257635 ], [ -78.712982, 35.259491 ], [ -78.715367, 35.260266 ], [ -78.718179, 35.259719 ], [ -78.719514, 35.261001 ], [ -78.720069, 35.264433 ], [ -78.721761, 35.265513 ], [ -78.723356, 35.265476 ], [ -78.725948, 35.266905 ], [ -78.728918, 35.264877 ], [ -78.729862, 35.263388 ], [ -78.733672, 35.262744 ], [ -78.736493, 35.261663 ], [ -78.741096, 35.263818 ], [ -78.743577, 35.263335 ], [ -78.745595, 35.263653 ], [ -78.747442, 35.262842 ], [ -78.749825, 35.263462 ], [ -78.750197, 35.261565 ], [ -78.75371, 35.259781 ], [ -78.754501, 35.260307 ], [ -78.75404, 35.262974 ], [ -78.754644, 35.263518 ], [ -78.756105, 35.263941 ], [ -78.75753, 35.263505 ], [ -78.758324, 35.261696 ], [ -78.760624, 35.262371 ], [ -78.759668, 35.263766 ], [ -78.762995, 35.26316 ], [ -78.760989, 35.261619 ], [ -78.763879, 35.261278 ], [ -78.764086, 35.258892 ], [ -78.764694, 35.258351 ], [ -78.766861, 35.258378 ], [ -78.769854, 35.25956 ], [ -78.770466, 35.261651 ], [ -78.771187, 35.262127 ], [ -78.774911, 35.26233 ], [ -78.777737, 35.26354 ], [ -78.78047, 35.262418 ], [ -78.780573, 35.261204 ], [ -78.782169, 35.260999 ], [ -78.783743, 35.262526 ], [ -78.78262, 35.263796 ], [ -78.786966, 35.263618 ], [ -78.788864, 35.26449 ], [ -78.793447, 35.265976 ], [ -78.795732, 35.26572 ], [ -78.797987, 35.264465 ], [ -78.798209, 35.262467 ], [ -78.799361, 35.261962 ], [ -78.801093, 35.262992 ], [ -78.802576, 35.261703 ], [ -78.802751, 35.260038 ], [ -78.804742, 35.257204 ], [ -78.806884, 35.256787 ], [ -78.808658, 35.258337 ], [ -78.810779, 35.257396 ], [ -78.812162, 35.257768 ], [ -78.814125, 35.259591 ], [ -78.815775, 35.260196 ], [ -78.819427, 35.260461 ], [ -78.823051, 35.259804 ], [ -78.824942, 35.259613 ], [ -78.826418, 35.258624 ], [ -78.827725, 35.255669 ], [ -78.829686, 35.255087 ], [ -78.83109, 35.255636 ], [ -78.833226, 35.254866 ], [ -78.833751, 35.252927 ], [ -78.835003, 35.252354 ], [ -78.838099, 35.25388 ], [ -78.839517, 35.253899 ], [ -78.840942, 35.25279 ], [ -78.844307, 35.252517 ], [ -78.845624, 35.253052 ], [ -78.847475, 35.252808 ], [ -78.848364, 35.250072 ], [ -78.854503, 35.248382 ], [ -78.855583, 35.246819 ], [ -78.857305, 35.245585 ], [ -78.859239, 35.242861 ], [ -78.860606, 35.242505 ], [ -78.862721, 35.243573 ], [ -78.867507, 35.245015 ], [ -78.870848, 35.244072 ], [ -78.876057, 35.241536 ], [ -78.876491, 35.240948 ], [ -78.875961, 35.239099 ], [ -78.873979, 35.236784 ], [ -78.875552, 35.233693 ], [ -78.87839, 35.231602 ], [ -78.880408, 35.23044 ], [ -78.883043, 35.230005 ], [ -78.887743, 35.23083 ], [ -78.889144, 35.230599 ], [ -78.891213, 35.229164 ], [ -78.89308, 35.228645 ], [ -78.894363, 35.229577 ], [ -78.89738, 35.229977 ], [ -78.898329, 35.23099 ], [ -78.89978, 35.229897 ], [ -78.902616, 35.228722 ], [ -78.905435, 35.226972 ], [ -78.908286, 35.226304 ], [ -78.910654, 35.226388 ], [ -78.912121, 35.225704 ], [ -78.913907, 35.223954 ], [ -78.916632, 35.223729 ], [ -78.918252, 35.221549 ], [ -78.920678, 35.220249 ], [ -78.921594, 35.220688 ], [ -78.921676, 35.222454 ], [ -78.923725, 35.22381 ], [ -78.925175, 35.223838 ], [ -78.925492, 35.221902 ], [ -78.927144, 35.221677 ], [ -78.92965, 35.222316 ], [ -78.930075, 35.221414 ], [ -78.932456, 35.220859 ], [ -78.935534, 35.218734 ], [ -78.938523, 35.218996 ], [ -78.941816, 35.219276 ], [ -78.971852, 35.215783 ], [ -78.978524, 35.215207 ], [ -78.982463, 35.214941 ], [ -78.982902, 35.214911 ], [ -78.995738, 35.213876 ], [ -78.997687, 35.214093 ], [ -79.01123, 35.211294 ], [ -79.046124, 35.203457 ], [ -79.095808, 35.192068 ], [ -79.100437, 35.196151 ], [ -79.102985, 35.197304 ], [ -79.120088, 35.204418 ], [ -79.120492, 35.204844 ], [ -79.122789, 35.205296 ], [ -79.124678, 35.206219 ], [ -79.131138, 35.207072 ], [ -79.134639, 35.206824 ], [ -79.137945, 35.211406 ], [ -79.140607, 35.211528 ], [ -79.146174, 35.213313 ], [ -79.150586, 35.213336 ], [ -79.151636, 35.213999 ], [ -79.154164, 35.220386 ], [ -79.1542, 35.222903 ], [ -79.153661, 35.228328 ], [ -79.153881, 35.229226 ], [ -79.156498, 35.231615 ], [ -79.159188, 35.233003 ], [ -79.160819, 35.235962 ], [ -79.16235, 35.238008 ], [ -79.164663, 35.239738 ], [ -79.165108, 35.240925 ], [ -79.170998, 35.242949 ], [ -79.177675, 35.247322 ], [ -79.181148, 35.248041 ], [ -79.186006, 35.247332 ], [ -79.187209, 35.24741 ], [ -79.19375, 35.25023 ], [ -79.195173, 35.25126 ], [ -79.201902, 35.257737 ], [ -79.20294, 35.258391 ], [ -79.212936, 35.262634 ], [ -79.217371, 35.265566 ], [ -79.223021, 35.268133 ], [ -79.221865, 35.269355 ] ] ] } },
{ "type": "Feature", "properties": { "STATEFP": "37", "COUNTYFP": "065", "COUNTYNS": "01008551", "GEOIDFQ": "0500000US37065", "GEOID": 37065, "NAME": "Edgecombe", "NAMELSAD": "Edgecombe County", "STUSPS": "NC", "STATE_NAME": "North Carolina", "LSAD": "06", "ALAND": 1309073899, "AWATER": 3706145, "state": "NC", "county": "Edgecombe", "fips": 37065, "adult_pop": "37,653", "observed_distress": 18.2, "loneliness_rate": 34.8, "access_to_exercise": 67.87116564, "social_associations_per_10k": 11.607546873, "air_pollution": 7.7, "uninsured": 14.29974536, "unemployment_rate": 8.53405726, "providers_per_100k": 70.30749, "log_median_hh_income": 10.625149300994275, "rucc_category": "metro" }, "geometry": { "type": "Polygon", "coordinates": [ [ [ -77.828444, 35.867208 ], [ -77.825886, 35.871879 ], [ -77.820998, 35.880958 ], [ -77.818604, 35.886402 ], [ -77.81657, 35.891265 ], [ -77.814158, 35.897102 ], [ -77.80906, 35.90933 ], [ -77.806132, 35.916361 ], [ -77.804189, 35.920994 ], [ -77.801547, 35.927312 ], [ -77.798795, 35.933925 ], [ -77.797878, 35.936208 ], [ -77.79452, 35.944175 ], [ -77.791967, 35.950321 ], [ -77.789654, 35.955886 ], [ -77.788478, 35.958677 ], [ -77.777751, 35.984635 ], [ -77.775993, 35.991292 ], [ -77.774097, 35.99874 ], [ -77.771789, 36.0067 ], [ -77.767681, 36.014495 ], [ -77.767354, 36.015092 ], [ -77.758799, 36.030553 ], [ -77.753788, 36.03967 ], [ -77.751607, 36.043611 ], [ -77.746841, 36.052278 ], [ -77.746617, 36.052663 ], [ -77.741924, 36.06112 ], [ -77.732998, 36.074763 ], [ -77.71701, 36.099009 ], [ -77.716962, 36.099081 ], [ -77.709667, 36.110149 ], [ -77.708627, 36.111916 ], [ -77.708522, 36.112106 ], [ -77.706966, 36.115503 ], [ -77.705821, 36.119389 ], [ -77.705387, 36.122198 ], [ -77.70404, 36.142517 ], [ -77.703187, 36.146312 ], [ -77.701113, 36.149964 ], [ -77.697956, 36.15315 ], [ -77.696663, 36.15204 ], [ -77.694113, 36.151146 ], [ -77.69177, 36.15094 ], [ -77.688841, 36.151638 ], [ -77.686524, 36.153149 ], [ -77.685065, 36.151689 ], [ -77.682723, 36.151456 ], [ -77.682951, 36.153403 ], [ -77.680904, 36.15325 ], [ -77.680021, 36.154487 ], [ -77.678533, 36.154373 ], [ -77.677895, 36.153808 ], [ -77.679109, 36.151343 ], [ -77.678588, 36.15061 ], [ -77.675664, 36.150556 ], [ -77.674044, 36.149073 ], [ -77.672551, 36.148849 ], [ -77.672067, 36.14793 ], [ -77.673877, 36.146927 ], [ -77.673479, 36.146086 ], [ -77.67606, 36.145337 ], [ -77.676553, 36.143624 ], [ -77.674364, 36.142898 ], [ -77.671823, 36.14313 ], [ -77.672373, 36.141886 ], [ -77.67157, 36.14049 ], [ -77.669137, 36.139898 ], [ -77.668773, 36.13909 ], [ -77.670598, 36.138943 ], [ -77.670076, 36.137147 ], [ -77.668087, 36.137759 ], [ -77.667155, 36.136655 ], [ -77.666628, 36.138555 ], [ -77.665079, 36.138522 ], [ -77.6637, 36.136119 ], [ -77.662885, 36.136105 ], [ -77.662074, 36.138074 ], [ -77.659671, 36.138077 ], [ -77.659659, 36.1369 ], [ -77.658655, 36.138103 ], [ -77.656543, 36.138873 ], [ -77.655171, 36.138775 ], [ -77.655565, 36.13709 ], [ -77.652334, 36.137734 ], [ -77.652402, 36.136321 ], [ -77.65094, 36.135306 ], [ -77.650244, 36.13629 ], [ -77.650876, 36.137702 ], [ -77.649566, 36.13804 ], [ -77.648293, 36.13701 ], [ -77.643976, 36.138135 ], [ -77.64344, 36.135465 ], [ -77.641202, 36.134734 ], [ -77.64086, 36.133231 ], [ -77.638093, 36.132769 ], [ -77.636371, 36.131774 ], [ -77.636272, 36.13025 ], [ -77.635412, 36.12948 ], [ -77.636605, 36.127764 ], [ -77.634401, 36.127082 ], [ -77.633853, 36.128356 ], [ -77.631628, 36.126667 ], [ -77.632082, 36.124564 ], [ -77.630508, 36.12405 ], [ -77.631333, 36.122621 ], [ -77.629592, 36.122464 ], [ -77.629577, 36.120598 ], [ -77.631338, 36.119532 ], [ -77.631059, 36.118756 ], [ -77.629025, 36.119253 ], [ -77.628936, 36.117012 ], [ -77.630148, 36.115565 ], [ -77.629287, 36.11466 ], [ -77.627236, 36.115081 ], [ -77.628145, 36.113692 ], [ -77.627332, 36.113093 ], [ -77.625911, 36.111617 ], [ -77.62551, 36.115112 ], [ -77.624619, 36.112019 ], [ -77.622902, 36.111589 ], [ -77.622426, 36.110763 ], [ -77.620996, 36.11212 ], [ -77.619346, 36.110432 ], [ -77.617466, 36.110692 ], [ -77.614574, 36.109473 ], [ -77.611994, 36.110446 ], [ -77.610645, 36.110255 ], [ -77.610517, 36.11127 ], [ -77.608987, 36.110689 ], [ -77.608452, 36.10995 ], [ -77.610269, 36.107733 ], [ -77.607949, 36.108144 ], [ -77.6056, 36.11041 ], [ -77.604463, 36.108372 ], [ -77.604742, 36.107346 ], [ -77.602703, 36.106386 ], [ -77.600475, 36.106333 ], [ -77.599589, 36.104091 ], [ -77.598458, 36.1039 ], [ -77.59574, 36.102194 ], [ -77.596545, 36.100961 ], [ -77.594519, 36.101022 ], [ -77.593948, 36.102052 ], [ -77.593934, 36.104407 ], [ -77.591875, 36.103029 ], [ -77.59245, 36.101991 ], [ -77.590628, 36.102069 ], [ -77.589579, 36.103789 ], [ -77.587538, 36.101831 ], [ -77.586892, 36.103305 ], [ -77.584522, 36.10247 ], [ -77.586233, 36.10176 ], [ -77.585982, 36.100278 ], [ -77.583696, 36.101586 ], [ -77.582626, 36.101427 ], [ -77.581778, 36.099455 ], [ -77.581077, 36.100224 ], [ -77.57911, 36.100588 ], [ -77.579815, 36.098565 ], [ -77.578822, 36.097982 ], [ -77.57749, 36.098692 ], [ -77.576752, 36.097902 ], [ -77.576239, 36.099882 ], [ -77.574243, 36.099781 ], [ -77.574717, 36.098173 ], [ -77.573532, 36.098573 ], [ -77.569533, 36.097348 ], [ -77.569968, 36.098177 ], [ -77.56492, 36.097666 ], [ -77.562719, 36.09712 ], [ -77.56311, 36.096298 ], [ -77.561854, 36.094837 ], [ -77.56013, 36.094465 ], [ -77.558916, 36.095417 ], [ -77.557482, 36.095447 ], [ -77.557837, 36.097216 ], [ -77.556104, 36.096734 ], [ -77.555725, 36.097971 ], [ -77.553585, 36.097975 ], [ -77.552924, 36.099996 ], [ -77.551973, 36.098867 ], [ -77.546111, 36.097241 ], [ -77.541587, 36.095262 ], [ -77.54114, 36.096228 ], [ -77.538352, 36.093833 ], [ -77.539192, 36.093202 ], [ -77.538546, 36.091088 ], [ -77.53654, 36.091315 ], [ -77.535708, 36.092115 ], [ -77.53361, 36.091183 ], [ -77.533161, 36.090659 ], [ -77.534373, 36.088713 ], [ -77.534194, 36.087034 ], [ -77.532961, 36.08574 ], [ -77.533585, 36.084881 ], [ -77.531491, 36.08377 ], [ -77.533073, 36.081262 ], [ -77.533537, 36.082045 ], [ -77.534924, 36.081478 ], [ -77.533608, 36.080329 ], [ -77.535924, 36.080212 ], [ -77.534391, 36.078945 ], [ -77.534489, 36.077974 ], [ -77.535724, 36.078021 ], [ -77.534647, 36.076955 ], [ -77.532829, 36.077128 ], [ -77.532658, 36.075554 ], [ -77.53149, 36.076188 ], [ -77.530689, 36.075274 ], [ -77.532195, 36.07469 ], [ -77.531146, 36.074273 ], [ -77.530455, 36.07279 ], [ -77.528072, 36.073426 ], [ -77.527799, 36.071916 ], [ -77.526614, 36.07127 ], [ -77.526798, 36.069943 ], [ -77.525631, 36.069427 ], [ -77.527101, 36.06846 ], [ -77.528352, 36.069389 ], [ -77.531383, 36.067583 ], [ -77.533671, 36.065815 ], [ -77.53574, 36.063449 ], [ -77.536817, 36.063414 ], [ -77.537928, 36.064836 ], [ -77.53923, 36.064512 ], [ -77.540136, 36.060828 ], [ -77.538367, 36.059174 ], [ -77.538179, 36.057968 ], [ -77.536277, 36.056466 ], [ -77.535692, 36.055122 ], [ -77.534284, 36.054684 ], [ -77.532404, 36.056135 ], [ -77.532492, 36.054581 ], [ -77.531415, 36.053483 ], [ -77.533415, 36.053167 ], [ -77.533567, 36.052439 ], [ -77.531444, 36.049725 ], [ -77.529976, 36.050637 ], [ -77.529159, 36.047379 ], [ -77.526616, 36.046506 ], [ -77.526237, 36.047489 ], [ -77.524573, 36.046516 ], [ -77.523863, 36.047093 ], [ -77.52262, 36.045093 ], [ -77.524135, 36.044127 ], [ -77.523737, 36.041331 ], [ -77.524562, 36.039996 ], [ -77.528072, 36.041156 ], [ -77.529304, 36.039421 ], [ -77.526809, 36.039245 ], [ -77.52666, 36.037574 ], [ -77.524704, 36.037801 ], [ -77.523134, 36.038625 ], [ -77.521198, 36.038796 ], [ -77.518182, 36.038014 ], [ -77.517646, 36.036775 ], [ -77.477021, 36.037796 ], [ -77.474851, 36.037775 ], [ -77.470992, 36.035772 ], [ -77.470131, 36.033307 ], [ -77.467385, 36.031622 ], [ -77.464329, 36.031322 ], [ -77.459854, 36.030302 ], [ -77.456657, 36.030265 ], [ -77.453743, 36.029446 ], [ -77.446719, 36.024375 ], [ -77.442262, 36.022692 ], [ -77.439301, 36.021212 ], [ -77.438152, 36.019909 ], [ -77.437797, 36.019095 ], [ -77.438197, 36.017998 ], [ -77.440552, 36.016813 ], [ -77.441515, 36.014938 ], [ -77.435177, 36.013183 ], [ -77.433634, 36.010681 ], [ -77.431786, 36.008846 ], [ -77.43001, 36.007923 ], [ -77.427935, 36.005281 ], [ -77.424538, 36.003945 ], [ -77.421138, 36.003609 ], [ -77.417238, 36.004226 ], [ -77.412854, 36.005488 ], [ -77.410858, 36.005435 ], [ -77.410468, 36.006305 ], [ -77.408538, 36.006995 ], [ -77.4068, 36.005572 ], [ -77.404723, 36.005703 ], [ -77.402614, 36.004966 ], [ -77.4092, 35.998688 ], [ -77.394778, 35.978526 ], [ -77.358405, 35.927677 ], [ -77.350421, 35.916469 ], [ -77.342418, 35.905262 ], [ -77.344415, 35.875328 ], [ -77.345986, 35.873898 ], [ -77.347669, 35.870691 ], [ -77.348184, 35.868907 ], [ -77.349342, 35.867593 ], [ -77.349855, 35.854879 ], [ -77.350369, 35.819228 ], [ -77.375902, 35.828109 ], [ -77.390154, 35.833062 ], [ -77.391308, 35.8293 ], [ -77.394403, 35.826566 ], [ -77.397113, 35.825192 ], [ -77.401868, 35.826099 ], [ -77.409614, 35.826404 ], [ -77.412188, 35.825262 ], [ -77.413851, 35.823367 ], [ -77.413963, 35.818168 ], [ -77.416412, 35.813608 ], [ -77.418186, 35.810946 ], [ -77.422499, 35.808409 ], [ -77.423881, 35.806287 ], [ -77.424989, 35.80555 ], [ -77.429228, 35.805248 ], [ -77.433403, 35.806801 ], [ -77.440706, 35.80716 ], [ -77.444447, 35.808716 ], [ -77.446379, 35.808591 ], [ -77.448912, 35.806827 ], [ -77.452289, 35.7999 ], [ -77.472286, 35.801095 ], [ -77.516261, 35.761334 ], [ -77.516738, 35.761089 ], [ -77.545536, 35.746076 ], [ -77.561225, 35.73689 ], [ -77.580911, 35.725188 ], [ -77.624074, 35.69907 ], [ -77.645348, 35.686347 ], [ -77.665131, 35.674935 ], [ -77.674837, 35.689104 ], [ -77.718414, 35.728802 ], [ -77.719285, 35.731198 ], [ -77.726329, 35.750812 ], [ -77.732324, 35.767518 ], [ -77.73823, 35.783964 ], [ -77.75042, 35.817878 ], [ -77.749566, 35.821687 ], [ -77.751238, 35.825577 ], [ -77.751339, 35.827794 ], [ -77.768006, 35.836753 ], [ -77.806611, 35.857468 ], [ -77.819358, 35.861021 ], [ -77.820251, 35.861249 ], [ -77.822459, 35.86225 ], [ -77.823775, 35.863355 ], [ -77.824272, 35.863805 ], [ -77.827692, 35.86688 ], [ -77.828444, 35.867208 ] ] ] } },
{ "type": "Feature", "properties": { "STATEFP": "37", "COUNTYFP": "117", "COUNTYNS": "01026328", "GEOIDFQ": "0500000US37117", "GEOID": 37117, "NAME": "Martin", "NAMELSAD": "Martin County", "STUSPS": "NC", "STATE_NAME": "North Carolina", "LSAD": "06", "ALAND": 1182102539, "AWATER": 746610, "state": "NC", "county": "Martin", "fips": 37117, "adult_pop": "17,125", "observed_distress": 17.5, "loneliness_rate": 34.6, "access_to_exercise": 55.34928056, "social_associations_per_10k": 15.33050771, "air_pollution": 7.0, "uninsured": 14.8120111, "unemployment_rate": 5.53556922, "providers_per_100k": 105.72768, "log_median_hh_income": 10.675006815282412, "rucc_category": "mid" }, "geometry": { "type": "Polygon", "coordinates": [ [ [ -77.402614, 36.004966 ], [ -77.384762, 36.021812 ], [ -77.339279, 36.064707 ], [ -77.339809, 36.066184 ], [ -77.331426, 36.068078 ], [ -77.329801, 36.069472 ], [ -77.329674, 36.070823 ], [ -77.327569, 36.071361 ], [ -77.326668, 36.067205 ], [ -77.324958, 36.063787 ], [ -77.322874, 36.058598 ], [ -77.321902, 36.057315 ], [ -77.318651, 36.055428 ], [ -77.315573, 36.054297 ], [ -77.305438, 36.050052 ], [ -77.301005, 36.048463 ], [ -77.29279, 36.045085 ], [ -77.290096, 36.04372 ], [ -77.2858, 36.040894 ], [ -77.279565, 36.037309 ], [ -77.27447, 36.033697 ], [ -77.269122, 36.031616 ], [ -77.26462, 36.030502 ], [ -77.255535, 36.025837 ], [ -77.253038, 36.024889 ], [ -77.247489, 36.023482 ], [ -77.242084, 36.02169 ], [ -77.234714, 36.018044 ], [ -77.230515, 36.015577 ], [ -77.227638, 36.014927 ], [ -77.219634, 36.015391 ], [ -77.217223, 36.01519 ], [ -77.215286, 36.013797 ], [ -77.211884, 36.010508 ], [ -77.206278, 36.006782 ], [ -77.205817, 36.005323 ], [ -77.208452, 35.999997 ], [ -77.211235, 35.996963 ], [ -77.212668, 35.995102 ], [ -77.213328, 35.992533 ], [ -77.212404, 35.990894 ], [ -77.20941, 35.990961 ], [ -77.206782, 35.992914 ], [ -77.203453, 35.993501 ], [ -77.196664, 35.992917 ], [ -77.195918, 35.992035 ], [ -77.195475, 35.989802 ], [ -77.194277, 35.987496 ], [ -77.19248, 35.985768 ], [ -77.192495, 35.984683 ], [ -77.195576, 35.983802 ], [ -77.196586, 35.982725 ], [ -77.194284, 35.976558 ], [ -77.192635, 35.97504 ], [ -77.190268, 35.973678 ], [ -77.19252, 35.97069 ], [ -77.195742, 35.96876 ], [ -77.196448, 35.967582 ], [ -77.196042, 35.965239 ], [ -77.193717, 35.962771 ], [ -77.190828, 35.96084 ], [ -77.192432, 35.960465 ], [ -77.196367, 35.963032 ], [ -77.197557, 35.961893 ], [ -77.195366, 35.960257 ], [ -77.189188, 35.958424 ], [ -77.188858, 35.956725 ], [ -77.19076, 35.956698 ], [ -77.194936, 35.957666 ], [ -77.197945, 35.957578 ], [ -77.199619, 35.956315 ], [ -77.199031, 35.954973 ], [ -77.195138, 35.951717 ], [ -77.194215, 35.949717 ], [ -77.19501, 35.948997 ], [ -77.195952, 35.948997 ], [ -77.199542, 35.950876 ], [ -77.200568, 35.950961 ], [ -77.201938, 35.949817 ], [ -77.20233, 35.947713 ], [ -77.202282, 35.947418 ], [ -77.201016, 35.945474 ], [ -77.19967, 35.942084 ], [ -77.198952, 35.939961 ], [ -77.198401, 35.939087 ], [ -77.197078, 35.937738 ], [ -77.192774, 35.935242 ], [ -77.188771, 35.932361 ], [ -77.185816, 35.930874 ], [ -77.182565, 35.929962 ], [ -77.177825, 35.929041 ], [ -77.173289, 35.928945 ], [ -77.170359, 35.929737 ], [ -77.16894, 35.932657 ], [ -77.166995, 35.935715 ], [ -77.164654, 35.937345 ], [ -77.162831, 35.937666 ], [ -77.158064, 35.937176 ], [ -77.153751, 35.936289 ], [ -77.151084, 35.936067 ], [ -77.146927, 35.936193 ], [ -77.145068, 35.935885 ], [ -77.142995, 35.934404 ], [ -77.140777, 35.934022 ], [ -77.138753, 35.934883 ], [ -77.135902, 35.937077 ], [ -77.133861, 35.939443 ], [ -77.13211, 35.940706 ], [ -77.130876, 35.940756 ], [ -77.129164, 35.939239 ], [ -77.127809, 35.935991 ], [ -77.126534, 35.928919 ], [ -77.124916, 35.926685 ], [ -77.12165, 35.925826 ], [ -77.119874, 35.926151 ], [ -77.117821, 35.928198 ], [ -77.116387, 35.92904 ], [ -77.113365, 35.928865 ], [ -77.111234, 35.927521 ], [ -77.110242, 35.927921 ], [ -77.107564, 35.931526 ], [ -77.105486, 35.932965 ], [ -77.102922, 35.933341 ], [ -77.101172, 35.932578 ], [ -77.098505, 35.928986 ], [ -77.095798, 35.927089 ], [ -77.094005, 35.92479 ], [ -77.092981, 35.924902 ], [ -77.091687, 35.926417 ], [ -77.092073, 35.928374 ], [ -77.088797, 35.928963 ], [ -77.087706, 35.930225 ], [ -77.087031, 35.932166 ], [ -77.085007, 35.931334 ], [ -77.082366, 35.931645 ], [ -77.081273, 35.933003 ], [ -77.081032, 35.934886 ], [ -77.081369, 35.937227 ], [ -77.080455, 35.937628 ], [ -77.078598, 35.936384 ], [ -77.07541, 35.934894 ], [ -77.071484, 35.934704 ], [ -77.067992, 35.936088 ], [ -77.066747, 35.937188 ], [ -77.066859, 35.939077 ], [ -77.06907, 35.940328 ], [ -77.071067, 35.942311 ], [ -77.070774, 35.943756 ], [ -77.068876, 35.943491 ], [ -77.064212, 35.939643 ], [ -77.060936, 35.938567 ], [ -77.05928, 35.938765 ], [ -77.057605, 35.939762 ], [ -77.055752, 35.94162 ], [ -77.055842, 35.944404 ], [ -77.054575, 35.9448 ], [ -77.052234, 35.944059 ], [ -77.047011, 35.944262 ], [ -77.045004, 35.943911 ], [ -77.042882, 35.942278 ], [ -77.04221, 35.939196 ], [ -77.041018, 35.936458 ], [ -77.039292, 35.93144 ], [ -77.037987, 35.930172 ], [ -77.035646, 35.929462 ], [ -77.032505, 35.929316 ], [ -77.029698, 35.930006 ], [ -77.027544, 35.929683 ], [ -77.02811, 35.92579 ], [ -77.031684, 35.91945 ], [ -77.031843, 35.917789 ], [ -77.030762, 35.917004 ], [ -77.028059, 35.91824 ], [ -77.027254, 35.917787 ], [ -77.027519, 35.914513 ], [ -77.026614, 35.909835 ], [ -77.027272, 35.90863 ], [ -77.030613, 35.905358 ], [ -77.02985, 35.90445 ], [ -77.027528, 35.904572 ], [ -77.025254, 35.902776 ], [ -77.024254, 35.900297 ], [ -77.024382, 35.898251 ], [ -77.025353, 35.897115 ], [ -77.025505, 35.89571 ], [ -77.024694, 35.893554 ], [ -77.022161, 35.891082 ], [ -77.022771, 35.89026 ], [ -77.024539, 35.890257 ], [ -77.028127, 35.892938 ], [ -77.030599, 35.893042 ], [ -77.032142, 35.892619 ], [ -77.034534, 35.891186 ], [ -77.037494, 35.890626 ], [ -77.037485, 35.889378 ], [ -77.036527, 35.886771 ], [ -77.034385, 35.884402 ], [ -77.031676, 35.882727 ], [ -77.031293, 35.880705 ], [ -77.036231, 35.877938 ], [ -77.037991, 35.876655 ], [ -77.03969, 35.874603 ], [ -77.042282, 35.875159 ], [ -77.044395, 35.875538 ], [ -77.04546, 35.874759 ], [ -77.045099, 35.873442 ], [ -77.041056, 35.870114 ], [ -77.040456, 35.868953 ], [ -77.040712, 35.866462 ], [ -77.042134, 35.864533 ], [ -77.044087, 35.863525 ], [ -77.044648, 35.862076 ], [ -77.044259, 35.861676 ], [ -77.043243, 35.861038 ], [ -77.04006, 35.859728 ], [ -77.035613, 35.857502 ], [ -77.034914, 35.857387 ], [ -77.030998, 35.857348 ], [ -77.028788, 35.857793 ], [ -77.023869, 35.859824 ], [ -77.021823, 35.860236 ], [ -77.017609, 35.862058 ], [ -77.014964, 35.862655 ], [ -77.010849, 35.862268 ], [ -77.008826, 35.861499 ], [ -77.008071, 35.860584 ], [ -77.007343, 35.859523 ], [ -77.00525, 35.858433 ], [ -77.00358, 35.85927 ], [ -77.000614, 35.861776 ], [ -76.99802, 35.863337 ], [ -76.994756, 35.863539 ], [ -76.991693, 35.865088 ], [ -76.989512, 35.867516 ], [ -76.988326, 35.869384 ], [ -76.987804, 35.871422 ], [ -76.987969, 35.875839 ], [ -76.986649, 35.876809 ], [ -76.983988, 35.876414 ], [ -76.981089, 35.872751 ], [ -76.97946, 35.873683 ], [ -76.979533, 35.875508 ], [ -76.975015, 35.878664 ], [ -76.972676, 35.879521 ], [ -76.971583, 35.880814 ], [ -76.968243, 35.882422 ], [ -76.96188, 35.88238 ], [ -76.958909, 35.883354 ], [ -76.957747, 35.884262 ], [ -76.957779, 35.886118 ], [ -76.953323, 35.889882 ], [ -76.949788, 35.89139 ], [ -76.947176, 35.893682 ], [ -76.946784, 35.89521 ], [ -76.947206, 35.897137 ], [ -76.943698, 35.899125 ], [ -76.940937, 35.901094 ], [ -76.93904, 35.90151 ], [ -76.931412, 35.900197 ], [ -76.928666, 35.900022 ], [ -76.923248, 35.898331 ], [ -76.921344, 35.897499 ], [ -76.917981, 35.895362 ], [ -76.916343, 35.893383 ], [ -76.912953, 35.884688 ], [ -76.910459, 35.88087 ], [ -76.905553, 35.877748 ], [ -76.904078, 35.875482 ], [ -76.903355, 35.870031 ], [ -76.902067, 35.868218 ], [ -76.899819, 35.86706 ], [ -76.89514, 35.865763 ], [ -76.893027, 35.863967 ], [ -76.894022, 35.861937 ], [ -76.899837, 35.858465 ], [ -76.900328, 35.856544 ], [ -76.897295, 35.850861 ], [ -76.89725, 35.849581 ], [ -76.898154, 35.848029 ], [ -76.901651, 35.844922 ], [ -76.903494, 35.837436 ], [ -76.901628, 35.835229 ], [ -76.895701, 35.833655 ], [ -76.894243, 35.83235 ], [ -76.893894, 35.830712 ], [ -76.894716, 35.829287 ], [ -76.896204, 35.827905 ], [ -76.898275, 35.826789 ], [ -76.903187, 35.825615 ], [ -76.903489, 35.825468 ], [ -76.904051, 35.824067 ], [ -76.901067, 35.821055 ], [ -76.898536, 35.820021 ], [ -76.892995, 35.818712 ], [ -76.893184, 35.817629 ], [ -76.896167, 35.816492 ], [ -76.897909, 35.814639 ], [ -76.897261, 35.813903 ], [ -76.895486, 35.813155 ], [ -76.882604, 35.811868 ], [ -76.879895, 35.812107 ], [ -76.875222, 35.813721 ], [ -76.872102, 35.815938 ], [ -76.870047, 35.81795 ], [ -76.863268, 35.823461 ], [ -76.861845, 35.82382 ], [ -76.85876, 35.826197 ], [ -76.852854, 35.832748 ], [ -76.845793, 35.839917 ], [ -76.843155, 35.841662 ], [ -76.840143, 35.844168 ], [ -76.835051, 35.84958 ], [ -76.833136, 35.852167 ], [ -76.83166, 35.855949 ], [ -76.831807, 35.859247 ], [ -76.833172, 35.865478 ], [ -76.835724, 35.871345 ], [ -76.836854, 35.8761 ], [ -76.836314, 35.880121 ], [ -76.834825, 35.88291 ], [ -76.832019, 35.885003 ], [ -76.829398, 35.886076 ], [ -76.824188, 35.886975 ], [ -76.818813, 35.886687 ], [ -76.814342, 35.885742 ], [ -76.806906, 35.883946 ], [ -76.802961, 35.881668 ], [ -76.801316, 35.880039 ], [ -76.79833, 35.87573 ], [ -76.796057, 35.873342 ], [ -76.791482, 35.869932 ], [ -76.786049, 35.867158 ], [ -76.783669, 35.865164 ], [ -76.780985, 35.863871 ], [ -76.775538, 35.862724 ], [ -76.771521, 35.862735 ], [ -76.767618, 35.863724 ], [ -76.760598, 35.864887 ], [ -76.761309, 35.862916 ], [ -76.76317, 35.864104 ], [ -76.765018, 35.861608 ], [ -76.771382, 35.861089 ], [ -76.771517, 35.85905 ], [ -76.774437, 35.857865 ], [ -76.774883, 35.859203 ], [ -76.776404, 35.858689 ], [ -76.777404, 35.857839 ], [ -76.776895, 35.856705 ], [ -76.778699, 35.856608 ], [ -76.778438, 35.854108 ], [ -76.780623, 35.85387 ], [ -76.781003, 35.853051 ], [ -76.779993, 35.851962 ], [ -76.780713, 35.850729 ], [ -76.782224, 35.85067 ], [ -76.783483, 35.849225 ], [ -76.784718, 35.846083 ], [ -76.784495, 35.844616 ], [ -76.785731, 35.843915 ], [ -76.786248, 35.840873 ], [ -76.786951, 35.839742 ], [ -76.789211, 35.8376 ], [ -76.786639, 35.834162 ], [ -76.784708, 35.832957 ], [ -76.785404, 35.831398 ], [ -76.784556, 35.830469 ], [ -76.784822, 35.828937 ], [ -76.783374, 35.828472 ], [ -76.781901, 35.826676 ], [ -76.78273, 35.824194 ], [ -76.783938, 35.823796 ], [ -76.785289, 35.821833 ], [ -76.78662, 35.82109 ], [ -76.788486, 35.821364 ], [ -76.792085, 35.81986 ], [ -76.794676, 35.817073 ], [ -76.796551, 35.816437 ], [ -76.797753, 35.814692 ], [ -76.799466, 35.813435 ], [ -76.801356, 35.808577 ], [ -76.801291, 35.807487 ], [ -76.802573, 35.805238 ], [ -76.802205, 35.804168 ], [ -76.799336, 35.801919 ], [ -76.798556, 35.799635 ], [ -76.796278, 35.79829 ], [ -76.795416, 35.796287 ], [ -76.793667, 35.79559 ], [ -76.792855, 35.792715 ], [ -76.794105, 35.791193 ], [ -76.792961, 35.789905 ], [ -76.79347, 35.78889 ], [ -76.795372, 35.788628 ], [ -76.795605, 35.787428 ], [ -76.797492, 35.785184 ], [ -76.798788, 35.784582 ], [ -76.802133, 35.784858 ], [ -76.803457, 35.78393 ], [ -76.804288, 35.781952 ], [ -76.803493, 35.78077 ], [ -76.803974, 35.779523 ], [ -76.803443, 35.777569 ], [ -76.802263, 35.776323 ], [ -76.803315, 35.774771 ], [ -76.803325, 35.772952 ], [ -76.804919, 35.770768 ], [ -76.807365, 35.768664 ], [ -76.808623, 35.765203 ], [ -76.808603, 35.763914 ], [ -76.810265, 35.7622 ], [ -76.812952, 35.76135 ], [ -76.815097, 35.761421 ], [ -76.818034, 35.758615 ], [ -76.818516, 35.75649 ], [ -76.819759, 35.755022 ], [ -76.819991, 35.752566 ], [ -76.81838, 35.749871 ], [ -76.817146, 35.749182 ], [ -76.817399, 35.748075 ], [ -76.818569, 35.74705 ], [ -76.820176, 35.746894 ], [ -76.822481, 35.745678 ], [ -76.825264, 35.744841 ], [ -76.826191, 35.742042 ], [ -76.825926, 35.740172 ], [ -76.828267, 35.738443 ], [ -76.829182, 35.738805 ], [ -76.831045, 35.7382 ], [ -76.832566, 35.736741 ], [ -76.833602, 35.733007 ], [ -76.831328, 35.730702 ], [ -76.84362, 35.722266 ], [ -76.847264, 35.719982 ], [ -76.862885, 35.713111 ], [ -76.947741, 35.675691 ], [ -76.985842, 35.658848 ], [ -77.00849, 35.668863 ], [ -77.034646, 35.678952 ], [ -77.05589, 35.689633 ], [ -77.066451, 35.693704 ], [ -77.068985, 35.694949 ], [ -77.075626, 35.69821 ], [ -77.107155, 35.713608 ], [ -77.129129, 35.723524 ], [ -77.156765, 35.736812 ], [ -77.16384, 35.739473 ], [ -77.164847, 35.738782 ], [ -77.165522, 35.738177 ], [ -77.168725, 35.737879 ], [ -77.171987, 35.736232 ], [ -77.174, 35.732831 ], [ -77.173898, 35.733936 ], [ -77.176107, 35.7353 ], [ -77.178038, 35.737629 ], [ -77.178715, 35.739394 ], [ -77.180957, 35.740943 ], [ -77.181763, 35.740672 ], [ -77.183012, 35.742007 ], [ -77.184151, 35.740717 ], [ -77.18585, 35.741326 ], [ -77.187604, 35.742658 ], [ -77.190012, 35.743273 ], [ -77.192746, 35.745026 ], [ -77.191943, 35.74668 ], [ -77.193983, 35.747157 ], [ -77.197252, 35.746617 ], [ -77.199782, 35.747455 ], [ -77.202397, 35.746354 ], [ -77.203755, 35.748447 ], [ -77.203338, 35.750171 ], [ -77.201148, 35.75078 ], [ -77.201423, 35.751654 ], [ -77.203019, 35.753573 ], [ -77.205503, 35.754183 ], [ -77.206025, 35.755313 ], [ -77.207598, 35.75529 ], [ -77.210645, 35.757214 ], [ -77.21339, 35.758205 ], [ -77.215925, 35.76008 ], [ -77.218746, 35.760167 ], [ -77.222562, 35.758774 ], [ -77.228848, 35.760939 ], [ -77.231427, 35.760954 ], [ -77.234276, 35.76092 ], [ -77.236788, 35.761678 ], [ -77.239932, 35.762062 ], [ -77.244633, 35.760612 ], [ -77.246949, 35.760691 ], [ -77.248702, 35.761753 ], [ -77.250671, 35.76161 ], [ -77.253146, 35.762779 ], [ -77.255625, 35.765386 ], [ -77.257115, 35.765631 ], [ -77.259792, 35.765222 ], [ -77.261525, 35.766919 ], [ -77.262069, 35.769407 ], [ -77.264465, 35.771314 ], [ -77.26494, 35.772391 ], [ -77.264437, 35.775231 ], [ -77.261745, 35.777271 ], [ -77.259626, 35.779806 ], [ -77.257996, 35.780482 ], [ -77.255279, 35.783014 ], [ -77.2552, 35.786352 ], [ -77.285825, 35.796941 ], [ -77.350369, 35.819228 ], [ -77.349855, 35.854879 ], [ -77.349342, 35.867593 ], [ -77.348184, 35.868907 ], [ -77.347669, 35.870691 ], [ -77.345986, 35.873898 ], [ -77.344415, 35.875328 ], [ -77.342418, 35.905262 ], [ -77.350421, 35.916469 ], [ -77.358405, 35.927677 ], [ -77.394778, 35.978526 ], [ -77.4092, 35.998688 ], [ -77.402614, 36.004966 ] ] ] } },
{ "type": "Feature", "properties": { "STATEFP": "37", "COUNTYFP": "019", "COUNTYNS": "01026340", "GEOIDFQ": "0500000US37019", "GEOID": 37019, "NAME": "Brunswick", "NAMELSAD": "Brunswick County", "STUSPS": "NC", "STATE_NAME": "North Carolina", "LSAD": "06", "ALAND": 2201668727, "AWATER": 516634770, "state": "NC", "county": "Brunswick", "fips": 37019, "adult_pop": "137,936", "observed_distress": 14.0, "loneliness_rate": 28.3, "access_to_exercise": 78.16420738, "social_associations_per_10k": 7.5148115594, "air_pollution": 6.3, "uninsured": 13.45623552, "unemployment_rate": 5.99442465, "providers_per_100k": 115.10592, "log_median_hh_income": 11.116707470218728, "rucc_category": "metro" }, "geometry": { "type": "Polygon", "coordinates": [ [ [ -78.650385, 33.945736 ], [ -78.649363, 33.946739 ], [ -78.647442, 33.947255 ], [ -78.646412, 33.948251 ], [ -78.647485, 33.950018 ], [ -78.644393, 33.949878 ], [ -78.646621, 33.954482 ], [ -78.645409, 33.953988 ], [ -78.643977, 33.955564 ], [ -78.643363, 33.95455 ], [ -78.642915, 33.95719 ], [ -78.642172, 33.958098 ], [ -78.643555, 33.958949 ], [ -78.644284, 33.96042 ], [ -78.643394, 33.961576 ], [ -78.644632, 33.962245 ], [ -78.645568, 33.960672 ], [ -78.646523, 33.960508 ], [ -78.648351, 33.96554 ], [ -78.646502, 33.966779 ], [ -78.641909, 33.967604 ], [ -78.640526, 33.97049 ], [ -78.639562, 33.970488 ], [ -78.639168, 33.969277 ], [ -78.637253, 33.969974 ], [ -78.636004, 33.96962 ], [ -78.634912, 33.970636 ], [ -78.633523, 33.970672 ], [ -78.632825, 33.972001 ], [ -78.630287, 33.972293 ], [ -78.630475, 33.973886 ], [ -78.629703, 33.974971 ], [ -78.628593, 33.973878 ], [ -78.624744, 33.97229 ], [ -78.624083, 33.973298 ], [ -78.624854, 33.975041 ], [ -78.627314, 33.975447 ], [ -78.627766, 33.976626 ], [ -78.626528, 33.980026 ], [ -78.62855, 33.983146 ], [ -78.629783, 33.986308 ], [ -78.630545, 33.990964 ], [ -78.63167, 33.993643 ], [ -78.633371, 33.996568 ], [ -78.636905, 34.000003 ], [ -78.639827, 34.00354 ], [ -78.640567, 34.005435 ], [ -78.640324, 34.008162 ], [ -78.640615, 34.01028 ], [ -78.638594, 34.011833 ], [ -78.63509, 34.013229 ], [ -78.631656, 34.015225 ], [ -78.629025, 34.017874 ], [ -78.626377, 34.017698 ], [ -78.625449, 34.019756 ], [ -78.62149, 34.01813 ], [ -78.618258, 34.019504 ], [ -78.617019, 34.023355 ], [ -78.616045, 34.022514 ], [ -78.614461, 34.023273 ], [ -78.613054, 34.022068 ], [ -78.612504, 34.02323 ], [ -78.611021, 34.023671 ], [ -78.610065, 34.025615 ], [ -78.608687, 34.025769 ], [ -78.609381, 34.024541 ], [ -78.605928, 34.023996 ], [ -78.603409, 34.024665 ], [ -78.603531, 34.026976 ], [ -78.602566, 34.027728 ], [ -78.601397, 34.026613 ], [ -78.600741, 34.027137 ], [ -78.60184, 34.028836 ], [ -78.600312, 34.029987 ], [ -78.60079, 34.028466 ], [ -78.599615, 34.029184 ], [ -78.598973, 34.028061 ], [ -78.59531, 34.028219 ], [ -78.594093, 34.029214 ], [ -78.592588, 34.026946 ], [ -78.5908, 34.027155 ], [ -78.590132, 34.028185 ], [ -78.59051, 34.030287 ], [ -78.589312, 34.029638 ], [ -78.587728, 34.030871 ], [ -78.589086, 34.032059 ], [ -78.58447, 34.031266 ], [ -78.583478, 34.032018 ], [ -78.582882, 34.033726 ], [ -78.58536, 34.034801 ], [ -78.585595, 34.035913 ], [ -78.58289, 34.037459 ], [ -78.581266, 34.036454 ], [ -78.579341, 34.036891 ], [ -78.580341, 34.037441 ], [ -78.578926, 34.038446 ], [ -78.579139, 34.039875 ], [ -78.577803, 34.041981 ], [ -78.578127, 34.043771 ], [ -78.579545, 34.043935 ], [ -78.578831, 34.042622 ], [ -78.581872, 34.042669 ], [ -78.582673, 34.043378 ], [ -78.583279, 34.046402 ], [ -78.58236, 34.048538 ], [ -78.579558, 34.051616 ], [ -78.577165, 34.052725 ], [ -78.575967, 34.054498 ], [ -78.574556, 34.054458 ], [ -78.573021, 34.055931 ], [ -78.57271, 34.054503 ], [ -78.570866, 34.05335 ], [ -78.570084, 34.05433 ], [ -78.570248, 34.055667 ], [ -78.568989, 34.055751 ], [ -78.568636, 34.053794 ], [ -78.565703, 34.053614 ], [ -78.561854, 34.054886 ], [ -78.561034, 34.059163 ], [ -78.559401, 34.059368 ], [ -78.560037, 34.060681 ], [ -78.558093, 34.060007 ], [ -78.557052, 34.061849 ], [ -78.556953, 34.06273 ], [ -78.558435, 34.062111 ], [ -78.559525, 34.064133 ], [ -78.558836, 34.064401 ], [ -78.558899, 34.066649 ], [ -78.556776, 34.06608 ], [ -78.555043, 34.067071 ], [ -78.554446, 34.068817 ], [ -78.555304, 34.069777 ], [ -78.554126, 34.069992 ], [ -78.553742, 34.072186 ], [ -78.554697, 34.076685 ], [ -78.556222, 34.076793 ], [ -78.558114, 34.077716 ], [ -78.558792, 34.077271 ], [ -78.557021, 34.076141 ], [ -78.557902, 34.075295 ], [ -78.56038, 34.075597 ], [ -78.561914, 34.07637 ], [ -78.562894, 34.077692 ], [ -78.562728, 34.079017 ], [ -78.561347, 34.082163 ], [ -78.560112, 34.082717 ], [ -78.558332, 34.082369 ], [ -78.55696, 34.08411 ], [ -78.558124, 34.086271 ], [ -78.559563, 34.08779 ], [ -78.558766, 34.089611 ], [ -78.560189, 34.092052 ], [ -78.557377, 34.091653 ], [ -78.558542, 34.093752 ], [ -78.555005, 34.095338 ], [ -78.553213, 34.09724 ], [ -78.55189, 34.094977 ], [ -78.54805, 34.095293 ], [ -78.54752, 34.098817 ], [ -78.545393, 34.098607 ], [ -78.54407, 34.099882 ], [ -78.546841, 34.100129 ], [ -78.547674, 34.100988 ], [ -78.54644, 34.101831 ], [ -78.546591, 34.103228 ], [ -78.547797, 34.102959 ], [ -78.549527, 34.104379 ], [ -78.550458, 34.103634 ], [ -78.553105, 34.103504 ], [ -78.554027, 34.104059 ], [ -78.551769, 34.104702 ], [ -78.553328, 34.10678 ], [ -78.551609, 34.109607 ], [ -78.549003, 34.111466 ], [ -78.550703, 34.114611 ], [ -78.552007, 34.114649 ], [ -78.551031, 34.113529 ], [ -78.552546, 34.113572 ], [ -78.5551, 34.116753 ], [ -78.553655, 34.116304 ], [ -78.554147, 34.117578 ], [ -78.551605, 34.11856 ], [ -78.549973, 34.118418 ], [ -78.549187, 34.119296 ], [ -78.55111, 34.119962 ], [ -78.549334, 34.120182 ], [ -78.55085, 34.12184 ], [ -78.54936, 34.124986 ], [ -78.546369, 34.125834 ], [ -78.543, 34.126195 ], [ -78.542181, 34.125249 ], [ -78.543266, 34.124652 ], [ -78.541091, 34.124157 ], [ -78.539724, 34.122963 ], [ -78.538803, 34.125171 ], [ -78.539263, 34.127462 ], [ -78.540204, 34.128505 ], [ -78.541926, 34.128767 ], [ -78.542473, 34.131789 ], [ -78.543741, 34.132529 ], [ -78.544585, 34.13451 ], [ -78.545895, 34.135355 ], [ -78.543573, 34.135843 ], [ -78.545828, 34.137098 ], [ -78.546376, 34.138342 ], [ -78.545023, 34.139581 ], [ -78.544235, 34.142862 ], [ -78.545218, 34.145747 ], [ -78.542827, 34.146197 ], [ -78.541256, 34.14821 ], [ -78.537057, 34.146208 ], [ -78.536001, 34.148245 ], [ -78.534638, 34.148496 ], [ -78.533545, 34.153005 ], [ -78.531315, 34.154155 ], [ -78.528217, 34.153648 ], [ -78.525033, 34.153998 ], [ -78.524481, 34.155302 ], [ -78.522099, 34.157535 ], [ -78.519606, 34.158423 ], [ -78.518412, 34.159634 ], [ -78.518227, 34.161883 ], [ -78.516139, 34.162486 ], [ -78.515216, 34.165948 ], [ -78.513079, 34.165698 ], [ -78.511789, 34.166667 ], [ -78.511809, 34.167882 ], [ -78.507474, 34.169239 ], [ -78.505012, 34.168798 ], [ -78.502903, 34.169122 ], [ -78.498521, 34.167793 ], [ -78.495951, 34.167628 ], [ -78.493619, 34.164037 ], [ -78.490469, 34.16411 ], [ -78.488257, 34.162847 ], [ -78.487579, 34.160723 ], [ -78.48598, 34.158819 ], [ -78.483983, 34.15784 ], [ -78.481678, 34.158311 ], [ -78.480714, 34.15725 ], [ -78.474557, 34.154707 ], [ -78.471448, 34.154968 ], [ -78.469304, 34.154341 ], [ -78.467196, 34.154761 ], [ -78.463844, 34.152668 ], [ -78.463047, 34.15299 ], [ -78.461973, 34.151354 ], [ -78.458959, 34.149769 ], [ -78.454104, 34.148725 ], [ -78.453283, 34.148035 ], [ -78.450081, 34.148312 ], [ -78.446336, 34.146474 ], [ -78.44375, 34.145715 ], [ -78.441981, 34.146257 ], [ -78.439658, 34.14476 ], [ -78.436763, 34.142437 ], [ -78.435011, 34.142111 ], [ -78.432273, 34.140896 ], [ -78.430302, 34.140929 ], [ -78.427502, 34.139817 ], [ -78.422734, 34.139631 ], [ -78.420953, 34.140438 ], [ -78.419658, 34.14269 ], [ -78.419292, 34.14474 ], [ -78.415328, 34.147743 ], [ -78.413533, 34.150491 ], [ -78.410821, 34.151456 ], [ -78.408709, 34.153764 ], [ -78.406934, 34.155146 ], [ -78.405727, 34.158378 ], [ -78.402479, 34.161521 ], [ -78.401048, 34.162407 ], [ -78.398849, 34.165063 ], [ -78.395349, 34.168079 ], [ -78.39397, 34.171584 ], [ -78.391551, 34.173939 ], [ -78.388109, 34.175212 ], [ -78.387109, 34.177655 ], [ -78.384932, 34.178991 ], [ -78.382727, 34.181075 ], [ -78.381567, 34.181472 ], [ -78.375444, 34.185607 ], [ -78.375211, 34.186591 ], [ -78.372605, 34.188588 ], [ -78.370071, 34.188727 ], [ -78.369134, 34.188178 ], [ -78.366793, 34.188774 ], [ -78.367859, 34.190459 ], [ -78.367708, 34.192564 ], [ -78.370771, 34.195568 ], [ -78.37184, 34.197092 ], [ -78.372074, 34.199059 ], [ -78.374019, 34.201337 ], [ -78.374998, 34.203672 ], [ -78.374295, 34.204893 ], [ -78.331248, 34.209023 ], [ -78.254622, 34.216305 ], [ -78.254131, 34.216837 ], [ -78.250176, 34.222797 ], [ -78.240666, 34.237349 ], [ -78.195323, 34.306655 ], [ -78.185776, 34.321242 ], [ -78.181024, 34.328494 ], [ -78.17214, 34.342059 ], [ -78.16235, 34.357007 ], [ -78.159321, 34.357114 ], [ -78.157526, 34.358872 ], [ -78.156496, 34.362359 ], [ -78.154531, 34.364968 ], [ -78.149628, 34.366925 ], [ -78.146817, 34.366694 ], [ -78.144673, 34.364985 ], [ -78.143074, 34.364483 ], [ -78.139476, 34.365458 ], [ -78.140662, 34.368111 ], [ -78.140154, 34.369858 ], [ -78.137302, 34.371711 ], [ -78.135731, 34.371509 ], [ -78.133067, 34.367108 ], [ -78.131982, 34.366663 ], [ -78.125681, 34.367351 ], [ -78.122083, 34.368376 ], [ -78.120727, 34.368002 ], [ -78.117823, 34.364964 ], [ -78.116686, 34.364376 ], [ -78.113993, 34.364641 ], [ -78.112768, 34.36312 ], [ -78.113914, 34.36159 ], [ -78.113041, 34.36021 ], [ -78.109609, 34.359261 ], [ -78.105741, 34.357469 ], [ -78.103752, 34.355439 ], [ -78.102753, 34.355027 ], [ -78.100846, 34.355674 ], [ -78.094768, 34.355986 ], [ -78.09345, 34.354964 ], [ -78.093651, 34.353283 ], [ -78.092806, 34.352382 ], [ -78.084794, 34.351362 ], [ -78.081054, 34.353951 ], [ -78.078836, 34.35395 ], [ -78.079681, 34.35233 ], [ -78.079282, 34.351391 ], [ -78.077456, 34.350548 ], [ -78.074693, 34.347979 ], [ -78.075005, 34.344312 ], [ -78.078547, 34.340233 ], [ -78.078334, 34.338859 ], [ -78.075647, 34.337921 ], [ -78.072016, 34.338022 ], [ -78.065243, 34.338893 ], [ -78.062116, 34.337554 ], [ -78.059291, 34.337926 ], [ -78.058881, 34.339256 ], [ -78.059999, 34.340968 ], [ -78.059813, 34.344836 ], [ -78.05822, 34.344044 ], [ -78.054711, 34.340887 ], [ -78.052587, 34.339861 ], [ -78.052329, 34.338745 ], [ -78.053904, 34.336701 ], [ -78.053969, 34.335585 ], [ -78.05241, 34.335228 ], [ -78.048762, 34.336143 ], [ -78.047136, 34.335439 ], [ -78.047258, 34.330743 ], [ -78.046651, 34.330388 ], [ -78.042305, 34.330312 ], [ -78.038853, 34.332302 ], [ -78.037691, 34.332445 ], [ -78.034743, 34.330326 ], [ -78.033597, 34.330265 ], [ -78.032138, 34.331408 ], [ -78.03074, 34.331755 ], [ -78.029922, 34.331768 ], [ -78.026289, 34.329304 ], [ -78.025697, 34.324936 ], [ -78.027457, 34.319656 ], [ -78.026212, 34.318101 ], [ -78.022913, 34.318008 ], [ -78.019905, 34.31972 ], [ -78.017745, 34.321464 ], [ -78.014257, 34.323032 ], [ -78.010449, 34.323096 ], [ -78.008657, 34.322552 ], [ -78.007281, 34.321448 ], [ -78.006241, 34.319512 ], [ -78.006401, 34.316872 ], [ -78.007265, 34.315624 ], [ -78.011489, 34.314056 ], [ -78.012993, 34.312568 ], [ -78.014813, 34.307468 ], [ -78.014213, 34.302568 ], [ -78.017113, 34.292769 ], [ -78.015913, 34.290269 ], [ -78.014313, 34.289469 ], [ -78.007813, 34.290169 ], [ -78.005912, 34.288869 ], [ -78.004612, 34.286769 ], [ -78.005912, 34.281769 ], [ -78.00481, 34.28047 ], [ -78.000012, 34.283269 ], [ -77.996512, 34.284369 ], [ -77.992512, 34.283669 ], [ -77.990212, 34.281669 ], [ -77.990312, 34.278969 ], [ -77.991412, 34.278069 ], [ -77.999312, 34.276169 ], [ -78.001112, 34.274969 ], [ -78.002012, 34.273069 ], [ -78.000812, 34.271569 ], [ -77.991012, 34.270669 ], [ -77.987512, 34.268269 ], [ -77.987912, 34.264869 ], [ -77.988912, 34.262269 ], [ -77.987712, 34.260069 ], [ -77.986361, 34.259426 ], [ -77.98561, 34.259068 ], [ -77.980409, 34.26086 ], [ -77.978808, 34.260058 ], [ -77.977806, 34.256653 ], [ -77.976204, 34.253247 ], [ -77.975196, 34.249335 ], [ -77.9731, 34.247237 ], [ -77.9717, 34.248335 ], [ -77.969998, 34.25163 ], [ -77.967797, 34.252127 ], [ -77.964996, 34.249221 ], [ -77.965195, 34.247619 ], [ -77.967993, 34.245714 ], [ -77.969491, 34.244011 ], [ -77.968491, 34.242308 ], [ -77.963798, 34.241682 ], [ -77.959749, 34.237638 ], [ -77.959627, 34.237516 ], [ -77.956605, 34.234491 ], [ -77.957373, 34.229503 ], [ -77.959039, 34.218616 ], [ -77.960941, 34.206301 ], [ -77.961304, 34.204869 ], [ -77.961092, 34.203432 ], [ -77.959676, 34.201649 ], [ -77.957279, 34.197291 ], [ -77.956608, 34.192488 ], [ -77.95669, 34.191996 ], [ -77.95841, 34.18467 ], [ -77.958557, 34.176666 ], [ -77.95861, 34.17377 ], [ -77.955518, 34.164906 ], [ -77.95491, 34.159434 ], [ -77.953502, 34.153547 ], [ -77.95299, 34.152411 ], [ -77.952206, 34.150347 ], [ -77.949694, 34.145787 ], [ -77.945453, 34.139275 ], [ -77.940026, 34.12888 ], [ -77.93737, 34.124255 ], [ -77.936921, 34.122845 ], [ -77.935012, 34.094205 ], [ -77.934398, 34.085351 ], [ -77.93221, 34.068677 ], [ -77.931103, 34.058884 ], [ -77.930956, 34.050324 ], [ -77.931603, 34.036381 ], [ -77.933953, 34.017108 ], [ -77.936195, 34.004638 ], [ -77.93723, 33.999595 ], [ -77.938846, 33.996589 ], [ -77.940452, 33.98466 ], [ -77.940669, 33.983951 ], [ -77.941779, 33.981037 ], [ -77.948479, 33.971274 ], [ -77.948102, 33.969927 ], [ -77.945937, 33.962189 ], [ -77.9372410368847, 33.929240815842803 ], [ -77.946569, 33.912261 ], [ -77.953356, 33.895646 ], [ -77.956882, 33.87779 ], [ -77.959532154883405, 33.858080932612403 ], [ -77.960173, 33.853315 ], [ -77.960486, 33.843151 ], [ -77.962794, 33.842316 ], [ -77.97142, 33.847297 ], [ -77.995949, 33.855095 ], [ -78.005408, 33.860127 ], [ -78.008329, 33.864174 ], [ -78.008792, 33.86822 ], [ -78.00494, 33.87041 ], [ -78.001627, 33.877177 ], [ -77.998216, 33.880059 ], [ -77.993611, 33.881979 ], [ -77.989785, 33.888003 ], [ -77.989167219735606, 33.890217743686598 ], [ -77.987638, 33.8957 ], [ -77.98903, 33.902451 ], [ -77.99591, 33.905637 ], [ -78.003422, 33.907472 ], [ -78.012044, 33.905745 ], [ -78.014263787664206, 33.904214360627797 ], [ -78.016969, 33.902349 ], [ -78.01757, 33.895869 ], [ -78.014504, 33.892266 ], [ -78.016388, 33.888573 ], [ -78.020671, 33.888269 ], [ -78.028042976960094, 33.890406999368302 ], [ -78.028274, 33.890474 ], [ -78.057984, 33.897513 ], [ -78.071508, 33.90163 ], [ -78.074584690338895, 33.902176724994398 ], [ -78.074604965786094, 33.902180327922402 ], [ -78.074697399728805, 33.902196753347503 ], [ -78.086134347673195, 33.9042290882958 ], [ -78.094460831855599, 33.905708696744 ], [ -78.104154435218604, 33.9074312409914 ], [ -78.114887567280505, 33.909338508516001 ], [ -78.120349, 33.910309 ], [ -78.136953, 33.912178 ], [ -78.161137990664798, 33.9134202333804 ], [ -78.177721, 33.914272 ], [ -78.22982, 33.912859 ], [ -78.234004, 33.914902 ], [ -78.234353, 33.916786 ], [ -78.236963036738203, 33.917142571172803 ], [ -78.237170864944801, 33.9171709637032 ], [ -78.237653397888195, 33.917236885126897 ], [ -78.239228, 33.917452 ], [ -78.247841, 33.914781 ], [ -78.297340516627898, 33.911019825783498 ], [ -78.315342, 33.909652 ], [ -78.343959380093807, 33.9064386824219 ], [ -78.349974207134196, 33.9057633044036 ], [ -78.350253, 33.905732 ], [ -78.364542, 33.902748 ], [ -78.373089, 33.902395 ], [ -78.380068420081599, 33.903318746775497 ], [ -78.380229, 33.90334 ], [ -78.380809989440905, 33.903223599823299 ], [ -78.381338033589003, 33.903117807139601 ], [ -78.382531090132403, 33.902878780433397 ], [ -78.387122, 33.901959 ], [ -78.391162, 33.899 ], [ -78.402394, 33.89581 ], [ -78.422499375368204, 33.890963962349801 ], [ -78.426814, 33.889924 ], [ -78.436269969955902, 33.887240376606698 ], [ -78.454125847849198, 33.882172842356198 ], [ -78.4549404241898, 33.881941663943699 ], [ -78.484837968606001, 33.8734566803859 ], [ -78.508318, 33.866793 ], [ -78.5218536236397, 33.860873476643 ], [ -78.540518, 33.852711 ], [ -78.541856, 33.852959 ], [ -78.547324, 33.856483 ], [ -78.558858337231001, 33.8664079597484 ], [ -78.5732837280312, 33.878820586514898 ], [ -78.574093606472104, 33.879517463220203 ], [ -78.580378, 33.884925 ], [ -78.586883707241995, 33.890523853299001 ], [ -78.586955683459607, 33.890585796492601 ], [ -78.592388691268994, 33.8952614777929 ], [ -78.595219153319405, 33.897697391552803 ], [ -78.615932, 33.915523 ], [ -78.621369, 33.920073 ], [ -78.629557413802203, 33.926925722773603 ], [ -78.629613665097807, 33.9269727983786 ], [ -78.650334484717803, 33.944313645571498 ], [ -78.6503641799208, 33.944338496904003 ], [ -78.650385, 33.945736 ] ] ] } },
{ "type": "Feature", "properties": { "STATEFP": "37", "COUNTYFP": "137", "COUNTYNS": "01023355", "GEOIDFQ": "0500000US37137", "GEOID": 37137, "NAME": "Pamlico", "NAMELSAD": "Pamlico County", "STUSPS": "NC", "STATE_NAME": "North Carolina", "LSAD": "06", "ALAND": 871570771, "AWATER": 583036551, "state": "NC", "county": "Pamlico", "fips": 37137, "adult_pop": "10,683", "observed_distress": 15.0, "loneliness_rate": 30.5, "access_to_exercise": 57.60834148, "social_associations_per_10k": 11.797090051, "air_pollution": 6.0, "uninsured": 16.45326504, "unemployment_rate": 4.28625378, "providers_per_100k": 97.21322, "log_median_hh_income": 10.891764006182903, "rucc_category": "rural" }, "geometry": { "type": "Polygon", "coordinates": [ [ [ -76.987537, 35.154267 ], [ -76.984999, 35.155477 ], [ -76.980052, 35.154888 ], [ -76.976877, 35.155472 ], [ -76.974188, 35.157382 ], [ -76.972218, 35.159352 ], [ -76.970511, 35.161853 ], [ -76.970302, 35.163657 ], [ -76.971745, 35.166206 ], [ -76.971098, 35.168179 ], [ -76.96953, 35.170133 ], [ -76.970542, 35.174541 ], [ -76.971339, 35.175032 ], [ -76.97035, 35.179148 ], [ -76.968402, 35.17941 ], [ -76.966397, 35.182515 ], [ -76.96561, 35.18566 ], [ -76.965743, 35.188472 ], [ -76.964911, 35.189509 ], [ -76.964511, 35.192336 ], [ -76.96342, 35.194023 ], [ -76.96271, 35.196604 ], [ -76.96293, 35.197857 ], [ -76.960963, 35.200792 ], [ -76.959481, 35.202843 ], [ -76.958026, 35.203412 ], [ -76.955521, 35.205851 ], [ -76.950778, 35.208573 ], [ -76.947057, 35.209049 ], [ -76.944596, 35.210848 ], [ -76.942629, 35.213324 ], [ -76.942548, 35.219688 ], [ -76.93259, 35.230286 ], [ -76.906165, 35.235921 ], [ -76.895919, 35.253889 ], [ -76.846476, 35.216773 ], [ -76.845276, 35.21608 ], [ -76.839414, 35.216614 ], [ -76.774146, 35.222756 ], [ -76.662286, 35.232734 ], [ -76.632561, 35.235324 ], [ -76.616261, 35.267016 ], [ -76.614639, 35.270429 ], [ -76.613836, 35.270845 ], [ -76.614546, 35.272468 ], [ -76.61425, 35.274785 ], [ -76.612186, 35.27932 ], [ -76.614421, 35.285409 ], [ -76.614319, 35.291569 ], [ -76.61886, 35.300143 ], [ -76.619359, 35.302284 ], [ -76.61909, 35.304035 ], [ -76.616441, 35.312509 ], [ -76.616235, 35.314679 ], [ -76.616994, 35.319697 ], [ -76.617496, 35.328893 ], [ -76.617033, 35.330871 ], [ -76.615522, 35.33296 ], [ -76.612844, 35.334823 ], [ -76.611179955939406, 35.335496694073598 ], [ -76.606809, 35.329346 ], [ -76.598014, 35.331479 ], [ -76.57496, 35.330509 ], [ -76.557847, 35.327601 ], [ -76.544537, 35.326243 ], [ -76.524096, 35.320038 ], [ -76.491296, 35.315577 ], [ -76.484166, 35.313638 ], [ -76.481789, 35.309759 ], [ -76.483928, 35.306267 ], [ -76.492247, 35.307819 ], [ -76.498869, 35.305888 ], [ -76.498902, 35.296375 ], [ -76.492722, 35.291331 ], [ -76.497001, 35.28357 ], [ -76.498157, 35.279554 ], [ -76.490583, 35.277944 ], [ -76.479888, 35.279108 ], [ -76.478522, 35.280084 ], [ -76.478306, 35.281413 ], [ -76.479443, 35.283219 ], [ -76.481407, 35.286424 ], [ -76.477077, 35.286656 ], [ -76.47591, 35.284248 ], [ -76.473205, 35.281814 ], [ -76.469733, 35.280886 ], [ -76.46961, 35.279707 ], [ -76.473076, 35.279053 ], [ -76.475847, 35.276779 ], [ -76.47347, 35.268824 ], [ -76.46905, 35.266826 ], [ -76.467439, 35.261336 ], [ -76.471292, 35.262077 ], [ -76.474259, 35.263662 ], [ -76.474122, 35.265681 ], [ -76.476825, 35.266288 ], [ -76.477169, 35.267866 ], [ -76.479382, 35.26902 ], [ -76.480334, 35.267566 ], [ -76.486173, 35.265959 ], [ -76.490718, 35.262707 ], [ -76.491386, 35.260091 ], [ -76.487986, 35.26074 ], [ -76.486876, 35.259846 ], [ -76.484904, 35.259913 ], [ -76.486739, 35.255849 ], [ -76.485103, 35.252475 ], [ -76.483922, 35.251715 ], [ -76.483471, 35.249803 ], [ -76.48233, 35.248881 ], [ -76.480547, 35.248774 ], [ -76.479175, 35.247281 ], [ -76.486305, 35.246893 ], [ -76.493435, 35.246116 ], [ -76.497949, 35.242816 ], [ -76.503416, 35.240681 ], [ -76.498427, 35.23408 ], [ -76.493198, 35.225732 ], [ -76.491383, 35.220745 ], [ -76.49605, 35.216995 ], [ -76.505319, 35.222626 ], [ -76.519105, 35.225344 ], [ -76.529087, 35.231168 ], [ -76.544537, 35.232333 ], [ -76.555945, 35.233886 ], [ -76.565452, 35.229227 ], [ -76.560223, 35.223402 ], [ -76.550241, 35.222043 ], [ -76.539308, 35.218548 ], [ -76.529325, 35.208062 ], [ -76.521006, 35.20612 ], [ -76.518629, 35.202236 ], [ -76.523383, 35.193107 ], [ -76.526711, 35.184755 ], [ -76.534554, 35.18456 ], [ -76.537168, 35.187863 ], [ -76.537644, 35.19233 ], [ -76.544254, 35.193648 ], [ -76.548339, 35.189805 ], [ -76.563741, 35.194761 ], [ -76.574722, 35.200876 ], [ -76.586368, 35.202042 ], [ -76.593736, 35.20107 ], [ -76.598014, 35.198351 ], [ -76.601342, 35.19738 ], [ -76.60158, 35.19233 ], [ -76.598728, 35.187863 ], [ -76.603243, 35.188445 ], [ -76.605858, 35.18728 ], [ -76.605145, 35.184172 ], [ -76.608235, 35.182424 ], [ -76.610612, 35.183395 ], [ -76.612751, 35.179898 ], [ -76.618693, 35.178733 ], [ -76.62202, 35.176401 ], [ -76.628913, 35.174653 ], [ -76.634142, 35.174264 ], [ -76.633970698869007, 35.169369322095498 ], [ -76.633666, 35.160663 ], [ -76.626536, 35.159886 ], [ -76.613701, 35.162995 ], [ -76.603956, 35.160663 ], [ -76.600154, 35.154445 ], [ -76.5954, 35.154834 ], [ -76.592244557405706, 35.154694419926201 ], [ -76.586606, 35.154445 ], [ -76.583754, 35.159692 ], [ -76.583991, 35.163384 ], [ -76.586606, 35.166881 ], [ -76.588032, 35.168824 ], [ -76.579951, 35.17407 ], [ -76.572583, 35.171933 ], [ -76.569255, 35.173487 ], [ -76.565452, 35.172516 ], [ -76.563789, 35.169018 ], [ -76.564502, 35.166298 ], [ -76.560936, 35.164161 ], [ -76.550241, 35.15464 ], [ -76.547151, 35.149198 ], [ -76.543824, 35.15153 ], [ -76.539545, 35.15464 ], [ -76.536347, 35.149927 ], [ -76.54216, 35.145311 ], [ -76.545963, 35.139092 ], [ -76.551192, 35.133261 ], [ -76.557134, 35.124708 ], [ -76.559273, 35.114209 ], [ -76.565215, 35.110321 ], [ -76.566641, 35.102543 ], [ -76.569493, 35.09846 ], [ -76.576861, 35.097876 ], [ -76.588745, 35.095932 ], [ -76.595162, 35.092042 ], [ -76.59231, 35.088541 ], [ -76.592553, 35.083605 ], [ -76.594925, 35.07765 ], [ -76.597301, 35.073954 ], [ -76.603481, 35.069869 ], [ -76.609423, 35.067145 ], [ -76.617742, 35.065784 ], [ -76.629864, 35.061309 ], [ -76.637232, 35.057807 ], [ -76.640797, 35.055278 ], [ -76.641035, 35.052359 ], [ -76.651627, 35.046208 ], [ -76.658147, 35.043408 ], [ -76.6618527729823, 35.039363606490397 ], [ -76.662426, 35.038738 ], [ -76.6647120937902, 35.036721990117698 ], [ -76.668605, 35.033289 ], [ -76.669934515402403, 35.032556274553798 ], [ -76.67462, 35.029974 ], [ -76.676755356215395, 35.029899575274698 ], [ -76.680014, 35.029786 ], [ -76.683342, 35.029786 ], [ -76.689284, 35.025699 ], [ -76.694709170323506, 35.023338462380003 ], [ -76.696889, 35.02239 ], [ -76.699056703849607, 35.021058487525202 ], [ -76.702517, 35.018933 ], [ -76.704238, 35.01458 ], [ -76.706396, 35.010905 ], [ -76.710199, 35.008958 ], [ -76.711625, 35.004481 ], [ -76.719707, 35.003897 ], [ -76.729927, 35.00195 ], [ -76.736819, 34.997666 ], [ -76.748228, 34.992993 ], [ -76.756971885005797, 34.992442144677099 ], [ -76.757498, 34.992409 ], [ -76.764186, 34.984751 ], [ -76.76748, 34.982284 ], [ -76.771181, 34.976742 ], [ -76.790773, 34.973715 ], [ -76.795703465800301, 34.971271959020299 ], [ -76.800565837603301, 34.968862658549597 ], [ -76.800993, 34.968651 ], [ -76.803607, 34.963781 ], [ -76.805760747753297, 34.966632450504399 ], [ -76.806697, 34.967872 ], [ -76.808425870292297, 34.967919942846798 ], [ -76.811421, 34.968003 ], [ -76.820483, 34.970988 ], [ -76.835325613453804, 34.980770233278101 ], [ -76.836574, 34.981593 ], [ -76.839960702634102, 34.984675268997002 ], [ -76.843538, 34.987931 ], [ -76.848109468887401, 34.990887758720902 ], [ -76.851616518922796, 34.993156067011299 ], [ -76.857085, 34.996693 ], [ -76.866653908570996, 35.001555066582902 ], [ -76.866825, 35.001642 ], [ -76.868426716151504, 35.001840729982199 ], [ -76.868539044696107, 35.001854666939501 ], [ -76.870871, 35.002144 ], [ -76.874674, 35.002729 ], [ -76.882992, 35.009542 ], [ -76.88941, 35.014993 ], [ -76.897491, 35.020054 ], [ -76.901056, 35.025115 ], [ -76.908678, 35.02842 ], [ -76.913891, 35.028034 ], [ -76.914366, 35.02492 ], [ -76.919833, 35.028813 ], [ -76.924795, 35.029238 ], [ -76.934039, 35.034229 ], [ -76.933143, 35.03543 ], [ -76.92934, 35.038349 ], [ -76.930291, 35.041852 ], [ -76.935741885338004, 35.043794997106801 ], [ -76.939849, 35.045259 ], [ -76.940749, 35.043603 ], [ -76.94574, 35.044965 ], [ -76.946691, 35.048468 ], [ -76.9487988184339, 35.051454559376801 ], [ -76.942861, 35.051358 ], [ -76.942776, 35.052615 ], [ -76.941203, 35.053 ], [ -76.940769, 35.054088 ], [ -76.941156, 35.057333 ], [ -76.938527, 35.058882 ], [ -76.936149, 35.06191 ], [ -76.936676, 35.064063 ], [ -76.935965, 35.064768 ], [ -76.935878, 35.067357 ], [ -76.935163, 35.069099 ], [ -76.935309, 35.072092 ], [ -76.937089, 35.073914 ], [ -76.937429, 35.076118 ], [ -76.935645, 35.076229 ], [ -76.933655, 35.077875 ], [ -76.933295, 35.080155 ], [ -76.934186, 35.081871 ], [ -76.936467, 35.084295 ], [ -76.937982, 35.085044 ], [ -76.936419, 35.086797 ], [ -76.938575, 35.089725 ], [ -76.93735, 35.091915 ], [ -76.938504, 35.093278 ], [ -76.937675, 35.099549 ], [ -76.93676, 35.101511 ], [ -76.939259, 35.101903 ], [ -76.940208, 35.10297 ], [ -76.938002, 35.10279 ], [ -76.93658, 35.10377 ], [ -76.936574, 35.105347 ], [ -76.934489, 35.10549 ], [ -76.933869, 35.106575 ], [ -76.934271, 35.107496 ], [ -76.936234, 35.108141 ], [ -76.936527, 35.111726 ], [ -76.937876, 35.112883 ], [ -76.937414, 35.114961 ], [ -76.933541, 35.115298 ], [ -76.931523, 35.115952 ], [ -76.931113, 35.117198 ], [ -76.934315, 35.115336 ], [ -76.937722, 35.115231 ], [ -76.937897, 35.114453 ], [ -76.941954, 35.115498 ], [ -76.940819, 35.119103 ], [ -76.941904, 35.119429 ], [ -76.943546, 35.121306 ], [ -76.94623, 35.121004 ], [ -76.948562, 35.123689 ], [ -76.95067, 35.124923 ], [ -76.957013, 35.125995 ], [ -76.958958, 35.12755 ], [ -76.966554, 35.129351 ], [ -76.968465, 35.129273 ], [ -76.971037, 35.131456 ], [ -76.975854, 35.133678 ], [ -76.977587, 35.136182 ], [ -76.977498, 35.13759 ], [ -76.978541, 35.138735 ], [ -76.980722, 35.139907 ], [ -76.982528, 35.141897 ], [ -76.982072, 35.143033 ], [ -76.984901, 35.145062 ], [ -76.984737, 35.146683 ], [ -76.986298, 35.15017 ], [ -76.987337, 35.151085 ], [ -76.986935, 35.152432 ], [ -76.987537, 35.154267 ] ] ] } },
{ "type": "Feature", "properties": { "STATEFP": "37", "COUNTYFP": "007", "COUNTYNS": "01008534", "GEOIDFQ": "0500000US37007", "GEOID": 37007, "NAME": "Anson", "NAMELSAD": "Anson County", "STUSPS": "NC", "STATE_NAME": "North Carolina", "LSAD": "06", "ALAND": 1376478141, "AWATER": 14603213, "state": "NC", "county": "Anson", "fips": 37007, "adult_pop": "17,493", "observed_distress": 18.9, "loneliness_rate": 35.4, "access_to_exercise": 37.01654954, "social_associations_per_10k": 10.374735444000001, "air_pollution": 8.4, "uninsured": 15.55952196, "unemployment_rate": 6.34952032, "providers_per_100k": 99.72801, "log_median_hh_income": 10.615775376623455, "rucc_category": "metro" }, "geometry": { "type": "Polygon", "coordinates": [ [ [ -80.310201, 34.906453 ], [ -80.309379, 34.91355 ], [ -80.307024, 34.934104 ], [ -80.302359, 34.974598 ], [ -80.301865, 34.978905 ], [ -80.300703, 34.988991 ], [ -80.297285, 35.018699 ], [ -80.293441, 35.051986 ], [ -80.293211, 35.053983 ], [ -80.291062, 35.072596 ], [ -80.290088, 35.08104 ], [ -80.276829, 35.195722 ], [ -80.275314, 35.196322 ], [ -80.273268, 35.198879 ], [ -80.271507, 35.20167 ], [ -80.269542, 35.202606 ], [ -80.265927, 35.203467 ], [ -80.264634, 35.204498 ], [ -80.264437, 35.207404 ], [ -80.26355, 35.208557 ], [ -80.259195, 35.208796 ], [ -80.255872, 35.211067 ], [ -80.253109, 35.210851 ], [ -80.251276, 35.208794 ], [ -80.250953, 35.207625 ], [ -80.25167, 35.204546 ], [ -80.250545, 35.202097 ], [ -80.247946, 35.198608 ], [ -80.24556, 35.19481 ], [ -80.241275, 35.190002 ], [ -80.239999, 35.188067 ], [ -80.239968, 35.186775 ], [ -80.2421, 35.181573 ], [ -80.241596, 35.179785 ], [ -80.23827, 35.173884 ], [ -80.236639, 35.171498 ], [ -80.231383, 35.166863 ], [ -80.230339, 35.16405 ], [ -80.227642, 35.160857 ], [ -80.225002, 35.156241 ], [ -80.221977, 35.155452 ], [ -80.217408, 35.155863 ], [ -80.213113, 35.15536 ], [ -80.208522, 35.15577 ], [ -80.207127, 35.156576 ], [ -80.206118, 35.159517 ], [ -80.206103, 35.163777 ], [ -80.204732, 35.165812 ], [ -80.202151, 35.166611 ], [ -80.200082, 35.166796 ], [ -80.196975, 35.166499 ], [ -80.19492, 35.165381 ], [ -80.193771, 35.159585 ], [ -80.191823, 35.156482 ], [ -80.190638, 35.155538 ], [ -80.18807, 35.155326 ], [ -80.184653, 35.15384 ], [ -80.18237, 35.15185 ], [ -80.178534, 35.149964 ], [ -80.174741, 35.148229 ], [ -80.172819, 35.147847 ], [ -80.16908, 35.147829 ], [ -80.165076, 35.147476 ], [ -80.160879, 35.1487 ], [ -80.159929, 35.149674 ], [ -80.159851, 35.151176 ], [ -80.161419, 35.153555 ], [ -80.165485, 35.157103 ], [ -80.167225, 35.159872 ], [ -80.167574, 35.162171 ], [ -80.166847, 35.163598 ], [ -80.165379, 35.164787 ], [ -80.160652, 35.16642 ], [ -80.158851, 35.167753 ], [ -80.157837, 35.172788 ], [ -80.155861, 35.174527 ], [ -80.153889, 35.174947 ], [ -80.150515, 35.174178 ], [ -80.148567, 35.173113 ], [ -80.14304, 35.168914 ], [ -80.141383, 35.168074 ], [ -80.138494, 35.167473 ], [ -80.136233, 35.167486 ], [ -80.134398, 35.168932 ], [ -80.133051, 35.171712 ], [ -80.131161, 35.173623 ], [ -80.126422, 35.173868 ], [ -80.124175, 35.175281 ], [ -80.124481, 35.176953 ], [ -80.126315, 35.180195 ], [ -80.128712, 35.183577 ], [ -80.129403, 35.185777 ], [ -80.129052, 35.187581 ], [ -80.127784, 35.188959 ], [ -80.125401, 35.190675 ], [ -80.122148, 35.192483 ], [ -80.118607, 35.193541 ], [ -80.114761, 35.194305 ], [ -80.113261, 35.194082 ], [ -80.111565, 35.193332 ], [ -80.108806, 35.190618 ], [ -80.108146, 35.187967 ], [ -80.108053, 35.18482 ], [ -80.108806, 35.181701 ], [ -80.108878, 35.17867 ], [ -80.108271, 35.175773 ], [ -80.107259, 35.17334 ], [ -80.106126, 35.171945 ], [ -80.102307, 35.168903 ], [ -80.096275, 35.165875 ], [ -80.093319, 35.163926 ], [ -80.08986, 35.160926 ], [ -80.086309, 35.157444 ], [ -80.079583, 35.150032 ], [ -80.077678, 35.147595 ], [ -80.076176, 35.143185 ], [ -80.075365, 35.143081 ], [ -80.075669, 35.14006 ], [ -80.075409, 35.13707 ], [ -80.074218, 35.132402 ], [ -80.073003, 35.129673 ], [ -80.069162, 35.122704 ], [ -80.068813, 35.119922 ], [ -80.069689, 35.115255 ], [ -80.069193, 35.113348 ], [ -80.06815, 35.112041 ], [ -80.064317, 35.110228 ], [ -80.061079, 35.109472 ], [ -80.059308, 35.108631 ], [ -80.046238, 35.104536 ], [ -80.041411, 35.102568 ], [ -80.038331, 35.100291 ], [ -80.031135, 35.094382 ], [ -80.026423, 35.091376 ], [ -80.024355, 35.090375 ], [ -80.022915, 35.090044 ], [ -80.0156, 35.089601 ], [ -80.010997, 35.088721 ], [ -80.000532, 35.085798 ], [ -79.995156, 35.085265 ], [ -79.992941, 35.08559 ], [ -79.986581, 35.088808 ], [ -79.984777, 35.090181 ], [ -79.982989, 35.092341 ], [ -79.981406, 35.097437 ], [ -79.978772, 35.100784 ], [ -79.976665, 35.102469 ], [ -79.969634, 35.106185 ], [ -79.962362, 35.111435 ], [ -79.958475, 35.113719 ], [ -79.952988, 35.116015 ], [ -79.946122, 35.118593 ], [ -79.941645, 35.119223 ], [ -79.93309, 35.118947 ], [ -79.930609, 35.118678 ], [ -79.927925, 35.117923 ], [ -79.92519, 35.116502 ], [ -79.923972, 35.11543 ], [ -79.922681, 35.112718 ], [ -79.922472, 35.10879 ], [ -79.9219, 35.106685 ], [ -79.920323, 35.10484 ], [ -79.91745, 35.102861 ], [ -79.914165, 35.099209 ], [ -79.912518, 35.096067 ], [ -79.911758, 35.091782 ], [ -79.912065, 35.083957 ], [ -79.912574, 35.0795 ], [ -79.912152, 35.07406 ], [ -79.910156, 35.068991 ], [ -79.907851, 35.065656 ], [ -79.903132, 35.062068 ], [ -79.894063, 35.057287 ], [ -79.888953, 35.054819 ], [ -79.884925, 35.052604 ], [ -79.882298, 35.050675 ], [ -79.87833, 35.046929 ], [ -79.87666, 35.044472 ], [ -79.875884, 35.042584 ], [ -79.875595, 35.040117 ], [ -79.875846, 35.03797 ], [ -79.877197, 35.03531 ], [ -79.880586, 35.032654 ], [ -79.885303, 35.030384 ], [ -79.888917, 35.027383 ], [ -79.891355, 35.025977 ], [ -79.892427, 35.02487 ], [ -79.893577, 35.021887 ], [ -79.894009, 35.018315 ], [ -79.895073, 35.015477 ], [ -79.896247, 35.013701 ], [ -79.898822, 35.010852 ], [ -79.900473, 35.00804 ], [ -79.900627, 35.005737 ], [ -79.89929, 35.003674 ], [ -79.892206, 34.998607 ], [ -79.885397, 34.992601 ], [ -79.880496, 34.988833 ], [ -79.876597, 34.986536 ], [ -79.874346, 34.984912 ], [ -79.871288, 34.98342 ], [ -79.867138, 34.98226 ], [ -79.864793, 34.979988 ], [ -79.863707, 34.97657 ], [ -79.863668, 34.974984 ], [ -79.864386, 34.972726 ], [ -79.865926, 34.970191 ], [ -79.867684, 34.963599 ], [ -79.871785, 34.956197 ], [ -79.872611, 34.953649 ], [ -79.872303, 34.950371 ], [ -79.870742, 34.946261 ], [ -79.869162, 34.944138 ], [ -79.866994, 34.93981 ], [ -79.866041, 34.938645 ], [ -79.861746, 34.934966 ], [ -79.859241, 34.931789 ], [ -79.858019, 34.92895 ], [ -79.855648, 34.925073 ], [ -79.854138, 34.920491 ], [ -79.851271, 34.915359 ], [ -79.84961, 34.911362 ], [ -79.848611, 34.906754 ], [ -79.848479, 34.904331 ], [ -79.849014, 34.901343 ], [ -79.850536, 34.898376 ], [ -79.856278, 34.892261 ], [ -79.860842, 34.88545 ], [ -79.863019, 34.882479 ], [ -79.865784, 34.879358 ], [ -79.870428, 34.875196 ], [ -79.875965, 34.871497 ], [ -79.880145, 34.866798 ], [ -79.883136, 34.864451 ], [ -79.885381, 34.863232 ], [ -79.887518, 34.862381 ], [ -79.890856, 34.861844 ], [ -79.894127, 34.861125 ], [ -79.897077, 34.859985 ], [ -79.899748, 34.858451 ], [ -79.902963, 34.854545 ], [ -79.90403, 34.851317 ], [ -79.906362, 34.845738 ], [ -79.908285, 34.842794 ], [ -79.908857, 34.841167 ], [ -79.909966, 34.834814 ], [ -79.910891, 34.832481 ], [ -79.911895, 34.828508 ], [ -79.912714, 34.826519 ], [ -79.913755, 34.818922 ], [ -79.914311, 34.817854 ], [ -79.916235, 34.816055 ], [ -79.920087, 34.811771 ], [ -79.923089, 34.808756 ], [ -79.927415787685803, 34.806550818802698 ], [ -79.927618, 34.806555 ], [ -79.928009506005793, 34.806563514851597 ], [ -79.930731692109902, 34.806622719590301 ], [ -79.968916344165194, 34.807453196369401 ], [ -79.985092847804495, 34.807805018630901 ], [ -79.994025617683505, 34.807999297157899 ], [ -80.000541, 34.808141 ], [ -80.013273681376404, 34.808417663767202 ], [ -80.027464, 34.808726 ], [ -80.042764, 34.809097 ], [ -80.043138491756594, 34.809104937515997 ], [ -80.043171054096703, 34.809105627689 ], [ -80.072912, 34.809736 ], [ -80.077223, 34.809716 ], [ -80.098022, 34.810147 ], [ -80.098203528735596, 34.810147 ], [ -80.098994, 34.810147 ], [ -80.131169, 34.810811 ], [ -80.148677495325302, 34.811171980621502 ], [ -80.159252, 34.81139 ], [ -80.189192657050199, 34.812007486475999 ], [ -80.229705, 34.812843 ], [ -80.23396, 34.812931 ], [ -80.283627, 34.813589 ], [ -80.2935936751594, 34.8137210183435 ], [ -80.30469, 34.813868 ], [ -80.320807360455802, 34.814081463211998 ], [ -80.310201, 34.906453 ] ] ] } },
{ "type": "Feature", "properties": { "STATEFP": "37", "COUNTYFP": "101", "COUNTYNS": "01026327", "GEOIDFQ": "0500000US37101", "GEOID": 37101, "NAME": "Johnston", "NAMELSAD": "Johnston County", "STUSPS": "NC", "STATE_NAME": "North Carolina", "LSAD": "06", "ALAND": 2051320566, "AWATER": 9400157, "state": "NC", "county": "Johnston", "fips": 37101, "adult_pop": "182,582", "observed_distress": 16.9, "loneliness_rate": 32.1, "access_to_exercise": 68.611891719999988, "social_associations_per_10k": 8.1851224994000003, "air_pollution": 8.1, "uninsured": 15.37990149, "unemployment_rate": 4.19744597, "providers_per_100k": 101.98495, "log_median_hh_income": 11.154663548170214, "rucc_category": "metro" }, "geometry": { "type": "Polygon", "coordinates": [ [ [ -78.708902, 35.519458 ], [ -78.698566, 35.527174 ], [ -78.694364, 35.530079 ], [ -78.663823, 35.553766 ], [ -78.64912, 35.565048 ], [ -78.642702, 35.570065 ], [ -78.614334, 35.59205 ], [ -78.597924, 35.604676 ], [ -78.587878, 35.612551 ], [ -78.566639, 35.629002 ], [ -78.566366, 35.629211 ], [ -78.561576, 35.632942 ], [ -78.540033, 35.649734 ], [ -78.531166, 35.656637 ], [ -78.518639, 35.666422 ], [ -78.518556, 35.666486 ], [ -78.516786, 35.667856 ], [ -78.516469, 35.668101 ], [ -78.511568, 35.671883 ], [ -78.511454, 35.67197 ], [ -78.510692, 35.672568 ], [ -78.509793, 35.67328 ], [ -78.507958, 35.674719 ], [ -78.482873, 35.694237 ], [ -78.480356, 35.696474 ], [ -78.473735, 35.70152 ], [ -78.471585, 35.7049 ], [ -78.467711, 35.707482 ], [ -78.465624, 35.708164 ], [ -78.463995, 35.708135 ], [ -78.460036, 35.705691 ], [ -78.458935, 35.706271 ], [ -78.458808, 35.706338 ], [ -78.456014, 35.707811 ], [ -78.444701, 35.713818 ], [ -78.439037, 35.716835 ], [ -78.431934, 35.720577 ], [ -78.42165, 35.726043 ], [ -78.413455, 35.730399 ], [ -78.387249, 35.744477 ], [ -78.365477, 35.756233 ], [ -78.36452, 35.756758 ], [ -78.360438, 35.758997 ], [ -78.351634, 35.763904 ], [ -78.324246, 35.779002 ], [ -78.298297, 35.793502 ], [ -78.278924, 35.804392 ], [ -78.268314, 35.810358 ], [ -78.264021, 35.813042 ], [ -78.263059, 35.813643 ], [ -78.255973, 35.81812 ], [ -78.256029, 35.817972 ], [ -78.255597, 35.816101 ], [ -78.257021, 35.813196 ], [ -78.255165, 35.812145 ], [ -78.254755, 35.81299 ], [ -78.251399, 35.810932 ], [ -78.252233, 35.808755 ], [ -78.250822, 35.805583 ], [ -78.251673, 35.804868 ], [ -78.250904, 35.803045 ], [ -78.249086, 35.80118 ], [ -78.250905, 35.798264 ], [ -78.249408, 35.795275 ], [ -78.246709, 35.794272 ], [ -78.243876, 35.791949 ], [ -78.245811, 35.789204 ], [ -78.245189, 35.788162 ], [ -78.246373, 35.786079 ], [ -78.246379, 35.783988 ], [ -78.248004, 35.78077 ], [ -78.248451, 35.778696 ], [ -78.248023, 35.776741 ], [ -78.248458, 35.77479 ], [ -78.250941, 35.773898 ], [ -78.250647, 35.77327 ], [ -78.249103, 35.772392 ], [ -78.246222, 35.772648 ], [ -78.244916, 35.769952 ], [ -78.242852, 35.76857 ], [ -78.239803, 35.768252 ], [ -78.238273, 35.767142 ], [ -78.238222, 35.763128 ], [ -78.234846, 35.759498 ], [ -78.235837, 35.7581 ], [ -78.234773, 35.756993 ], [ -78.235139, 35.755165 ], [ -78.232739, 35.751326 ], [ -78.229198, 35.750601 ], [ -78.22682, 35.750511 ], [ -78.226257, 35.752087 ], [ -78.224524, 35.752817 ], [ -78.222462, 35.752841 ], [ -78.219769, 35.755069 ], [ -78.218829, 35.754874 ], [ -78.218103, 35.753177 ], [ -78.216567, 35.751858 ], [ -78.217253, 35.750084 ], [ -78.215459, 35.748462 ], [ -78.215807, 35.745832 ], [ -78.215189, 35.744981 ], [ -78.213113, 35.744955 ], [ -78.214441, 35.740807 ], [ -78.215714, 35.73922 ], [ -78.214736, 35.737552 ], [ -78.215472, 35.735837 ], [ -78.213735, 35.735484 ], [ -78.212598, 35.733856 ], [ -78.210093, 35.732122 ], [ -78.208461, 35.730346 ], [ -78.20692, 35.731477 ], [ -78.204933, 35.729758 ], [ -78.204098, 35.728112 ], [ -78.197346, 35.727856 ], [ -78.193805, 35.728397 ], [ -78.193567, 35.729551 ], [ -78.192117, 35.730545 ], [ -78.18957, 35.730114 ], [ -78.187648, 35.729529 ], [ -78.182305, 35.728871 ], [ -78.181274, 35.726364 ], [ -78.180345, 35.727383 ], [ -78.180256, 35.725348 ], [ -78.176418, 35.724862 ], [ -78.175918, 35.722445 ], [ -78.17749, 35.720986 ], [ -78.175996, 35.718418 ], [ -78.174031, 35.717305 ], [ -78.173759, 35.717924 ], [ -78.170635, 35.717066 ], [ -78.170044, 35.715336 ], [ -78.168273, 35.714889 ], [ -78.167831, 35.713305 ], [ -78.163841, 35.712919 ], [ -78.164347, 35.7142 ], [ -78.162194, 35.713186 ], [ -78.161255, 35.712871 ], [ -78.160861, 35.711945 ], [ -78.161851, 35.710899 ], [ -78.160312, 35.711018 ], [ -78.161342, 35.698153 ], [ -78.157521, 35.685261 ], [ -78.152008, 35.670934 ], [ -78.15135, 35.669214 ], [ -78.147867, 35.660319 ], [ -78.127435, 35.607596 ], [ -78.12623, 35.604681 ], [ -78.125587, 35.603111 ], [ -78.120012, 35.60162 ], [ -78.118402, 35.601186 ], [ -78.115641, 35.600433 ], [ -78.113666, 35.599837 ], [ -78.112519, 35.599491 ], [ -78.064784, 35.585263 ], [ -78.079668, 35.557694 ], [ -78.092703, 35.533403 ], [ -78.100275, 35.519254 ], [ -78.105055, 35.510437 ], [ -78.106007, 35.508907 ], [ -78.119027, 35.484422 ], [ -78.124808, 35.473552 ], [ -78.134877, 35.454693 ], [ -78.135969, 35.452679 ], [ -78.140852, 35.443623 ], [ -78.15491, 35.41781 ], [ -78.15458, 35.411176 ], [ -78.153916, 35.397688 ], [ -78.153672, 35.391987 ], [ -78.149881, 35.391816 ], [ -78.144327, 35.387411 ], [ -78.144724, 35.384659 ], [ -78.145913, 35.38288 ], [ -78.150141, 35.37946 ], [ -78.150723, 35.378563 ], [ -78.152723, 35.378025 ], [ -78.157838, 35.375016 ], [ -78.15919, 35.372223 ], [ -78.161799, 35.368972 ], [ -78.162443, 35.367227 ], [ -78.161658, 35.364769 ], [ -78.160158, 35.363684 ], [ -78.160027, 35.36262 ], [ -78.158385, 35.361395 ], [ -78.157886, 35.359764 ], [ -78.160104, 35.358926 ], [ -78.15991, 35.356544 ], [ -78.156586, 35.355993 ], [ -78.154503, 35.356967 ], [ -78.153277, 35.355577 ], [ -78.154346, 35.35357 ], [ -78.153243, 35.350671 ], [ -78.155004, 35.34939 ], [ -78.158789, 35.347488 ], [ -78.159275, 35.349058 ], [ -78.160862, 35.349346 ], [ -78.162137, 35.347684 ], [ -78.165557, 35.346367 ], [ -78.16814, 35.347998 ], [ -78.169206, 35.346552 ], [ -78.170725, 35.346314 ], [ -78.173204, 35.347131 ], [ -78.17669, 35.346326 ], [ -78.178801, 35.344148 ], [ -78.181115, 35.343937 ], [ -78.184805, 35.34542 ], [ -78.185944, 35.343142 ], [ -78.18809, 35.342568 ], [ -78.18861, 35.343357 ], [ -78.192244, 35.343415 ], [ -78.19367, 35.342811 ], [ -78.196274, 35.343568 ], [ -78.197261, 35.343028 ], [ -78.196493, 35.341919 ], [ -78.197282, 35.340061 ], [ -78.198617, 35.340098 ], [ -78.200593, 35.341286 ], [ -78.20301, 35.341026 ], [ -78.205636, 35.339752 ], [ -78.209312, 35.339775 ], [ -78.210245, 35.341792 ], [ -78.211956, 35.342312 ], [ -78.21347, 35.340478 ], [ -78.215478, 35.341527 ], [ -78.216546, 35.339271 ], [ -78.216685, 35.337141 ], [ -78.215565, 35.333772 ], [ -78.216635, 35.333006 ], [ -78.218975, 35.33268 ], [ -78.222903, 35.330189 ], [ -78.224799, 35.329343 ], [ -78.230293, 35.326136 ], [ -78.232836, 35.324928 ], [ -78.234166, 35.323199 ], [ -78.23629, 35.322633 ], [ -78.242087, 35.319954 ], [ -78.244953, 35.320733 ], [ -78.248552, 35.320394 ], [ -78.249954, 35.32203 ], [ -78.254388, 35.323561 ], [ -78.256751, 35.325579 ], [ -78.258372, 35.325487 ], [ -78.264685, 35.324084 ], [ -78.269021, 35.322831 ], [ -78.271742, 35.321159 ], [ -78.273702, 35.317893 ], [ -78.276034, 35.315136 ], [ -78.2771, 35.315061 ], [ -78.289711, 35.315077 ], [ -78.298253, 35.301787 ], [ -78.299844, 35.298557 ], [ -78.304372, 35.290701 ], [ -78.30658, 35.287604 ], [ -78.310354, 35.286891 ], [ -78.330025, 35.281537 ], [ -78.357577, 35.273948 ], [ -78.364213, 35.272123 ], [ -78.388283, 35.265528 ], [ -78.397725, 35.26296 ], [ -78.411792, 35.254672 ], [ -78.418364, 35.255278 ], [ -78.450167, 35.258625 ], [ -78.49193, 35.263342 ], [ -78.509817, 35.281665 ], [ -78.522225, 35.295037 ], [ -78.52665, 35.303025 ], [ -78.538349, 35.31641 ], [ -78.536061, 35.318653 ], [ -78.535594, 35.319934 ], [ -78.536344, 35.323587 ], [ -78.537597, 35.325092 ], [ -78.537645, 35.327059 ], [ -78.536447, 35.329043 ], [ -78.532583, 35.331281 ], [ -78.530179, 35.333915 ], [ -78.529851, 35.334935 ], [ -78.530576, 35.337638 ], [ -78.533582, 35.340643 ], [ -78.532758, 35.34229 ], [ -78.535196, 35.345032 ], [ -78.539654, 35.347142 ], [ -78.540073, 35.348312 ], [ -78.542669, 35.349224 ], [ -78.543493, 35.350502 ], [ -78.545711, 35.352045 ], [ -78.548869, 35.353183 ], [ -78.552182, 35.356684 ], [ -78.557316, 35.358755 ], [ -78.55917, 35.361045 ], [ -78.562661, 35.362223 ], [ -78.562832, 35.36396 ], [ -78.563542, 35.366235 ], [ -78.567564, 35.367813 ], [ -78.568818, 35.369279 ], [ -78.569044, 35.372056 ], [ -78.5681, 35.373418 ], [ -78.569385, 35.376454 ], [ -78.57076, 35.377421 ], [ -78.570813, 35.37955 ], [ -78.571955, 35.380421 ], [ -78.571641, 35.383881 ], [ -78.572501, 35.386482 ], [ -78.573688, 35.386903 ], [ -78.574452, 35.388505 ], [ -78.575401, 35.38913 ], [ -78.57689, 35.389897 ], [ -78.579579, 35.392254 ], [ -78.584105, 35.394169 ], [ -78.584188, 35.395663 ], [ -78.585621, 35.396324 ], [ -78.588239, 35.396224 ], [ -78.591067, 35.39718 ], [ -78.592655, 35.3986 ], [ -78.592699, 35.400036 ], [ -78.595094, 35.401948 ], [ -78.596703, 35.405673 ], [ -78.597278, 35.407878 ], [ -78.596612, 35.409178 ], [ -78.597965, 35.413071 ], [ -78.598773, 35.41826 ], [ -78.601201, 35.420923 ], [ -78.605129, 35.422979 ], [ -78.609946, 35.427192 ], [ -78.610083, 35.427628 ], [ -78.607417, 35.430956 ], [ -78.607183, 35.432118 ], [ -78.61108, 35.435916 ], [ -78.614775, 35.44028 ], [ -78.614601, 35.441952 ], [ -78.619704, 35.445443 ], [ -78.621353, 35.450504 ], [ -78.624373, 35.454493 ], [ -78.626156, 35.456032 ], [ -78.62724, 35.45827 ], [ -78.630469, 35.459762 ], [ -78.638345, 35.461586 ], [ -78.640277, 35.462833 ], [ -78.644416, 35.466163 ], [ -78.650253, 35.472416 ], [ -78.650475, 35.476037 ], [ -78.649861, 35.48005 ], [ -78.650429, 35.482849 ], [ -78.653433, 35.483953 ], [ -78.655722, 35.490304 ], [ -78.659481, 35.494135 ], [ -78.660555, 35.496245 ], [ -78.662145, 35.496292 ], [ -78.667674, 35.496474 ], [ -78.672581, 35.495685 ], [ -78.675492, 35.496376 ], [ -78.683055, 35.500801 ], [ -78.686885, 35.501851 ], [ -78.687835, 35.504208 ], [ -78.688171, 35.513843 ], [ -78.689661, 35.515931 ], [ -78.69039, 35.51584 ], [ -78.697279, 35.51691 ], [ -78.70628, 35.51863 ], [ -78.708902, 35.519458 ] ] ] } },
{ "type": "Feature", "properties": { "STATEFP": "37", "COUNTYFP": "127", "COUNTYNS": "01008574", "GEOIDFQ": "0500000US37127", "GEOID": 37127, "NAME": "Nash", "NAMELSAD": "Nash County", "STUSPS": "NC", "STATE_NAME": "North Carolina", "LSAD": "06", "ALAND": 1399742907, "AWATER": 6174819, "state": "NC", "county": "Nash", "fips": 37127, "adult_pop": "75,392", "observed_distress": 17.2, "loneliness_rate": 33.1, "access_to_exercise": 55.41539434, "social_associations_per_10k": 11.596158509, "air_pollution": 8.1, "uninsured": 16.03292826, "unemployment_rate": 6.32492864, "providers_per_100k": 143.94385, "log_median_hh_income": 10.932320946596322, "rucc_category": "metro" }, "geometry": { "type": "Polygon", "coordinates": [ [ [ -78.255597, 35.816101 ], [ -78.256029, 35.817972 ], [ -78.255973, 35.81812 ], [ -78.232393, 35.857458 ], [ -78.216911, 35.882443 ], [ -78.197522, 35.913902 ], [ -78.184197, 35.935489 ], [ -78.182182, 35.938758 ], [ -78.171707, 35.954873 ], [ -78.131228, 36.016798 ], [ -78.122005, 36.030478 ], [ -78.117289, 36.037517 ], [ -78.091812, 36.075528 ], [ -78.078131, 36.095924 ], [ -78.052673, 36.133858 ], [ -78.052353, 36.134327 ], [ -78.010749, 36.196191 ], [ -78.006551, 36.202633 ], [ -78.006211, 36.20158 ], [ -78.005223, 36.202456 ], [ -78.003916, 36.201072 ], [ -78.001033, 36.198752 ], [ -77.997128, 36.198693 ], [ -77.997791, 36.197287 ], [ -77.996682, 36.192422 ], [ -77.993835, 36.190836 ], [ -77.993354, 36.189684 ], [ -77.993596, 36.186938 ], [ -77.991576, 36.185056 ], [ -77.990323, 36.185632 ], [ -77.991198, 36.186313 ], [ -77.98765, 36.189532 ], [ -77.983042, 36.186651 ], [ -77.984219, 36.184164 ], [ -77.98457, 36.182395 ], [ -77.983078, 36.179853 ], [ -77.980381, 36.1793 ], [ -77.97889, 36.177438 ], [ -77.978585, 36.175429 ], [ -77.977663, 36.175259 ], [ -77.975416, 36.177654 ], [ -77.973939, 36.17683 ], [ -77.971393, 36.178023 ], [ -77.969871, 36.18246 ], [ -77.969018, 36.18385 ], [ -77.969785, 36.186639 ], [ -77.97253, 36.189028 ], [ -77.973174, 36.190241 ], [ -77.97386, 36.193656 ], [ -77.973345, 36.194178 ], [ -77.971365, 36.193944 ], [ -77.968089, 36.194504 ], [ -77.964476, 36.191896 ], [ -77.963608, 36.19037 ], [ -77.958032, 36.186769 ], [ -77.956006, 36.18433 ], [ -77.951087, 36.180575 ], [ -77.948391, 36.18168 ], [ -77.945107, 36.181751 ], [ -77.944286, 36.182276 ], [ -77.943034, 36.186414 ], [ -77.944396, 36.188028 ], [ -77.944668, 36.190016 ], [ -77.943774, 36.192625 ], [ -77.940854, 36.192218 ], [ -77.938198, 36.189357 ], [ -77.933795, 36.186425 ], [ -77.932643, 36.183339 ], [ -77.931817, 36.182564 ], [ -77.928796, 36.182114 ], [ -77.926093, 36.183168 ], [ -77.925883, 36.185776 ], [ -77.925076, 36.188335 ], [ -77.923754, 36.188807 ], [ -77.920443, 36.18487 ], [ -77.917958, 36.181536 ], [ -77.917775, 36.179615 ], [ -77.921305, 36.173233 ], [ -77.922675, 36.169559 ], [ -77.923032, 36.166897 ], [ -77.919964, 36.164842 ], [ -77.915604, 36.163524 ], [ -77.910653, 36.165297 ], [ -77.907199, 36.16501 ], [ -77.900739, 36.162697 ], [ -77.901289, 36.16027 ], [ -77.901385, 36.156673 ], [ -77.900742, 36.155953 ], [ -77.89557, 36.153689 ], [ -77.892354, 36.151179 ], [ -77.891739, 36.149847 ], [ -77.890995, 36.148361 ], [ -77.888329, 36.145345 ], [ -77.887876, 36.143966 ], [ -77.885912, 36.14452 ], [ -77.885559, 36.146168 ], [ -77.884231, 36.147298 ], [ -77.881761, 36.146589 ], [ -77.879413, 36.143299 ], [ -77.878924, 36.144721 ], [ -77.877638, 36.144555 ], [ -77.875356, 36.145445 ], [ -77.871354, 36.145306 ], [ -77.869731, 36.146405 ], [ -77.868024, 36.146455 ], [ -77.865778, 36.148533 ], [ -77.861858, 36.1491 ], [ -77.860523, 36.148837 ], [ -77.857008, 36.146427 ], [ -77.855599, 36.14595 ], [ -77.852268, 36.146539 ], [ -77.849389, 36.145386 ], [ -77.846836, 36.145052 ], [ -77.84126, 36.145584 ], [ -77.836077, 36.144583 ], [ -77.832888, 36.14432 ], [ -77.830722, 36.145561 ], [ -77.824404, 36.143997 ], [ -77.821892, 36.144777 ], [ -77.819217, 36.143559 ], [ -77.817707, 36.141142 ], [ -77.814673, 36.13961 ], [ -77.808774, 36.138238 ], [ -77.807517, 36.138385 ], [ -77.806163, 36.139868 ], [ -77.805153, 36.142152 ], [ -77.805916, 36.146251 ], [ -77.805048, 36.149231 ], [ -77.803937, 36.149742 ], [ -77.802126, 36.148564 ], [ -77.802148, 36.146387 ], [ -77.800658, 36.144997 ], [ -77.799263, 36.144476 ], [ -77.797435, 36.145195 ], [ -77.792486, 36.145139 ], [ -77.788375, 36.144013 ], [ -77.786401, 36.142953 ], [ -77.784381, 36.141772 ], [ -77.782119, 36.141507 ], [ -77.781036, 36.142813 ], [ -77.77819, 36.14404 ], [ -77.775748, 36.142566 ], [ -77.774005, 36.142553 ], [ -77.773849, 36.145926 ], [ -77.771987, 36.147095 ], [ -77.769315, 36.146177 ], [ -77.764781, 36.147889 ], [ -77.761195, 36.148601 ], [ -77.757527, 36.14878 ], [ -77.753854, 36.15121 ], [ -77.753154, 36.152197 ], [ -77.753524, 36.155332 ], [ -77.7528, 36.157232 ], [ -77.750068, 36.157468 ], [ -77.749009, 36.15695 ], [ -77.746842, 36.153681 ], [ -77.745694, 36.153013 ], [ -77.743825, 36.153572 ], [ -77.741905, 36.155112 ], [ -77.737184, 36.153748 ], [ -77.735863, 36.150581 ], [ -77.734216, 36.148621 ], [ -77.731858, 36.147411 ], [ -77.731074, 36.14836 ], [ -77.729254, 36.148687 ], [ -77.730826, 36.146875 ], [ -77.730067, 36.143513 ], [ -77.731528, 36.139317 ], [ -77.725941, 36.137812 ], [ -77.7235, 36.134834 ], [ -77.721332, 36.133795 ], [ -77.717376, 36.1353 ], [ -77.71642, 36.137137 ], [ -77.719828, 36.139331 ], [ -77.720099, 36.140775 ], [ -77.721149, 36.141923 ], [ -77.7192, 36.142978 ], [ -77.716763, 36.145785 ], [ -77.714908, 36.146609 ], [ -77.712856, 36.145528 ], [ -77.711481, 36.145397 ], [ -77.70646, 36.146785 ], [ -77.707029, 36.14828 ], [ -77.704924, 36.150913 ], [ -77.703722, 36.151342 ], [ -77.702781, 36.150475 ], [ -77.699456, 36.152942 ], [ -77.697956, 36.15315 ], [ -77.701113, 36.149964 ], [ -77.703187, 36.146312 ], [ -77.70404, 36.142517 ], [ -77.705387, 36.122198 ], [ -77.705821, 36.119389 ], [ -77.706966, 36.115503 ], [ -77.708522, 36.112106 ], [ -77.708627, 36.111916 ], [ -77.709667, 36.110149 ], [ -77.716962, 36.099081 ], [ -77.71701, 36.099009 ], [ -77.732998, 36.074763 ], [ -77.741924, 36.06112 ], [ -77.746617, 36.052663 ], [ -77.746841, 36.052278 ], [ -77.751607, 36.043611 ], [ -77.753788, 36.03967 ], [ -77.758799, 36.030553 ], [ -77.767354, 36.015092 ], [ -77.767681, 36.014495 ], [ -77.771789, 36.0067 ], [ -77.774097, 35.99874 ], [ -77.775993, 35.991292 ], [ -77.777751, 35.984635 ], [ -77.788478, 35.958677 ], [ -77.789654, 35.955886 ], [ -77.791967, 35.950321 ], [ -77.79452, 35.944175 ], [ -77.797878, 35.936208 ], [ -77.798795, 35.933925 ], [ -77.801547, 35.927312 ], [ -77.804189, 35.920994 ], [ -77.806132, 35.916361 ], [ -77.80906, 35.90933 ], [ -77.814158, 35.897102 ], [ -77.81657, 35.891265 ], [ -77.818604, 35.886402 ], [ -77.820998, 35.880958 ], [ -77.825886, 35.871879 ], [ -77.828444, 35.867208 ], [ -77.832983, 35.858904 ], [ -77.835269, 35.854803 ], [ -77.844737, 35.837618 ], [ -77.853453, 35.843983 ], [ -77.855101, 35.84445 ], [ -77.862952, 35.84666 ], [ -77.873867, 35.849731 ], [ -77.883088, 35.846217 ], [ -77.897358, 35.843853 ], [ -77.915657, 35.83645 ], [ -77.931361, 35.830078 ], [ -77.987446, 35.807355 ], [ -77.99073, 35.806034 ], [ -78.022703, 35.79337 ], [ -78.036973, 35.78792 ], [ -78.038023, 35.787519 ], [ -78.048034, 35.783692 ], [ -78.066893, 35.776477 ], [ -78.117223, 35.757178 ], [ -78.147209, 35.745769 ], [ -78.163916, 35.742065 ], [ -78.179812, 35.738593 ], [ -78.181972, 35.737956 ], [ -78.18677, 35.73457 ], [ -78.188967, 35.73424 ], [ -78.192117, 35.730545 ], [ -78.193567, 35.729551 ], [ -78.193805, 35.728397 ], [ -78.197346, 35.727856 ], [ -78.204098, 35.728112 ], [ -78.204933, 35.729758 ], [ -78.20692, 35.731477 ], [ -78.208461, 35.730346 ], [ -78.210093, 35.732122 ], [ -78.212598, 35.733856 ], [ -78.213735, 35.735484 ], [ -78.215472, 35.735837 ], [ -78.214736, 35.737552 ], [ -78.215714, 35.73922 ], [ -78.214441, 35.740807 ], [ -78.213113, 35.744955 ], [ -78.215189, 35.744981 ], [ -78.215807, 35.745832 ], [ -78.215459, 35.748462 ], [ -78.217253, 35.750084 ], [ -78.216567, 35.751858 ], [ -78.218103, 35.753177 ], [ -78.218829, 35.754874 ], [ -78.219769, 35.755069 ], [ -78.222462, 35.752841 ], [ -78.224524, 35.752817 ], [ -78.226257, 35.752087 ], [ -78.22682, 35.750511 ], [ -78.229198, 35.750601 ], [ -78.232739, 35.751326 ], [ -78.235139, 35.755165 ], [ -78.234773, 35.756993 ], [ -78.235837, 35.7581 ], [ -78.234846, 35.759498 ], [ -78.238222, 35.763128 ], [ -78.238273, 35.767142 ], [ -78.239803, 35.768252 ], [ -78.242852, 35.76857 ], [ -78.244916, 35.769952 ], [ -78.246222, 35.772648 ], [ -78.249103, 35.772392 ], [ -78.250647, 35.77327 ], [ -78.250941, 35.773898 ], [ -78.248458, 35.77479 ], [ -78.248023, 35.776741 ], [ -78.248451, 35.778696 ], [ -78.248004, 35.78077 ], [ -78.246379, 35.783988 ], [ -78.246373, 35.786079 ], [ -78.245189, 35.788162 ], [ -78.245811, 35.789204 ], [ -78.243876, 35.791949 ], [ -78.246709, 35.794272 ], [ -78.249408, 35.795275 ], [ -78.250905, 35.798264 ], [ -78.249086, 35.80118 ], [ -78.250904, 35.803045 ], [ -78.251673, 35.804868 ], [ -78.250822, 35.805583 ], [ -78.252233, 35.808755 ], [ -78.251399, 35.810932 ], [ -78.254755, 35.81299 ], [ -78.255165, 35.812145 ], [ -78.257021, 35.813196 ], [ -78.255597, 35.816101 ] ] ] } },
{ "type": "Feature", "properties": { "STATEFP": "37", "COUNTYFP": "163", "COUNTYNS": "01026131", "GEOIDFQ": "0500000US37163", "GEOID": 37163, "NAME": "Sampson", "NAMELSAD": "Sampson County", "STUSPS": "NC", "STATE_NAME": "North Carolina", "LSAD": "06", "ALAND": 2449946534, "AWATER": 4923828, "state": "NC", "county": "Sampson", "fips": 37163, "adult_pop": "44,966", "observed_distress": 18.1, "loneliness_rate": 35.3, "access_to_exercise": 43.97147503, "social_associations_per_10k": 13.25297403, "air_pollution": 7.7, "uninsured": 22.37867668, "unemployment_rate": 4.49708822, "providers_per_100k": 47.46567, "log_median_hh_income": 10.784503376319144, "rucc_category": "mid" }, "geometry": { "type": "Polygon", "coordinates": [ [ [ -78.671788, 35.087041 ], [ -78.670537, 35.08766 ], [ -78.670339, 35.091551 ], [ -78.670716, 35.092469 ], [ -78.667894, 35.093688 ], [ -78.666166, 35.093451 ], [ -78.663736, 35.092168 ], [ -78.659951, 35.092932 ], [ -78.658238, 35.094466 ], [ -78.658257, 35.097467 ], [ -78.659454, 35.098739 ], [ -78.65773, 35.101396 ], [ -78.65447, 35.100697 ], [ -78.652649, 35.102718 ], [ -78.651993, 35.103536 ], [ -78.652602, 35.106433 ], [ -78.653966, 35.107687 ], [ -78.653809, 35.111416 ], [ -78.650299, 35.113118 ], [ -78.64566, 35.113109 ], [ -78.64461, 35.113795 ], [ -78.643219, 35.113107 ], [ -78.639332, 35.115893 ], [ -78.639009, 35.116994 ], [ -78.639953, 35.119779 ], [ -78.641369, 35.121104 ], [ -78.64766, 35.117941 ], [ -78.650524, 35.117999 ], [ -78.652231, 35.11979 ], [ -78.651928, 35.121782 ], [ -78.649866, 35.12254 ], [ -78.648783, 35.125208 ], [ -78.647678, 35.125847 ], [ -78.645083, 35.126255 ], [ -78.644341, 35.127645 ], [ -78.64271, 35.128324 ], [ -78.641613, 35.13187 ], [ -78.639107, 35.132113 ], [ -78.637973, 35.133264 ], [ -78.637991, 35.134648 ], [ -78.636154, 35.136151 ], [ -78.634717, 35.13936 ], [ -78.634742, 35.140119 ], [ -78.636769, 35.141499 ], [ -78.637615, 35.144406 ], [ -78.637096, 35.145913 ], [ -78.637879, 35.148827 ], [ -78.635878, 35.149739 ], [ -78.636019, 35.150766 ], [ -78.639902, 35.154865 ], [ -78.639735, 35.155639 ], [ -78.638976, 35.156792 ], [ -78.636363, 35.15763 ], [ -78.636201, 35.157571 ], [ -78.634089, 35.157045 ], [ -78.633664, 35.157115 ], [ -78.633488, 35.157681 ], [ -78.632726, 35.158294 ], [ -78.632557, 35.158645 ], [ -78.632776, 35.159124 ], [ -78.632661, 35.159984 ], [ -78.63282, 35.164179 ], [ -78.635003, 35.164133 ], [ -78.637838, 35.16515 ], [ -78.638916, 35.167015 ], [ -78.635623, 35.170941 ], [ -78.634244, 35.170992 ], [ -78.632128, 35.169892 ], [ -78.629852, 35.172346 ], [ -78.630358, 35.174043 ], [ -78.634616, 35.176886 ], [ -78.634674, 35.178937 ], [ -78.636642, 35.181015 ], [ -78.638836, 35.18205 ], [ -78.639587, 35.184841 ], [ -78.640041, 35.185928 ], [ -78.639527, 35.186608 ], [ -78.637083, 35.189532 ], [ -78.636557, 35.190647 ], [ -78.635717, 35.191685 ], [ -78.636447, 35.192395 ], [ -78.637464, 35.192623 ], [ -78.640132, 35.192444 ], [ -78.641033, 35.193478 ], [ -78.641533, 35.194048 ], [ -78.644396, 35.195986 ], [ -78.646385, 35.196679 ], [ -78.646765, 35.197429 ], [ -78.646446, 35.198569 ], [ -78.643617, 35.199335 ], [ -78.642709, 35.200913 ], [ -78.641892, 35.200772 ], [ -78.637313, 35.197867 ], [ -78.634437, 35.198684 ], [ -78.63213, 35.201122 ], [ -78.628964, 35.200656 ], [ -78.625795, 35.20207 ], [ -78.624376, 35.203983 ], [ -78.62569, 35.205909 ], [ -78.627528, 35.205786 ], [ -78.628096, 35.207371 ], [ -78.629929, 35.207844 ], [ -78.631802, 35.210706 ], [ -78.633171, 35.211218 ], [ -78.633668, 35.212534 ], [ -78.633188, 35.213719 ], [ -78.630631, 35.216044 ], [ -78.630531, 35.217359 ], [ -78.627002, 35.218526 ], [ -78.623964, 35.220826 ], [ -78.622335, 35.223094 ], [ -78.621823, 35.225413 ], [ -78.619501, 35.226927 ], [ -78.618304, 35.229457 ], [ -78.618961, 35.230263 ], [ -78.618227, 35.231133 ], [ -78.619013, 35.234062 ], [ -78.616884, 35.23711 ], [ -78.615594, 35.237804 ], [ -78.617279, 35.240767 ], [ -78.616631, 35.243365 ], [ -78.617114, 35.245718 ], [ -78.613637, 35.248219 ], [ -78.613248, 35.249371 ], [ -78.610642, 35.251354 ], [ -78.608897, 35.254051 ], [ -78.603084, 35.257856 ], [ -78.601485, 35.257588 ], [ -78.5998, 35.258716 ], [ -78.598669, 35.261229 ], [ -78.599683, 35.263249 ], [ -78.599523, 35.264029 ], [ -78.593657, 35.26711 ], [ -78.589482, 35.2706 ], [ -78.586132, 35.272108 ], [ -78.584639, 35.273312 ], [ -78.583507, 35.275821 ], [ -78.584076, 35.277882 ], [ -78.58318, 35.278715 ], [ -78.584442, 35.2809 ], [ -78.584391, 35.282619 ], [ -78.585483, 35.284191 ], [ -78.583701, 35.287782 ], [ -78.584073, 35.289009 ], [ -78.583322, 35.291453 ], [ -78.585154, 35.29334 ], [ -78.582968, 35.295418 ], [ -78.582948, 35.295458 ], [ -78.582944, 35.295473 ], [ -78.583451, 35.296779 ], [ -78.581756, 35.298167 ], [ -78.578204, 35.297226 ], [ -78.576293, 35.295968 ], [ -78.572491, 35.297787 ], [ -78.571587, 35.300304 ], [ -78.570366, 35.302049 ], [ -78.564113, 35.304479 ], [ -78.561666, 35.304924 ], [ -78.559818, 35.304506 ], [ -78.55756, 35.304797 ], [ -78.55974, 35.305863 ], [ -78.557929, 35.306897 ], [ -78.5555, 35.309553 ], [ -78.55272, 35.310377 ], [ -78.54894, 35.310632 ], [ -78.545143, 35.312173 ], [ -78.542034, 35.314796 ], [ -78.538718, 35.315801 ], [ -78.538349, 35.31641 ], [ -78.52665, 35.303025 ], [ -78.522225, 35.295037 ], [ -78.509817, 35.281665 ], [ -78.49193, 35.263342 ], [ -78.450167, 35.258625 ], [ -78.418364, 35.255278 ], [ -78.411792, 35.254672 ], [ -78.397725, 35.26296 ], [ -78.388283, 35.265528 ], [ -78.364213, 35.272123 ], [ -78.357577, 35.273948 ], [ -78.330025, 35.281537 ], [ -78.310354, 35.286891 ], [ -78.30658, 35.287604 ], [ -78.293475, 35.274315 ], [ -78.26708, 35.247214 ], [ -78.246217, 35.225996 ], [ -78.245021, 35.225951 ], [ -78.238276, 35.223389 ], [ -78.235672, 35.223314 ], [ -78.161845, 35.204323 ], [ -78.16342, 35.189716 ], [ -78.164066, 35.178658 ], [ -78.164628, 35.169057 ], [ -78.163013, 35.137266 ], [ -78.170714, 35.114874 ], [ -78.171845, 35.093528 ], [ -78.159833, 35.079809 ], [ -78.158173, 35.056442 ], [ -78.157057, 35.04038 ], [ -78.15377, 34.993539 ], [ -78.149842, 34.939737 ], [ -78.147129, 34.902506 ], [ -78.147166, 34.902391 ], [ -78.173702, 34.81955 ], [ -78.176774, 34.811326 ], [ -78.180226, 34.801315 ], [ -78.185149, 34.785363 ], [ -78.198481, 34.742197 ], [ -78.198535, 34.74201 ], [ -78.198642, 34.741637 ], [ -78.188539, 34.737499 ], [ -78.150553, 34.721964 ], [ -78.13522, 34.710214 ], [ -78.128598, 34.711318 ], [ -78.123801, 34.713887 ], [ -78.120603, 34.715882 ], [ -78.118388, 34.717953 ], [ -78.117283, 34.71962 ], [ -78.114007, 34.721795 ], [ -78.113377, 34.716217 ], [ -78.114303, 34.710691 ], [ -78.113472, 34.707219 ], [ -78.11421, 34.706735 ], [ -78.156481, 34.679095 ], [ -78.213576, 34.605925 ], [ -78.233546, 34.580362 ], [ -78.254441, 34.553595 ], [ -78.256868, 34.555842 ], [ -78.26009, 34.555678 ], [ -78.260124, 34.556583 ], [ -78.251728, 34.562021 ], [ -78.253652, 34.563121 ], [ -78.254514, 34.564336 ], [ -78.254054, 34.566379 ], [ -78.255056, 34.568917 ], [ -78.255516, 34.568017 ], [ -78.257868, 34.568351 ], [ -78.25884, 34.570043 ], [ -78.260001, 34.569943 ], [ -78.260314, 34.57096 ], [ -78.261869, 34.571043 ], [ -78.261966, 34.57211 ], [ -78.260857, 34.57271 ], [ -78.260673, 34.574503 ], [ -78.261439, 34.575683 ], [ -78.263784, 34.576319 ], [ -78.264152, 34.577158 ], [ -78.262771, 34.578947 ], [ -78.264227, 34.57879 ], [ -78.265942, 34.581703 ], [ -78.266252, 34.583956 ], [ -78.267607, 34.583981 ], [ -78.26929, 34.582493 ], [ -78.27198, 34.580987 ], [ -78.273379, 34.582873 ], [ -78.273723, 34.581685 ], [ -78.275019, 34.581445 ], [ -78.274858, 34.584195 ], [ -78.276122, 34.584224 ], [ -78.27707, 34.585489 ], [ -78.276653, 34.586497 ], [ -78.277968, 34.586709 ], [ -78.278197, 34.588169 ], [ -78.280524, 34.589387 ], [ -78.279841, 34.591103 ], [ -78.282475, 34.59077 ], [ -78.282706, 34.591641 ], [ -78.284401, 34.591739 ], [ -78.287956, 34.594299 ], [ -78.288904, 34.595848 ], [ -78.289027, 34.598075 ], [ -78.290647, 34.597755 ], [ -78.291289, 34.596707 ], [ -78.292651, 34.597126 ], [ -78.291208, 34.600488 ], [ -78.292346, 34.600457 ], [ -78.293493, 34.601682 ], [ -78.295638, 34.601434 ], [ -78.297915, 34.599732 ], [ -78.300447, 34.600515 ], [ -78.30071, 34.60126 ], [ -78.30324, 34.600531 ], [ -78.302718, 34.602471 ], [ -78.304989, 34.602438 ], [ -78.305504, 34.603348 ], [ -78.304039, 34.603604 ], [ -78.304837, 34.605606 ], [ -78.303926, 34.606758 ], [ -78.30622, 34.608212 ], [ -78.304563, 34.609508 ], [ -78.304854, 34.611077 ], [ -78.306032, 34.611142 ], [ -78.306664, 34.613267 ], [ -78.30824, 34.613442 ], [ -78.309965, 34.612148 ], [ -78.312246, 34.612699 ], [ -78.312829, 34.61435 ], [ -78.311193, 34.61573 ], [ -78.312838, 34.616648 ], [ -78.314405, 34.618855 ], [ -78.313188, 34.621067 ], [ -78.314257, 34.621614 ], [ -78.312903, 34.623331 ], [ -78.313116, 34.625883 ], [ -78.316381, 34.626028 ], [ -78.317029, 34.626737 ], [ -78.315646, 34.627206 ], [ -78.317026, 34.628474 ], [ -78.31918, 34.627137 ], [ -78.322111, 34.628547 ], [ -78.322763, 34.629697 ], [ -78.321261, 34.631214 ], [ -78.318462, 34.631465 ], [ -78.317986, 34.632285 ], [ -78.316044, 34.632351 ], [ -78.31399, 34.633133 ], [ -78.314199, 34.633943 ], [ -78.316534, 34.634815 ], [ -78.316937, 34.635741 ], [ -78.314683, 34.63659 ], [ -78.315713, 34.637119 ], [ -78.312715, 34.63853 ], [ -78.311589, 34.639811 ], [ -78.311562, 34.641564 ], [ -78.313414, 34.641354 ], [ -78.312737, 34.643605 ], [ -78.314454, 34.64495 ], [ -78.317138, 34.645316 ], [ -78.31897, 34.647423 ], [ -78.319713, 34.648927 ], [ -78.322949, 34.648889 ], [ -78.324562, 34.649709 ], [ -78.322877, 34.651276 ], [ -78.324051, 34.65191 ], [ -78.322647, 34.653705 ], [ -78.323291, 34.654925 ], [ -78.324844, 34.655761 ], [ -78.326375, 34.65578 ], [ -78.325546, 34.663262 ], [ -78.327115, 34.664032 ], [ -78.326316, 34.665851 ], [ -78.324628, 34.664766 ], [ -78.323538, 34.665662 ], [ -78.323747, 34.666778 ], [ -78.32546, 34.667823 ], [ -78.324991, 34.668822 ], [ -78.32799, 34.669243 ], [ -78.327509, 34.67075 ], [ -78.33088, 34.671557 ], [ -78.330751, 34.672511 ], [ -78.334042, 34.672773 ], [ -78.334291, 34.674023 ], [ -78.336927, 34.674819 ], [ -78.338689, 34.674882 ], [ -78.338398, 34.675816 ], [ -78.339928, 34.676479 ], [ -78.34098, 34.678932 ], [ -78.342483, 34.679975 ], [ -78.344541, 34.678835 ], [ -78.34454, 34.679897 ], [ -78.346898, 34.680177 ], [ -78.347643, 34.682084 ], [ -78.344399, 34.683409 ], [ -78.345769, 34.683904 ], [ -78.346346, 34.68557 ], [ -78.345926, 34.688519 ], [ -78.346837, 34.688898 ], [ -78.346721, 34.690187 ], [ -78.347533, 34.690697 ], [ -78.348761, 34.689851 ], [ -78.348887, 34.688268 ], [ -78.350375, 34.689158 ], [ -78.349262, 34.691904 ], [ -78.351651, 34.692337 ], [ -78.352143, 34.691472 ], [ -78.353428, 34.691565 ], [ -78.354934, 34.690238 ], [ -78.35792, 34.692872 ], [ -78.359132, 34.692905 ], [ -78.360736, 34.691491 ], [ -78.362062, 34.691431 ], [ -78.362782, 34.69243 ], [ -78.362425, 34.69361 ], [ -78.360743, 34.693695 ], [ -78.362515, 34.695528 ], [ -78.366729, 34.693126 ], [ -78.367548, 34.694946 ], [ -78.369118, 34.69674 ], [ -78.373405, 34.699208 ], [ -78.374426, 34.700976 ], [ -78.373581, 34.701486 ], [ -78.371149, 34.700238 ], [ -78.369605, 34.70023 ], [ -78.371707, 34.702425 ], [ -78.369139, 34.703039 ], [ -78.368624, 34.704309 ], [ -78.369936, 34.705064 ], [ -78.373502, 34.708161 ], [ -78.377266, 34.70975 ], [ -78.376369, 34.712287 ], [ -78.377391, 34.713988 ], [ -78.380361, 34.715323 ], [ -78.379989, 34.716376 ], [ -78.381093, 34.717347 ], [ -78.382323, 34.717279 ], [ -78.380791, 34.719963 ], [ -78.379541, 34.720464 ], [ -78.380311, 34.722465 ], [ -78.37935, 34.723355 ], [ -78.38134, 34.72436 ], [ -78.382256, 34.72342 ], [ -78.383328, 34.724013 ], [ -78.383548, 34.726442 ], [ -78.385727, 34.726543 ], [ -78.387004, 34.728189 ], [ -78.389647, 34.729525 ], [ -78.391911, 34.729577 ], [ -78.392159, 34.731612 ], [ -78.39292, 34.732577 ], [ -78.39173, 34.732758 ], [ -78.390089, 34.735238 ], [ -78.39051, 34.736355 ], [ -78.387711, 34.737516 ], [ -78.387687, 34.738505 ], [ -78.390108, 34.739338 ], [ -78.391978, 34.741265 ], [ -78.392788, 34.74213 ], [ -78.39291, 34.744221 ], [ -78.390026, 34.744848 ], [ -78.390011, 34.746367 ], [ -78.391827, 34.748019 ], [ -78.390748, 34.749463 ], [ -78.395331, 34.751082 ], [ -78.398049, 34.751089 ], [ -78.398784, 34.750104 ], [ -78.399373, 34.75143 ], [ -78.400825, 34.751938 ], [ -78.400267, 34.753024 ], [ -78.402488, 34.753636 ], [ -78.40375, 34.754751 ], [ -78.402812, 34.756292 ], [ -78.404173, 34.757174 ], [ -78.405405, 34.756295 ], [ -78.407483, 34.757514 ], [ -78.405828, 34.759309 ], [ -78.406362, 34.760427 ], [ -78.409034, 34.761424 ], [ -78.409806, 34.765226 ], [ -78.411353, 34.764953 ], [ -78.413292, 34.766287 ], [ -78.414654, 34.766542 ], [ -78.418324, 34.765426 ], [ -78.418762, 34.766382 ], [ -78.420054, 34.76585 ], [ -78.421386, 34.768319 ], [ -78.42446, 34.769872 ], [ -78.423171, 34.770809 ], [ -78.423817, 34.773114 ], [ -78.425782, 34.773451 ], [ -78.427159, 34.775538 ], [ -78.429043, 34.775215 ], [ -78.430287, 34.776527 ], [ -78.429435, 34.779805 ], [ -78.428431, 34.780305 ], [ -78.429698, 34.78205 ], [ -78.430891, 34.782114 ], [ -78.433089, 34.783389 ], [ -78.43694, 34.784169 ], [ -78.438719, 34.785811 ], [ -78.437895, 34.787781 ], [ -78.439244, 34.790599 ], [ -78.437434, 34.792136 ], [ -78.440339, 34.795126 ], [ -78.441489, 34.794609 ], [ -78.444764, 34.797652 ], [ -78.444957, 34.798511 ], [ -78.441753, 34.799525 ], [ -78.441546, 34.801306 ], [ -78.443904, 34.802667 ], [ -78.444732, 34.802567 ], [ -78.446563, 34.806471 ], [ -78.448467, 34.806776 ], [ -78.44944, 34.807835 ], [ -78.449402, 34.809205 ], [ -78.447754, 34.810835 ], [ -78.449756, 34.813507 ], [ -78.451634, 34.81395 ], [ -78.453121, 34.81264 ], [ -78.456918, 34.812346 ], [ -78.459182, 34.812742 ], [ -78.460127, 34.814139 ], [ -78.458243, 34.816726 ], [ -78.458822, 34.819773 ], [ -78.459788, 34.821899 ], [ -78.460705, 34.822191 ], [ -78.461854, 34.821072 ], [ -78.462064, 34.822408 ], [ -78.463431, 34.822296 ], [ -78.464713, 34.820633 ], [ -78.465575, 34.820931 ], [ -78.467331, 34.823274 ], [ -78.464933, 34.826034 ], [ -78.465826, 34.827643 ], [ -78.468914, 34.82935 ], [ -78.469462, 34.830355 ], [ -78.472286, 34.830945 ], [ -78.472648, 34.831976 ], [ -78.474259, 34.833056 ], [ -78.475004, 34.832297 ], [ -78.478253, 34.835053 ], [ -78.479846, 34.835124 ], [ -78.482213, 34.836796 ], [ -78.484189, 34.836408 ], [ -78.485224, 34.835043 ], [ -78.487663, 34.836345 ], [ -78.488916, 34.837703 ], [ -78.488278, 34.83945 ], [ -78.490741, 34.842022 ], [ -78.489568, 34.842568 ], [ -78.491062, 34.843307 ], [ -78.49358, 34.843138 ], [ -78.492167, 34.846342 ], [ -78.4934, 34.847082 ], [ -78.492266, 34.848743 ], [ -78.493658, 34.849747 ], [ -78.495369, 34.854416 ], [ -78.496202, 34.854858 ], [ -78.494705, 34.856182 ], [ -78.495492, 34.857805 ], [ -78.495216, 34.859141 ], [ -78.496804, 34.859477 ], [ -78.497672, 34.85892 ], [ -78.498351, 34.860013 ], [ -78.499628, 34.859329 ], [ -78.500821, 34.861114 ], [ -78.502519, 34.862058 ], [ -78.502556, 34.86461 ], [ -78.5049, 34.865417 ], [ -78.506037, 34.865211 ], [ -78.506842, 34.866696 ], [ -78.508366, 34.866337 ], [ -78.511633, 34.867842 ], [ -78.513107, 34.869088 ], [ -78.513222, 34.873313 ], [ -78.514729, 34.873807 ], [ -78.515093, 34.875095 ], [ -78.513745, 34.876134 ], [ -78.51355, 34.87903 ], [ -78.512699, 34.880596 ], [ -78.514631, 34.880907 ], [ -78.513881, 34.881722 ], [ -78.515702, 34.881863 ], [ -78.515848, 34.882965 ], [ -78.517647, 34.883811 ], [ -78.51939, 34.883921 ], [ -78.519258, 34.882593 ], [ -78.521459, 34.882745 ], [ -78.522812, 34.8836 ], [ -78.525619, 34.884799 ], [ -78.525219, 34.888595 ], [ -78.526507, 34.890972 ], [ -78.530543, 34.892799 ], [ -78.53497, 34.893659 ], [ -78.534951, 34.895184 ], [ -78.536917, 34.895231 ], [ -78.540887, 34.897417 ], [ -78.540604, 34.898306 ], [ -78.545141, 34.900654 ], [ -78.546861, 34.90062 ], [ -78.547516, 34.902346 ], [ -78.545786, 34.90256 ], [ -78.545099, 34.903715 ], [ -78.545869, 34.904922 ], [ -78.543245, 34.905988 ], [ -78.543715, 34.907373 ], [ -78.541918, 34.908293 ], [ -78.543058, 34.909326 ], [ -78.541956, 34.910973 ], [ -78.54347, 34.913809 ], [ -78.546558, 34.916429 ], [ -78.548523, 34.916683 ], [ -78.548909, 34.915604 ], [ -78.550605, 34.914906 ], [ -78.551659, 34.915573 ], [ -78.553517, 34.914881 ], [ -78.555644, 34.915835 ], [ -78.557585, 34.915354 ], [ -78.55865, 34.916433 ], [ -78.562287, 34.918031 ], [ -78.563068, 34.919685 ], [ -78.562541, 34.920604 ], [ -78.564207, 34.923152 ], [ -78.563512, 34.923814 ], [ -78.565381, 34.925379 ], [ -78.56692, 34.925215 ], [ -78.570454, 34.92691 ], [ -78.570942, 34.928482 ], [ -78.572395, 34.929585 ], [ -78.573014, 34.931479 ], [ -78.572018, 34.933544 ], [ -78.573018, 34.934852 ], [ -78.572017, 34.935872 ], [ -78.572683, 34.937364 ], [ -78.575623, 34.937287 ], [ -78.577838, 34.938526 ], [ -78.578697, 34.938034 ], [ -78.581356, 34.938303 ], [ -78.581974, 34.937873 ], [ -78.583919, 34.938647 ], [ -78.583578, 34.940128 ], [ -78.584492, 34.941769 ], [ -78.587005, 34.941823 ], [ -78.591175, 34.94459 ], [ -78.590915, 34.946308 ], [ -78.593708, 34.947605 ], [ -78.594615, 34.949586 ], [ -78.596581, 34.950331 ], [ -78.59716, 34.951294 ], [ -78.598753, 34.951864 ], [ -78.601732, 34.951301 ], [ -78.604274, 34.95276 ], [ -78.605086, 34.954266 ], [ -78.606537, 34.953146 ], [ -78.607536, 34.953613 ], [ -78.609958, 34.956601 ], [ -78.611078, 34.958651 ], [ -78.610829, 34.960361 ], [ -78.612873, 34.961969 ], [ -78.61643, 34.963858 ], [ -78.618894, 34.964765 ], [ -78.619179, 34.965688 ], [ -78.620833, 34.966963 ], [ -78.620469, 34.968187 ], [ -78.622576, 34.968584 ], [ -78.623674, 34.968603 ], [ -78.625594, 34.970769 ], [ -78.627002, 34.971482 ], [ -78.627964, 34.973501 ], [ -78.627552, 34.974349 ], [ -78.629608, 34.975311 ], [ -78.632505, 34.978147 ], [ -78.633831, 34.977552 ], [ -78.637486, 34.981808 ], [ -78.634589, 34.985655 ], [ -78.636598, 34.987977 ], [ -78.641049, 34.988801 ], [ -78.647033, 34.992254 ], [ -78.647734, 34.99474 ], [ -78.646483, 34.995754 ], [ -78.646117, 34.999233 ], [ -78.64688, 35.000891 ], [ -78.646881, 35.001795 ], [ -78.646024, 35.003676 ], [ -78.647561, 35.005447 ], [ -78.647013, 35.007099 ], [ -78.646291, 35.006883 ], [ -78.644994, 35.008401 ], [ -78.64503, 35.010117 ], [ -78.646075, 35.009812 ], [ -78.646623, 35.011916 ], [ -78.650207, 35.015096 ], [ -78.649403, 35.017273 ], [ -78.650652, 35.019402 ], [ -78.651866, 35.019528 ], [ -78.652924, 35.02108 ], [ -78.650137, 35.023692 ], [ -78.650349, 35.024901 ], [ -78.649647, 35.026477 ], [ -78.650288, 35.028392 ], [ -78.651755, 35.029111 ], [ -78.651529, 35.029962 ], [ -78.653648, 35.031263 ], [ -78.654281, 35.033126 ], [ -78.655617, 35.034375 ], [ -78.655139, 35.035113 ], [ -78.653469, 35.034545 ], [ -78.654206, 35.03631 ], [ -78.657719, 35.039712 ], [ -78.65933, 35.042831 ], [ -78.658341, 35.044828 ], [ -78.654584, 35.049369 ], [ -78.654531, 35.050812 ], [ -78.656151, 35.05127 ], [ -78.657529, 35.055597 ], [ -78.65923, 35.057884 ], [ -78.661589, 35.059861 ], [ -78.660658, 35.063022 ], [ -78.662236, 35.064741 ], [ -78.662218, 35.06552 ], [ -78.664079, 35.06727 ], [ -78.66371, 35.068505 ], [ -78.66251, 35.069346 ], [ -78.66269, 35.075109 ], [ -78.663314, 35.076642 ], [ -78.662955, 35.077962 ], [ -78.665201, 35.079594 ], [ -78.669097, 35.080413 ], [ -78.671326, 35.082408 ], [ -78.671685, 35.085043 ], [ -78.672292, 35.085281 ], [ -78.671788, 35.087041 ] ] ] } },
{ "type": "Feature", "properties": { "STATEFP": "37", "COUNTYFP": "177", "COUNTYNS": "01026332", "GEOIDFQ": "0500000US37177", "GEOID": 37177, "NAME": "Tyrrell", "NAMELSAD": "Tyrrell County", "STUSPS": "NC", "STATE_NAME": "North Carolina", "LSAD": "06", "ALAND": 1012106670, "AWATER": 534571696, "state": "NC", "county": "Tyrrell", "fips": 37177, "adult_pop": "2,772", "observed_distress": 17.0, "loneliness_rate": 33.3, "access_to_exercise": 88.35130971000001, "social_associations_per_10k": 15.898251192, "air_pollution": 5.8, "uninsured": 21.68809391, "unemployment_rate": 7.01480904, "providers_per_100k": 30.73141, "log_median_hh_income": 10.59588445170537, "rucc_category": "rural" }, "geometry": { "type": "Polygon", "coordinates": [ [ [ -76.405603, 35.786294 ], [ -76.404937, 35.787132 ], [ -76.353554, 35.861301 ], [ -76.353669, 35.861365 ], [ -76.360222, 35.87557 ], [ -76.369646, 35.883233 ], [ -76.373104, 35.899227 ], [ -76.380009, 35.914666 ], [ -76.370654, 35.925931 ], [ -76.370715, 35.927182 ], [ -76.36921, 35.929384 ], [ -76.367786, 35.92992 ], [ -76.367419, 35.932364 ], [ -76.366220934087096, 35.934757849810097 ], [ -76.364138, 35.935536 ], [ -76.360335, 35.936691 ], [ -76.356532, 35.937076 ], [ -76.353442, 35.938423 ], [ -76.353442, 35.940732 ], [ -76.348451, 35.942272 ], [ -76.345361, 35.940732 ], [ -76.335141, 35.939 ], [ -76.329282, 35.939232 ], [ -76.325396, 35.938615 ], [ -76.320406877672497, 35.941756523829099 ], [ -76.3147, 35.94535 ], [ -76.313512, 35.948814 ], [ -76.287605, 35.964975 ], [ -76.282596, 35.967533 ], [ -76.274295, 35.968245 ], [ -76.27168, 35.972285 ], [ -76.259796, 35.973054 ], [ -76.245298, 35.976709 ], [ -76.244109, 35.979594 ], [ -76.236504, 35.979017 ], [ -76.223194, 35.981709 ], [ -76.220341, 35.984402 ], [ -76.205393, 35.987562 ], [ -76.198713, 35.986518 ], [ -76.190394, 35.987479 ], [ -76.18564, 35.988056 ], [ -76.180649, 35.988056 ], [ -76.177084, 35.991518 ], [ -76.170524, 35.994523 ], [ -76.164372118261596, 35.993985964414499 ], [ -76.15593, 35.993249 ], [ -76.148324, 35.994787 ], [ -76.132638, 35.989402 ], [ -76.127646, 35.990172 ], [ -76.119565, 35.991518 ], [ -76.101502, 35.99171 ], [ -76.083132, 35.989845 ], [ -76.077021, 35.989018 ], [ -76.074555, 35.991132 ], [ -76.067989, 35.990364 ], [ -76.062522, 35.990749 ], [ -76.053966, 35.987095 ], [ -76.034951, 35.976132 ], [ -76.024969, 35.969784 ], [ -76.016774, 35.962681 ], [ -76.011421, 35.954201 ], [ -76.015163, 35.95319 ], [ -76.017077, 35.945535 ], [ -76.020453, 35.932457 ], [ -76.015224, 35.926876 ], [ -76.012847, 35.921872 ], [ -76.017601, 35.919369 ], [ -76.02069, 35.915327 ], [ -76.025206, 35.913595 ], [ -76.028534, 35.910707 ], [ -76.027549, 35.904716 ], [ -76.032812, 35.901467 ], [ -76.04018, 35.894728 ], [ -76.045409, 35.884522 ], [ -76.046018, 35.870275 ], [ -76.052777, 35.865841 ], [ -76.058244, 35.862374 ], [ -76.063204, 35.853433 ], [ -76.06191, 35.848678 ], [ -76.062284, 35.842339 ], [ -76.063473, 35.839063 ], [ -76.065374, 35.833861 ], [ -76.064766615286004, 35.832562349209503 ], [ -76.06276, 35.828272 ], [ -76.063473, 35.824033 ], [ -76.061334, 35.819986 ], [ -76.055867, 35.814397 ], [ -76.054916, 35.810542 ], [ -76.050486, 35.806689 ], [ -76.051351, 35.803988 ], [ -76.050271, 35.801486 ], [ -76.053015, 35.797819 ], [ -76.053253, 35.775068 ], [ -76.054916, 35.767354 ], [ -76.055867, 35.760219 ], [ -76.051589, 35.753275 ], [ -76.048974, 35.745559 ], [ -76.048311, 35.73708 ], [ -76.051351, 35.732826 ], [ -76.052302, 35.727038 ], [ -76.05658, 35.71932 ], [ -76.060858, 35.716811 ], [ -76.058957, 35.7116 ], [ -76.060145, 35.708706 ], [ -76.057531, 35.707162 ], [ -76.054916, 35.702723 ], [ -76.050638, 35.704653 ], [ -76.048024, 35.700985 ], [ -76.043508, 35.700406 ], [ -76.042082, 35.69616 ], [ -76.041369, 35.692878 ], [ -76.038461, 35.691935 ], [ -76.036377, 35.688439 ], [ -76.041278, 35.674025 ], [ -76.043983, 35.671642 ], [ -76.045130030984694, 35.665578984181103 ], [ -76.04984, 35.668733 ], [ -76.053633, 35.671828 ], [ -76.056976, 35.674005 ], [ -76.058886, 35.674796 ], [ -76.061095, 35.675222 ], [ -76.064706, 35.674704 ], [ -76.069599, 35.672656 ], [ -76.073393, 35.671817 ], [ -76.07652, 35.672078 ], [ -76.080657, 35.674366 ], [ -76.083883, 35.675048 ], [ -76.087395, 35.674108 ], [ -76.090819, 35.670884 ], [ -76.092627, 35.669764 ], [ -76.096682, 35.669581 ], [ -76.099707, 35.671097 ], [ -76.101952, 35.67647 ], [ -76.103285, 35.677863 ], [ -76.105081, 35.678674 ], [ -76.108187, 35.679132 ], [ -76.114615, 35.677981 ], [ -76.117361, 35.678535 ], [ -76.120211, 35.680593 ], [ -76.12067, 35.683316 ], [ -76.11788, 35.690013 ], [ -76.118268, 35.691908 ], [ -76.120847, 35.69318 ], [ -76.123715, 35.69312 ], [ -76.127511, 35.691013 ], [ -76.130072, 35.690779 ], [ -76.131898, 35.692173 ], [ -76.133507, 35.694267 ], [ -76.137045, 35.699853 ], [ -76.139868, 35.702102 ], [ -76.141555, 35.70277 ], [ -76.144653, 35.702488 ], [ -76.150023, 35.699628 ], [ -76.154624, 35.698368 ], [ -76.161582, 35.696162 ], [ -76.164278, 35.695917 ], [ -76.168217, 35.698901 ], [ -76.169553, 35.698618 ], [ -76.171712, 35.697632 ], [ -76.172964, 35.696066 ], [ -76.171741, 35.694339 ], [ -76.167269, 35.692355 ], [ -76.166874, 35.691426 ], [ -76.169159, 35.690501 ], [ -76.174329, 35.691303 ], [ -76.175861, 35.690698 ], [ -76.176471, 35.688949 ], [ -76.176558, 35.686244 ], [ -76.175509, 35.684439 ], [ -76.172334, 35.68287 ], [ -76.171881, 35.681974 ], [ -76.172773, 35.680936 ], [ -76.175235, 35.679818 ], [ -76.175492, 35.678601 ], [ -76.174305, 35.676857 ], [ -76.169902, 35.673746 ], [ -76.169503, 35.672514 ], [ -76.171635, 35.671889 ], [ -76.173068, 35.672876 ], [ -76.175006, 35.67291 ], [ -76.175905, 35.672069 ], [ -76.175668, 35.669456 ], [ -76.176382, 35.667797 ], [ -76.17551, 35.665095 ], [ -76.1779, 35.665143 ], [ -76.179832, 35.666969 ], [ -76.181116, 35.666917 ], [ -76.181778, 35.665513 ], [ -76.180429, 35.661291 ], [ -76.179082, 35.660283 ], [ -76.178862, 35.659206 ], [ -76.180255, 35.657067 ], [ -76.179916, 35.656163 ], [ -76.177748, 35.655176 ], [ -76.18169, 35.652497 ], [ -76.183537, 35.649385 ], [ -76.18488, 35.648468 ], [ -76.188203, 35.64819 ], [ -76.190078, 35.646216 ], [ -76.192606, 35.646359 ], [ -76.193626, 35.644995 ], [ -76.193334, 35.643227 ], [ -76.194715, 35.641318 ], [ -76.193016, 35.640898 ], [ -76.193922, 35.639525 ], [ -76.193405, 35.637904 ], [ -76.194425, 35.637462 ], [ -76.194346, 35.635711 ], [ -76.195288, 35.635453 ], [ -76.19735, 35.636319 ], [ -76.197537, 35.635546 ], [ -76.195876, 35.633619 ], [ -76.196756, 35.633284 ], [ -76.198754, 35.634029 ], [ -76.196707, 35.631008 ], [ -76.194801, 35.630905 ], [ -76.195426, 35.629846 ], [ -76.194777, 35.628734 ], [ -76.196199, 35.628592 ], [ -76.19586, 35.62706 ], [ -76.196676, 35.625932 ], [ -76.196456, 35.623238 ], [ -76.199218, 35.622973 ], [ -76.199454, 35.622128 ], [ -76.197831, 35.622283 ], [ -76.195779, 35.621695 ], [ -76.195848, 35.620119 ], [ -76.198471, 35.61944 ], [ -76.19909, 35.61843 ], [ -76.199912, 35.618979 ], [ -76.200263, 35.617689 ], [ -76.198155, 35.617041 ], [ -76.199071, 35.615594 ], [ -76.201517, 35.615204 ], [ -76.201433, 35.61246 ], [ -76.203275, 35.611298 ], [ -76.202225, 35.609732 ], [ -76.203193, 35.609652 ], [ -76.2044, 35.610911 ], [ -76.205085, 35.610449 ], [ -76.206421, 35.611263 ], [ -76.207522, 35.609915 ], [ -76.205332, 35.608368 ], [ -76.205836, 35.60705 ], [ -76.20759, 35.60586 ], [ -76.207878, 35.604007 ], [ -76.210097, 35.601613 ], [ -76.212342, 35.600853 ], [ -76.212361, 35.599876 ], [ -76.213704, 35.598408 ], [ -76.215465, 35.598049 ], [ -76.218007, 35.598791 ], [ -76.220452, 35.598929 ], [ -76.221947, 35.600168 ], [ -76.224272, 35.599872 ], [ -76.224005, 35.601001 ], [ -76.225536, 35.601839 ], [ -76.229427, 35.599783 ], [ -76.231679, 35.599951 ], [ -76.233005, 35.600608 ], [ -76.236441, 35.601988 ], [ -76.237282, 35.601553 ], [ -76.239027, 35.602606 ], [ -76.242142, 35.602944 ], [ -76.246671, 35.602523 ], [ -76.248439, 35.604242 ], [ -76.253007, 35.606045 ], [ -76.253008, 35.605184 ], [ -76.256136, 35.603767 ], [ -76.259051, 35.604226 ], [ -76.260631, 35.603639 ], [ -76.262415, 35.604372 ], [ -76.265358, 35.603257 ], [ -76.26627, 35.604624 ], [ -76.269711, 35.607978 ], [ -76.272876, 35.607048 ], [ -76.276834, 35.605176 ], [ -76.278833, 35.605023 ], [ -76.28141, 35.606326 ], [ -76.284117, 35.605694 ], [ -76.285839, 35.604464 ], [ -76.287535, 35.605473 ], [ -76.289165, 35.605289 ], [ -76.290568, 35.606206 ], [ -76.292783, 35.60637 ], [ -76.296006, 35.608691 ], [ -76.297447, 35.608664 ], [ -76.297853, 35.609027 ], [ -76.269247, 35.690754 ], [ -76.317053, 35.693048 ], [ -76.405971, 35.697579 ], [ -76.405603, 35.786294 ] ] ] } },
{ "type": "Feature", "properties": { "STATEFP": "37", "COUNTYFP": "039", "COUNTYNS": "01008545", "GEOIDFQ": "0500000US37039", "GEOID": 37039, "NAME": "Cherokee", "NAMELSAD": "Cherokee County", "STUSPS": "NC", "STATE_NAME": "North Carolina", "LSAD": "06", "ALAND": 1179842236, "AWATER": 28813485, "state": "NC", "county": "Cherokee", "fips": 37039, "adult_pop": "25,195", "observed_distress": 15.7, "loneliness_rate": 29.8, "access_to_exercise": 98.54382429, "social_associations_per_10k": 10.318852544, "air_pollution": 7.4, "uninsured": 17.54351266, "unemployment_rate": 4.96601208, "providers_per_100k": 140.56982, "log_median_hh_income": 10.696728905881372, "rucc_category": "rural" }, "geometry": { "type": "Polygon", "coordinates": [ [ [ -84.317490793375299, 35.021844164798203 ], [ -84.317475160427094, 35.021963552912602 ], [ -84.310850978447803, 35.072552129309997 ], [ -84.310022, 35.078883 ], [ -84.308576, 35.092761 ], [ -84.308568992914701, 35.092781769202503 ], [ -84.308437, 35.093173 ], [ -84.304845637062897, 35.121413902214002 ], [ -84.304809, 35.121702 ], [ -84.298006, 35.167468 ], [ -84.297843666829294, 35.1683461708446 ], [ -84.295238, 35.182442 ], [ -84.292321, 35.206677 ], [ -84.292319677454998, 35.206689008403501 ], [ -84.29024, 35.225572 ], [ -84.289621, 35.224677 ], [ -84.287982, 35.224468 ], [ -84.28322, 35.226577 ], [ -84.28252, 35.227877 ], [ -84.27542, 35.234777 ], [ -84.260319, 35.241877 ], [ -84.257719, 35.246177 ], [ -84.252819, 35.249477 ], [ -84.243019, 35.253178 ], [ -84.240219, 35.255178 ], [ -84.231818, 35.264778 ], [ -84.227818, 35.267878 ], [ -84.223718, 35.269078 ], [ -84.216318, 35.267978 ], [ -84.211818, 35.266078 ], [ -84.205517, 35.259679 ], [ -84.205317, 35.258279 ], [ -84.202879, 35.255772 ], [ -84.201717, 35.247779 ], [ -84.200117, 35.244679 ], [ -84.199117, 35.243679 ], [ -84.192217, 35.243079 ], [ -84.188417, 35.239979 ], [ -84.178516, 35.240679 ], [ -84.177016, 35.242379 ], [ -84.170416, 35.245779 ], [ -84.168616, 35.24578 ], [ -84.161316, 35.24348 ], [ -84.160416, 35.24388 ], [ -84.158916, 35.24588 ], [ -84.155316, 35.24648 ], [ -84.143124, 35.246879 ], [ -84.139715, 35.24618 ], [ -84.136415, 35.24478 ], [ -84.132504, 35.242078 ], [ -84.129815, 35.241781 ], [ -84.127915, 35.241081 ], [ -84.126415, 35.241381 ], [ -84.125715, 35.242781 ], [ -84.126815, 35.246481 ], [ -84.125615, 35.249381 ], [ -84.124915, 35.24983 ], [ -84.123613, 35.24974 ], [ -84.12115, 35.250644 ], [ -84.120114, 35.251981 ], [ -84.118914, 35.252281 ], [ -84.11661, 35.251429 ], [ -84.115279, 35.250438 ], [ -84.115048, 35.249765 ], [ -84.114414, 35.249081 ], [ -84.113314, 35.248981 ], [ -84.11118, 35.249573 ], [ -84.110183, 35.250463 ], [ -84.109032, 35.249625 ], [ -84.108449, 35.25033 ], [ -84.1067, 35.25151 ], [ -84.105232, 35.250219 ], [ -84.104193, 35.250183 ], [ -84.103135, 35.248781 ], [ -84.10227, 35.248115 ], [ -84.100729, 35.248362 ], [ -84.098068, 35.247209 ], [ -84.092213, 35.249981 ], [ -84.082913, 35.257082 ], [ -84.082813, 35.258882 ], [ -84.081117, 35.261146 ], [ -84.074713, 35.263182 ], [ -84.070612, 35.263782 ], [ -84.063712, 35.266682 ], [ -84.055712, 35.268182 ], [ -84.052612, 35.269982 ], [ -84.042711, 35.278383 ], [ -84.036011, 35.288683 ], [ -84.029084969782403, 35.292188335624203 ], [ -84.028972, 35.291088 ], [ -84.026493, 35.288774 ], [ -84.022529, 35.286914 ], [ -84.021824, 35.284787 ], [ -84.020582, 35.283224 ], [ -84.019827, 35.279842 ], [ -84.017147, 35.279022 ], [ -84.016022, 35.277715 ], [ -84.016523, 35.276281 ], [ -84.013368, 35.274606 ], [ -84.009757, 35.273241 ], [ -84.009566, 35.272216 ], [ -84.010541, 35.269915 ], [ -84.010872, 35.267295 ], [ -84.010571, 35.26595 ], [ -84.011492, 35.263052 ], [ -84.010455, 35.261242 ], [ -84.011015, 35.257164 ], [ -84.010023, 35.255751 ], [ -84.007347, 35.254344 ], [ -84.005885, 35.2531 ], [ -84.001786, 35.252721 ], [ -84.002428, 35.251385 ], [ -84.00092, 35.249628 ], [ -84.001515, 35.248337 ], [ -84.003961, 35.245557 ], [ -84.004597, 35.243417 ], [ -84.006416, 35.241688 ], [ -84.004, 35.239775 ], [ -84.003911, 35.236305 ], [ -84.001353, 35.233509 ], [ -83.997374, 35.232083 ], [ -83.99383, 35.231464 ], [ -83.990927, 35.23155 ], [ -83.988703, 35.229922 ], [ -83.986227, 35.230841 ], [ -83.983375, 35.22961 ], [ -83.978894, 35.226018 ], [ -83.977325, 35.225534 ], [ -83.977596, 35.22437 ], [ -83.976453, 35.222956 ], [ -83.976343, 35.221527 ], [ -83.971718, 35.21937 ], [ -83.969194, 35.218822 ], [ -83.967132, 35.21786 ], [ -83.964868, 35.218471 ], [ -83.959036, 35.216912 ], [ -83.956935, 35.218463 ], [ -83.957323, 35.220372 ], [ -83.955602, 35.220407 ], [ -83.954632, 35.219727 ], [ -83.950464, 35.220994 ], [ -83.946146, 35.219826 ], [ -83.942807, 35.220611 ], [ -83.943438, 35.222549 ], [ -83.937947, 35.22224 ], [ -83.936272, 35.22303 ], [ -83.934446, 35.222988 ], [ -83.931724, 35.224716 ], [ -83.9295, 35.225534 ], [ -83.926009, 35.228013 ], [ -83.922112, 35.229055 ], [ -83.919359, 35.2291 ], [ -83.915381, 35.230909 ], [ -83.911075, 35.232394 ], [ -83.909203, 35.233549 ], [ -83.906475, 35.233819 ], [ -83.906075, 35.234847 ], [ -83.903572, 35.235246 ], [ -83.901268, 35.238427 ], [ -83.899033, 35.237666 ], [ -83.895499, 35.235129 ], [ -83.8933, 35.233235 ], [ -83.892346, 35.234931 ], [ -83.889685, 35.235182 ], [ -83.887709, 35.234926 ], [ -83.887286, 35.235831 ], [ -83.885407, 35.236878 ], [ -83.882315, 35.237529 ], [ -83.879696, 35.238481 ], [ -83.877889, 35.241056 ], [ -83.874227, 35.243784 ], [ -83.873205, 35.244212 ], [ -83.869167, 35.243359 ], [ -83.867518, 35.24603 ], [ -83.865615, 35.246482 ], [ -83.864705, 35.247416 ], [ -83.862268, 35.24738 ], [ -83.860536, 35.248657 ], [ -83.854979, 35.248424 ], [ -83.851038, 35.249472 ], [ -83.848665, 35.253253 ], [ -83.84515, 35.255236 ], [ -83.841277, 35.254325 ], [ -83.837043, 35.255564 ], [ -83.833623, 35.255381 ], [ -83.831429, 35.256117 ], [ -83.826905, 35.25358 ], [ -83.827542, 35.252891 ], [ -83.825633, 35.251184 ], [ -83.822115, 35.250325 ], [ -83.819825, 35.252152 ], [ -83.816028, 35.253333 ], [ -83.813489, 35.254748 ], [ -83.811213, 35.253211 ], [ -83.809031, 35.252468 ], [ -83.804926, 35.253144 ], [ -83.803066, 35.254597 ], [ -83.800524, 35.254588 ], [ -83.797105, 35.256033 ], [ -83.795159, 35.257463 ], [ -83.790362, 35.255782 ], [ -83.787915, 35.252831 ], [ -83.783104, 35.252849 ], [ -83.780403, 35.251469 ], [ -83.779363, 35.250099 ], [ -83.775701, 35.248044 ], [ -83.773292, 35.245785 ], [ -83.768766, 35.2471 ], [ -83.767207, 35.248166 ], [ -83.763163, 35.248258 ], [ -83.760003, 35.247036 ], [ -83.758695, 35.244499 ], [ -83.756608, 35.242484 ], [ -83.755482, 35.243076 ], [ -83.750416, 35.243362 ], [ -83.747241, 35.244163 ], [ -83.745463, 35.245204 ], [ -83.741412, 35.244633 ], [ -83.737557, 35.245225 ], [ -83.734314, 35.244989 ], [ -83.732011, 35.246032 ], [ -83.731128, 35.247051 ], [ -83.72855, 35.248559 ], [ -83.726823, 35.249019 ], [ -83.72567, 35.250744 ], [ -83.72253, 35.253097 ], [ -83.720808, 35.252847 ], [ -83.718787, 35.25326 ], [ -83.714903, 35.255973 ], [ -83.713144, 35.257689 ], [ -83.708352, 35.257299 ], [ -83.707985, 35.25536 ], [ -83.705086, 35.253171 ], [ -83.704512, 35.251843 ], [ -83.703366, 35.25162 ], [ -83.704188, 35.24902 ], [ -83.702652, 35.248462 ], [ -83.702504, 35.248389 ], [ -83.701089, 35.247625 ], [ -83.698095, 35.247239 ], [ -83.69681, 35.246109 ], [ -83.696146, 35.244584 ], [ -83.694699, 35.243524 ], [ -83.691833, 35.242903 ], [ -83.691522, 35.239304 ], [ -83.690212, 35.237942 ], [ -83.690472, 35.234813 ], [ -83.692072, 35.232806 ], [ -83.69326, 35.232065 ], [ -83.693925, 35.228553 ], [ -83.69484, 35.228089 ], [ -83.696783, 35.225385 ], [ -83.69923, 35.223571 ], [ -83.701446, 35.22282 ], [ -83.707566, 35.219212 ], [ -83.709989, 35.218941 ], [ -83.711496, 35.217379 ], [ -83.711438, 35.215859 ], [ -83.712908, 35.213291 ], [ -83.714597, 35.21294 ], [ -83.718936, 35.210524 ], [ -83.722651, 35.209758 ], [ -83.723424, 35.207676 ], [ -83.72532, 35.206249 ], [ -83.725969, 35.204034 ], [ -83.728894, 35.200503 ], [ -83.726072, 35.19858 ], [ -83.723783, 35.197604 ], [ -83.721116, 35.197617 ], [ -83.719804, 35.196836 ], [ -83.718584, 35.197408 ], [ -83.718139, 35.198571 ], [ -83.716272, 35.199724 ], [ -83.714897, 35.198832 ], [ -83.713254, 35.19686 ], [ -83.711374, 35.195525 ], [ -83.712226, 35.193754 ], [ -83.712445, 35.191737 ], [ -83.711878, 35.190354 ], [ -83.712526, 35.189276 ], [ -83.7149, 35.188015 ], [ -83.716195, 35.186471 ], [ -83.721061, 35.18528 ], [ -83.722961, 35.184181 ], [ -83.725258, 35.183527 ], [ -83.726183, 35.181678 ], [ -83.728219, 35.180111 ], [ -83.731535, 35.178579 ], [ -83.731108, 35.176833 ], [ -83.732301, 35.175094 ], [ -83.731408, 35.172128 ], [ -83.730737, 35.171433 ], [ -83.732679, 35.168981 ], [ -83.732729, 35.16638 ], [ -83.733347, 35.164805 ], [ -83.734874, 35.163624 ], [ -83.735522, 35.161626 ], [ -83.737091, 35.159706 ], [ -83.738129, 35.15595 ], [ -83.739678, 35.156095 ], [ -83.740814, 35.158175 ], [ -83.742458, 35.159371 ], [ -83.745961, 35.160802 ], [ -83.748393, 35.160397 ], [ -83.749772, 35.161177 ], [ -83.752743, 35.160836 ], [ -83.754591, 35.15928 ], [ -83.756132, 35.157222 ], [ -83.757044, 35.157404 ], [ -83.759293, 35.15657 ], [ -83.760925, 35.156749 ], [ -83.764793, 35.155467 ], [ -83.765891, 35.155536 ], [ -83.767907, 35.157019 ], [ -83.772941, 35.155858 ], [ -83.773946, 35.15431 ], [ -83.775983, 35.153301 ], [ -83.777749, 35.151271 ], [ -83.778005, 35.150104 ], [ -83.780823, 35.149599 ], [ -83.782384, 35.14846 ], [ -83.785021, 35.14779 ], [ -83.786734, 35.148405 ], [ -83.791391, 35.147114 ], [ -83.794627, 35.148099 ], [ -83.797119, 35.144923 ], [ -83.79946, 35.144407 ], [ -83.801066, 35.144619 ], [ -83.803125, 35.144146 ], [ -83.804692, 35.144369 ], [ -83.807314, 35.143624 ], [ -83.807661, 35.142249 ], [ -83.8088, 35.141404 ], [ -83.812466, 35.141265 ], [ -83.814633, 35.140472 ], [ -83.816561, 35.139223 ], [ -83.818435, 35.138841 ], [ -83.820598, 35.139187 ], [ -83.821725, 35.139161 ], [ -83.823597, 35.140174 ], [ -83.825309, 35.140018 ], [ -83.83062, 35.140803 ], [ -83.832977, 35.140629 ], [ -83.833201, 35.141806 ], [ -83.834863, 35.142936 ], [ -83.835704, 35.142685 ], [ -83.838875, 35.143159 ], [ -83.840733, 35.143841 ], [ -83.84347, 35.142558 ], [ -83.845256, 35.141149 ], [ -83.849937, 35.140903 ], [ -83.852869, 35.139496 ], [ -83.854582, 35.138121 ], [ -83.857124, 35.137066 ], [ -83.857699, 35.135473 ], [ -83.859989, 35.133833 ], [ -83.862751, 35.132447 ], [ -83.862716, 35.132002 ], [ -83.864444, 35.128298 ], [ -83.865514, 35.127342 ], [ -83.864379, 35.125436 ], [ -83.863367, 35.121542 ], [ -83.864025, 35.120058 ], [ -83.86692, 35.11813 ], [ -83.871014, 35.116439 ], [ -83.874236, 35.114167 ], [ -83.875245, 35.112985 ], [ -83.875763, 35.110703 ], [ -83.879535, 35.10758 ], [ -83.883102, 35.106096 ], [ -83.884802, 35.103294 ], [ -83.88731, 35.10045 ], [ -83.887582, 35.099236 ], [ -83.892442, 35.095308 ], [ -83.89391, 35.094532 ], [ -83.89596, 35.091865 ], [ -83.900213, 35.090049 ], [ -83.905265, 35.08662 ], [ -83.905978, 35.081463 ], [ -83.907671, 35.078219 ], [ -83.911205, 35.077445 ], [ -83.913888, 35.076364 ], [ -83.916694, 35.074558 ], [ -83.920182, 35.074694 ], [ -83.922679, 35.074075 ], [ -83.925542, 35.071283 ], [ -83.926298, 35.069171 ], [ -83.925974, 35.067754 ], [ -83.926865, 35.06705 ], [ -83.927411, 35.066743 ], [ -83.931101, 35.069422 ], [ -83.932371, 35.069395 ], [ -83.93447, 35.068119 ], [ -83.934521, 35.065942 ], [ -83.93828, 35.062176 ], [ -83.941323, 35.058161 ], [ -83.943504, 35.056067 ], [ -83.946239, 35.054548 ], [ -83.94882, 35.053836 ], [ -83.951961, 35.053531 ], [ -83.955246, 35.054355 ], [ -83.956725, 35.054187 ], [ -83.958583, 35.05277 ], [ -83.960522, 35.049551 ], [ -83.961684, 35.048667 ], [ -83.964019, 35.048077 ], [ -83.963177, 35.045805 ], [ -83.966059, 35.044119 ], [ -83.963017, 35.042618 ], [ -83.959392, 35.040316 ], [ -83.959309, 35.038692 ], [ -83.958406, 35.038886 ], [ -83.958692, 35.0353 ], [ -83.959354, 35.034632 ], [ -83.960714, 35.030874 ], [ -83.957418, 35.028575 ], [ -83.956443, 35.026409 ], [ -83.959, 35.024787 ], [ -83.961853, 35.020985 ], [ -83.964448, 35.018664 ], [ -83.966621, 35.01788 ], [ -83.96831, 35.017943 ], [ -83.970309, 35.015738 ], [ -83.97257, 35.014413 ], [ -83.9713, 35.012462 ], [ -83.974512, 35.010407 ], [ -83.976329, 35.008552 ], [ -83.979847, 35.005867 ], [ -83.984195, 35.004855 ], [ -83.986615, 35.002974 ], [ -83.987636, 35.002715 ], [ -83.99166, 35.000441 ], [ -83.992625, 34.999321 ], [ -83.995888, 34.998518 ], [ -83.998656, 34.996352 ], [ -84.002712, 34.99602 ], [ -84.004595, 34.994132 ], [ -84.003536, 34.991242 ], [ -84.005821, 34.989088 ], [ -84.005259348445094, 34.987440451663097 ], [ -84.021357, 34.98743 ], [ -84.029954, 34.987321 ], [ -84.073637889279198, 34.987401261761804 ], [ -84.091154955083894, 34.987433446409 ], [ -84.096734619306403, 34.987443698098801 ], [ -84.129452075642405, 34.987503810893898 ], [ -84.129555, 34.987504 ], [ -84.181195005916294, 34.987746741377897 ], [ -84.215969851384202, 34.9879102056099 ], [ -84.261405591696004, 34.988123782932597 ], [ -84.321869, 34.988408 ], [ -84.317490793375299, 35.021844164798203 ] ] ] } },
{ "type": "Feature", "properties": { "STATEFP": "37", "COUNTYFP": "121", "COUNTYNS": "01008571", "GEOIDFQ": "0500000US37121", "GEOID": 37121, "NAME": "Mitchell", "NAMELSAD": "Mitchell County", "STUSPS": "NC", "STATE_NAME": "North Carolina", "LSAD": "06", "ALAND": 573036225, "AWATER": 1632150, "state": "NC", "county": "Mitchell", "fips": 37121, "adult_pop": "12,283", "observed_distress": 16.2, "loneliness_rate": 30.5, "access_to_exercise": 100.0, "social_associations_per_10k": 16.79994624, "air_pollution": 5.5, "uninsured": 15.30810286, "unemployment_rate": 5.14507422, "providers_per_100k": 120.29673, "log_median_hh_income": 10.801329140741752, "rucc_category": "rural" }, "geometry": { "type": "Polygon", "coordinates": [ [ [ -82.416660288916503, 36.072774370271503 ], [ -82.409458, 36.083409 ], [ -82.404458, 36.087609 ], [ -82.389958, 36.096909 ], [ -82.380458, 36.099309 ], [ -82.378758, 36.102809 ], [ -82.375558, 36.105609 ], [ -82.373960464341494, 36.105907079108498 ], [ -82.371383, 36.106388 ], [ -82.366566, 36.10765 ], [ -82.360985289442894, 36.110579205966197 ], [ -82.360919, 36.110614 ], [ -82.360357, 36.111609 ], [ -82.355157, 36.115609 ], [ -82.349957, 36.117109 ], [ -82.348422, 36.115929 ], [ -82.346857, 36.115209 ], [ -82.336756, 36.114909 ], [ -82.332289, 36.116935 ], [ -82.329177, 36.117427 ], [ -82.325598607338193, 36.119155485078103 ], [ -82.325169, 36.119363 ], [ -82.321448, 36.119551 ], [ -82.318156, 36.12091 ], [ -82.308655, 36.12651 ], [ -82.307255, 36.12851 ], [ -82.302855, 36.13131 ], [ -82.297655, 36.13351 ], [ -82.297311369034404, 36.133602193673703 ], [ -82.289455, 36.13571 ], [ -82.288455, 36.13541 ], [ -82.280354, 36.12881 ], [ -82.278654, 36.12851 ], [ -82.274054, 36.12941 ], [ -82.270954, 36.12761 ], [ -82.26875, 36.12704 ], [ -82.26569, 36.127614 ], [ -82.263354, 36.13011 ], [ -82.260353, 36.13371 ], [ -82.256319, 36.133925 ], [ -82.253253, 36.13371 ], [ -82.251853, 36.13221 ], [ -82.247521, 36.130865 ], [ -82.245702527585394, 36.132001248123103 ], [ -82.244461, 36.132777 ], [ -82.243353, 36.134311 ], [ -82.241553, 36.137111 ], [ -82.237737, 36.139189 ], [ -82.236415, 36.139926 ], [ -82.235479, 36.140748 ], [ -82.234807, 36.14172 ], [ -82.233063482109998, 36.143031048427197 ], [ -82.228288, 36.146622 ], [ -82.224852, 36.150011 ], [ -82.223232, 36.154772 ], [ -82.222052, 36.156911 ], [ -82.218451, 36.157832 ], [ -82.213852, 36.159112 ], [ -82.211251, 36.159012 ], [ -82.204872, 36.157067 ], [ -82.201812, 36.154963 ], [ -82.199251, 36.152713 ], [ -82.19535, 36.150013 ], [ -82.19195, 36.148813 ], [ -82.190274, 36.150101 ], [ -82.187509, 36.151098 ], [ -82.18685, 36.150013 ], [ -82.18685, 36.149113 ], [ -82.18545, 36.147214 ], [ -82.18475, 36.145414 ], [ -82.18365, 36.144414 ], [ -82.182549, 36.143714 ], [ -82.180349, 36.143914 ], [ -82.178861, 36.143296 ], [ -82.176849, 36.142214 ], [ -82.174649, 36.143614 ], [ -82.173849, 36.145314 ], [ -82.172149, 36.146414 ], [ -82.169249, 36.146614 ], [ -82.160883, 36.146548 ], [ -82.155948, 36.148115 ], [ -82.1484717152983, 36.149424284358403 ], [ -82.147948, 36.149516 ], [ -82.144147, 36.144216 ], [ -82.141029687541703, 36.136658878889001 ], [ -82.140847, 36.136216 ], [ -82.136547, 36.128817 ], [ -82.136546, 36.123717 ], [ -82.137974, 36.119576 ], [ -82.130646, 36.106417 ], [ -82.130030861538501, 36.1060654923077 ], [ -82.127146, 36.104417 ], [ -82.115245, 36.104618 ], [ -82.110445935957401, 36.106663502706702 ], [ -82.109145, 36.107218 ], [ -82.105444, 36.108119 ], [ -82.101644, 36.106219 ], [ -82.098544, 36.105719 ], [ -82.085943, 36.10602 ], [ -82.080944957900996, 36.105761480581101 ], [ -82.081004, 36.100939 ], [ -82.079418, 36.098634 ], [ -82.075823, 36.095728 ], [ -82.077024, 36.09267 ], [ -82.076845, 36.085073 ], [ -82.075991, 36.083722 ], [ -82.073148, 36.081814 ], [ -82.071591, 36.080216 ], [ -82.069781, 36.076897 ], [ -82.069405, 36.075202 ], [ -82.070814, 36.071666 ], [ -82.071934, 36.069874 ], [ -82.070284, 36.066727 ], [ -82.068021, 36.063979 ], [ -82.06157, 36.051429 ], [ -82.058271, 36.045043 ], [ -82.056426, 36.041416 ], [ -82.039175, 36.007774 ], [ -82.043024, 36.006042 ], [ -82.044884, 36.006397 ], [ -82.048338, 36.008372 ], [ -82.049298, 36.007927 ], [ -82.049717, 36.004941 ], [ -82.048803, 36.001968 ], [ -82.051462, 36.000558 ], [ -82.053778, 36.000369 ], [ -82.055113, 35.999476 ], [ -82.056249, 35.997349 ], [ -82.058012, 35.995337 ], [ -82.057904, 35.99376 ], [ -82.059039, 35.991001 ], [ -82.059133, 35.988554 ], [ -82.059134, 35.988346 ], [ -82.058764, 35.98716 ], [ -82.048433, 35.964046 ], [ -82.037176, 35.946761 ], [ -82.034104, 35.942057 ], [ -81.981954, 35.911361 ], [ -81.982264, 35.910927 ], [ -81.981695, 35.907635 ], [ -81.979036, 35.901447 ], [ -81.980135, 35.898078 ], [ -81.979527, 35.897023 ], [ -81.980196, 35.892191 ], [ -81.980995, 35.88958 ], [ -81.980168, 35.885046 ], [ -81.984969, 35.882648 ], [ -81.986244, 35.880856 ], [ -81.987662, 35.881064 ], [ -81.989667, 35.880227 ], [ -81.990834, 35.878626 ], [ -81.990975, 35.876797 ], [ -81.992055, 35.87589 ], [ -81.994398, 35.875543 ], [ -81.997269, 35.874035 ], [ -81.999206, 35.874127 ], [ -82.003149, 35.875571 ], [ -82.002978, 35.877813 ], [ -82.004419, 35.880116 ], [ -82.007816, 35.882826 ], [ -82.009411, 35.883232 ], [ -82.013239, 35.885095 ], [ -82.015974, 35.8854 ], [ -82.020001, 35.885357 ], [ -82.022591, 35.884912 ], [ -82.025229, 35.882417 ], [ -82.026006, 35.880422 ], [ -82.028455, 35.879449 ], [ -82.027377, 35.877113 ], [ -82.028908, 35.874259 ], [ -82.028645, 35.873088 ], [ -82.02982, 35.870362 ], [ -82.029841, 35.867477 ], [ -82.033354, 35.864746 ], [ -82.033962, 35.86219 ], [ -82.036555, 35.85936 ], [ -82.039229, 35.858597 ], [ -82.043557, 35.855784 ], [ -82.044894, 35.855399 ], [ -82.048039, 35.853229 ], [ -82.050645, 35.852816 ], [ -82.053589, 35.851828 ], [ -82.055243, 35.852383 ], [ -82.059255, 35.851143 ], [ -82.063357, 35.851937 ], [ -82.066901, 35.850415 ], [ -82.071572, 35.85037 ], [ -82.073713, 35.848305 ], [ -82.074951, 35.848256 ], [ -82.078594, 35.849142 ], [ -82.080463, 35.848851 ], [ -82.082069, 35.849494 ], [ -82.084641, 35.849346 ], [ -82.086565, 35.850488 ], [ -82.090136, 35.850817 ], [ -82.091246, 35.849332 ], [ -82.092426, 35.849271 ], [ -82.09607, 35.852134 ], [ -82.097002, 35.85232 ], [ -82.099405, 35.851671 ], [ -82.100012, 35.850225 ], [ -82.100825, 35.842723 ], [ -82.102296, 35.840339 ], [ -82.104604, 35.839628 ], [ -82.109828, 35.835023 ], [ -82.113732, 35.834624 ], [ -82.117246, 35.832593 ], [ -82.119248, 35.828833 ], [ -82.120284, 35.825387 ], [ -82.121194, 35.824617 ], [ -82.124339, 35.823939 ], [ -82.13024, 35.825234 ], [ -82.133305, 35.824395 ], [ -82.133484, 35.823309 ], [ -82.148317, 35.822728 ], [ -82.147332, 35.824514 ], [ -82.144972, 35.823816 ], [ -82.143757, 35.825119 ], [ -82.143607, 35.826883 ], [ -82.144071, 35.829752 ], [ -82.145084, 35.830422 ], [ -82.145521, 35.83322 ], [ -82.146957, 35.83577 ], [ -82.14674, 35.837276 ], [ -82.148225, 35.839172 ], [ -82.149662, 35.839926 ], [ -82.150079, 35.841489 ], [ -82.146321, 35.841716 ], [ -82.145833, 35.843232 ], [ -82.143775, 35.843859 ], [ -82.142973, 35.841978 ], [ -82.14204, 35.841682 ], [ -82.140292, 35.842615 ], [ -82.140378, 35.844467 ], [ -82.138798, 35.845566 ], [ -82.139696, 35.846484 ], [ -82.141667, 35.846974 ], [ -82.142665, 35.849002 ], [ -82.141833, 35.851832 ], [ -82.142447, 35.852772 ], [ -82.142777, 35.855316 ], [ -82.141223, 35.856706 ], [ -82.141344, 35.858031 ], [ -82.142532, 35.858427 ], [ -82.14276, 35.859812 ], [ -82.144212, 35.860836 ], [ -82.144805, 35.862676 ], [ -82.146189, 35.86344 ], [ -82.14562, 35.866171 ], [ -82.146268, 35.867309 ], [ -82.14522, 35.870287 ], [ -82.145948, 35.871596 ], [ -82.145651, 35.873755 ], [ -82.144397, 35.874888 ], [ -82.145305, 35.877834 ], [ -82.144799, 35.880411 ], [ -82.146636, 35.882278 ], [ -82.146461, 35.883635 ], [ -82.147329, 35.885541 ], [ -82.146124, 35.887215 ], [ -82.146386, 35.888811 ], [ -82.14764, 35.890225 ], [ -82.149939, 35.891191 ], [ -82.149925, 35.892345 ], [ -82.148385, 35.893583 ], [ -82.145386, 35.895012 ], [ -82.1447, 35.896522 ], [ -82.146521, 35.897214 ], [ -82.145983, 35.900626 ], [ -82.146879, 35.901995 ], [ -82.146904, 35.906187 ], [ -82.144709, 35.903943 ], [ -82.14306, 35.905176 ], [ -82.142701, 35.906266 ], [ -82.142972, 35.909984 ], [ -82.144638, 35.913586 ], [ -82.146, 35.911494 ], [ -82.147151, 35.911603 ], [ -82.149822, 35.913616 ], [ -82.150102, 35.916546 ], [ -82.151798, 35.914665 ], [ -82.154804, 35.914771 ], [ -82.153915, 35.916044 ], [ -82.15343, 35.918305 ], [ -82.154532, 35.919239 ], [ -82.15501, 35.920843 ], [ -82.153275, 35.921513 ], [ -82.152031, 35.923765 ], [ -82.150245, 35.924383 ], [ -82.152719, 35.928302 ], [ -82.15175, 35.928937 ], [ -82.145199, 35.930899 ], [ -82.145658, 35.932019 ], [ -82.148328, 35.932861 ], [ -82.149736, 35.93277 ], [ -82.152072, 35.93349 ], [ -82.155389, 35.933427 ], [ -82.158652, 35.930779 ], [ -82.160378, 35.930421 ], [ -82.162153, 35.931454 ], [ -82.165355, 35.934332 ], [ -82.167662, 35.934058 ], [ -82.168426, 35.932676 ], [ -82.16771, 35.929282 ], [ -82.169724, 35.928617 ], [ -82.173764, 35.932101 ], [ -82.175757, 35.933174 ], [ -82.176143, 35.934611 ], [ -82.178262, 35.936017 ], [ -82.180786, 35.936219 ], [ -82.183991, 35.938079 ], [ -82.184396, 35.940119 ], [ -82.184213, 35.942397 ], [ -82.186099, 35.943681 ], [ -82.19171, 35.947198 ], [ -82.192222, 35.949664 ], [ -82.193723, 35.950895 ], [ -82.197127, 35.951686 ], [ -82.197707, 35.952343 ], [ -82.196176, 35.954389 ], [ -82.194534, 35.955205 ], [ -82.193465, 35.956916 ], [ -82.192751, 35.959483 ], [ -82.1916, 35.95961 ], [ -82.18783, 35.958135 ], [ -82.186274, 35.958794 ], [ -82.186312, 35.960958 ], [ -82.189812, 35.963032 ], [ -82.190882, 35.965373 ], [ -82.193676, 35.966604 ], [ -82.193762, 35.968157 ], [ -82.191825, 35.969453 ], [ -82.191128, 35.973649 ], [ -82.191229, 35.975018 ], [ -82.191805, 35.977398 ], [ -82.191353, 35.98188 ], [ -82.192722, 35.984154 ], [ -82.191339, 35.985987 ], [ -82.191705, 35.990636 ], [ -82.192329, 35.991316 ], [ -82.196305, 35.991712 ], [ -82.197712, 35.992986 ], [ -82.197945, 35.995476 ], [ -82.200879, 35.998304 ], [ -82.20412, 36.003603 ], [ -82.20422, 36.005347 ], [ -82.203488, 36.006079 ], [ -82.20041, 36.006107 ], [ -82.197947, 36.002046 ], [ -82.195973, 36.000299 ], [ -82.194728, 36.000331 ], [ -82.193844, 36.000727 ], [ -82.193203, 36.002475 ], [ -82.193465, 36.007204 ], [ -82.194968, 36.011571 ], [ -82.195948, 36.012667 ], [ -82.196979, 36.014518 ], [ -82.198603, 36.0158 ], [ -82.200882, 36.015617 ], [ -82.203258, 36.014607 ], [ -82.205601, 36.01411 ], [ -82.20971, 36.016662 ], [ -82.214192, 36.01706 ], [ -82.216893, 36.016473 ], [ -82.219174, 36.015249 ], [ -82.223475, 36.014848 ], [ -82.22778, 36.012889 ], [ -82.228772, 36.013021 ], [ -82.233302, 36.013535 ], [ -82.237677, 36.009173 ], [ -82.236537, 36.006559 ], [ -82.236746, 36.004881 ], [ -82.238521, 36.004837 ], [ -82.241591, 36.006334 ], [ -82.246679, 36.007753 ], [ -82.249809, 36.008945 ], [ -82.252115, 36.008683 ], [ -82.253022, 36.008 ], [ -82.253966, 36.005321 ], [ -82.252301, 36.00214 ], [ -82.252432, 35.998349 ], [ -82.249851, 35.9938 ], [ -82.249314, 35.992045 ], [ -82.249455, 35.989535 ], [ -82.251967, 35.98913 ], [ -82.255057, 35.990575 ], [ -82.257793, 35.992668 ], [ -82.259843, 35.996518 ], [ -82.261666, 35.998955 ], [ -82.263695, 36.000108 ], [ -82.265904, 36.000327 ], [ -82.267948, 36.001465 ], [ -82.270949, 36.001849 ], [ -82.27332, 36.002935 ], [ -82.274205, 36.004236 ], [ -82.274108, 36.005952 ], [ -82.272897, 36.010769 ], [ -82.267967, 36.014362 ], [ -82.26807, 36.016625 ], [ -82.269706, 36.018168 ], [ -82.272052, 36.019032 ], [ -82.273955, 36.020339 ], [ -82.279418, 36.025025 ], [ -82.282075, 36.026453 ], [ -82.285609, 36.027178 ], [ -82.2886, 36.02813 ], [ -82.291069, 36.029616 ], [ -82.291612, 36.031318 ], [ -82.294107, 36.033418 ], [ -82.29614, 36.035663 ], [ -82.299139, 36.040219 ], [ -82.298722, 36.042986 ], [ -82.298909, 36.044811 ], [ -82.300787, 36.045816 ], [ -82.302175, 36.044827 ], [ -82.30327, 36.042417 ], [ -82.306376, 36.040418 ], [ -82.309249, 36.040376 ], [ -82.310585, 36.039705 ], [ -82.312262, 36.03762 ], [ -82.31313, 36.03567 ], [ -82.313209, 36.033371 ], [ -82.312738, 36.031016 ], [ -82.311468, 36.028109 ], [ -82.312435, 36.026104 ], [ -82.315314, 36.025569 ], [ -82.319594, 36.025417 ], [ -82.320604, 36.025712 ], [ -82.321015, 36.026212 ], [ -82.322917, 36.028827 ], [ -82.324731, 36.029273 ], [ -82.328192, 36.0292 ], [ -82.330877, 36.029652 ], [ -82.333589, 36.029111 ], [ -82.335878, 36.029148 ], [ -82.338201, 36.030088 ], [ -82.339977, 36.03472 ], [ -82.339476, 36.036907 ], [ -82.337599, 36.039067 ], [ -82.336678, 36.043581 ], [ -82.336199, 36.044582 ], [ -82.336558, 36.048667 ], [ -82.336385, 36.052437 ], [ -82.337325, 36.056015 ], [ -82.339315, 36.059498 ], [ -82.340512, 36.065073 ], [ -82.341473, 36.066722 ], [ -82.343672, 36.068954 ], [ -82.344597, 36.071104 ], [ -82.345319, 36.074378 ], [ -82.34529, 36.076459 ], [ -82.348478, 36.078456 ], [ -82.350432, 36.081456 ], [ -82.350977, 36.083401 ], [ -82.351958, 36.084519 ], [ -82.353436, 36.084542 ], [ -82.355848, 36.08343 ], [ -82.357097, 36.082324 ], [ -82.358238, 36.079287 ], [ -82.360089, 36.078206 ], [ -82.369458, 36.077006 ], [ -82.371278, 36.07616 ], [ -82.373845, 36.072387 ], [ -82.376574, 36.070855 ], [ -82.378988, 36.07055 ], [ -82.380081, 36.07074 ], [ -82.382607, 36.073863 ], [ -82.384301, 36.075467 ], [ -82.390886, 36.079437 ], [ -82.394276, 36.080883 ], [ -82.397254, 36.081736 ], [ -82.400518, 36.081627 ], [ -82.401628, 36.080951 ], [ -82.402664, 36.078754 ], [ -82.402624, 36.077099 ], [ -82.399505, 36.073873 ], [ -82.398964, 36.072581 ], [ -82.399824, 36.071367 ], [ -82.401645, 36.071187 ], [ -82.404007, 36.072215 ], [ -82.405828, 36.071863 ], [ -82.412285, 36.071733 ], [ -82.415534, 36.072102 ], [ -82.416660772701903, 36.072773655932203 ], [ -82.416660288916503, 36.072774370271503 ] ] ] } },
{ "type": "Feature", "properties": { "STATEFP": "37", "COUNTYFP": "015", "COUNTYNS": "01026334", "GEOIDFQ": "0500000US37015", "GEOID": 37015, "NAME": "Bertie", "NAMELSAD": "Bertie County", "STUSPS": "NC", "STATE_NAME": "North Carolina", "LSAD": "06", "ALAND": 1810858588, "AWATER": 109120751, "state": "NC", "county": "Bertie", "fips": 37015, "adult_pop": "14,112", "observed_distress": 17.5, "loneliness_rate": 35.3, "access_to_exercise": 35.6306457, "social_associations_per_10k": 24.583155195, "air_pollution": 7.0, "uninsured": 13.59630267, "unemployment_rate": 5.90031931, "providers_per_100k": 57.12654, "log_median_hh_income": 10.628133400155445, "rucc_category": "rural" }, "geometry": { "type": "Polygon", "coordinates": [ [ [ -77.327622, 36.076241 ], [ -77.326372, 36.076921 ], [ -77.321094, 36.077937 ], [ -77.318667, 36.080328 ], [ -77.317704, 36.083292 ], [ -77.315299, 36.087656 ], [ -77.313225, 36.089167 ], [ -77.308812, 36.089838 ], [ -77.300891, 36.090126 ], [ -77.295017, 36.090829 ], [ -77.292261, 36.091471 ], [ -77.28815, 36.093727 ], [ -77.284026, 36.096527 ], [ -77.280394, 36.097905 ], [ -77.275278, 36.099058 ], [ -77.270807, 36.099773 ], [ -77.26673, 36.100111 ], [ -77.261247, 36.099829 ], [ -77.255459, 36.099117 ], [ -77.250628, 36.098776 ], [ -77.244611, 36.097057 ], [ -77.24207, 36.097343 ], [ -77.240694, 36.09797 ], [ -77.237055, 36.100571 ], [ -77.230583, 36.10434 ], [ -77.23021, 36.107022 ], [ -77.231087, 36.109042 ], [ -77.232094, 36.109942 ], [ -77.234813, 36.111138 ], [ -77.240549, 36.111339 ], [ -77.244325, 36.112108 ], [ -77.249485, 36.113764 ], [ -77.251468, 36.115051 ], [ -77.251571, 36.11706 ], [ -77.25072, 36.117695 ], [ -77.2475, 36.118312 ], [ -77.243163, 36.118318 ], [ -77.240345, 36.118771 ], [ -77.239704, 36.120275 ], [ -77.24117, 36.121266 ], [ -77.249224, 36.121424 ], [ -77.252318, 36.121742 ], [ -77.254621, 36.122811 ], [ -77.254688, 36.125551 ], [ -77.251953, 36.129399 ], [ -77.25052, 36.132645 ], [ -77.251527, 36.135534 ], [ -77.253726, 36.136553 ], [ -77.257069, 36.137025 ], [ -77.26455, 36.139054 ], [ -77.266143, 36.140999 ], [ -77.265864, 36.14518 ], [ -77.267174, 36.148601 ], [ -77.267144, 36.150965 ], [ -77.263005, 36.157218 ], [ -77.263366, 36.158941 ], [ -77.264469, 36.159331 ], [ -77.27429, 36.156935 ], [ -77.277248, 36.15781 ], [ -77.278231, 36.158896 ], [ -77.279981, 36.16336 ], [ -77.28257, 36.166799 ], [ -77.284707, 36.168351 ], [ -77.288272, 36.16932 ], [ -77.291519, 36.168342 ], [ -77.293867, 36.169604 ], [ -77.294256, 36.170382 ], [ -77.297356, 36.172523 ], [ -77.298102, 36.172186 ], [ -77.297861, 36.173439 ], [ -77.295872, 36.173953 ], [ -77.295953, 36.175752 ], [ -77.297638, 36.178328 ], [ -77.29826, 36.180404 ], [ -77.299717, 36.181409 ], [ -77.299161, 36.183026 ], [ -77.298896, 36.186052 ], [ -77.296664, 36.187063 ], [ -77.294936, 36.188907 ], [ -77.294978, 36.190912 ], [ -77.295747, 36.193365 ], [ -77.294861, 36.193856 ], [ -77.293296, 36.197386 ], [ -77.294584, 36.199398 ], [ -77.297368, 36.202334 ], [ -77.298371, 36.205813 ], [ -77.29825, 36.207708 ], [ -77.294809, 36.209936 ], [ -77.292453, 36.210651 ], [ -77.290876, 36.212803 ], [ -77.289493, 36.212768 ], [ -77.2874, 36.211428 ], [ -77.284199, 36.212793 ], [ -77.278446, 36.213088 ], [ -77.276133, 36.214318 ], [ -77.274377, 36.214395 ], [ -77.272029, 36.213511 ], [ -77.269162, 36.213584 ], [ -77.266892, 36.215726 ], [ -77.264064, 36.217183 ], [ -77.260699, 36.217647 ], [ -77.257938, 36.217505 ], [ -77.254916, 36.218474 ], [ -77.250772, 36.218607 ], [ -77.247685, 36.217895 ], [ -77.246327, 36.216267 ], [ -77.243526, 36.215049 ], [ -77.24125, 36.215191 ], [ -77.235681, 36.213974 ], [ -77.232666, 36.214518 ], [ -77.228958, 36.214403 ], [ -77.228799, 36.217387 ], [ -77.209215, 36.245879 ], [ -77.208468, 36.246578 ], [ -77.183144, 36.242825 ], [ -77.158994, 36.242332 ], [ -77.11774, 36.241469 ], [ -77.091095, 36.240906 ], [ -77.04212, 36.239852 ], [ -77.008384, 36.239113 ], [ -76.999595, 36.240059 ], [ -76.985808, 36.242102 ], [ -76.971399, 36.23813 ], [ -76.943953, 36.241372 ], [ -76.928226, 36.240132 ], [ -76.903383, 36.242986 ], [ -76.900162, 36.243003 ], [ -76.837742, 36.243277 ], [ -76.722225824478102, 36.243806438797598 ], [ -76.725022, 36.231118 ], [ -76.72755, 36.231919 ], [ -76.731353, 36.234603 ], [ -76.73468, 36.235753 ], [ -76.737057, 36.234795 ], [ -76.737532, 36.231727 ], [ -76.741335, 36.229235 ], [ -76.745138, 36.215046 ], [ -76.749892, 36.211402 ], [ -76.750843, 36.204115 ], [ -76.747753, 36.197402 ], [ -76.752031, 36.192799 ], [ -76.752794458295398, 36.1841712788002 ], [ -76.753457, 36.176684 ], [ -76.751556, 36.169777 ], [ -76.753932, 36.165172 ], [ -76.754645, 36.155386 ], [ -76.754203895387406, 36.148078521691303 ], [ -76.75417, 36.147517 ], [ -76.751556, 36.138304 ], [ -76.749416, 36.131585 ], [ -76.744188, 36.12621 ], [ -76.740622, 36.118147 ], [ -76.735869, 36.110274 ], [ -76.734205, 36.103938 ], [ -76.730164, 36.101825 ], [ -76.726044, 36.096236 ], [ -76.726837, 36.09107 ], [ -76.729451, 36.08089 ], [ -76.728738, 36.078393 ], [ -76.730877, 36.074743 ], [ -76.728976, 36.069364 ], [ -76.727312, 36.063216 ], [ -76.725411, 36.058989 ], [ -76.72042, 36.052071 ], [ -76.718043, 36.048036 ], [ -76.705607, 36.04259 ], [ -76.70806, 36.038235 ], [ -76.705683, 36.0317 ], [ -76.704733, 36.027663 ], [ -76.703782, 36.019397 ], [ -76.703782, 36.010554 ], [ -76.700838187351195, 36.010225581034803 ], [ -76.696889, 36.009785 ], [ -76.685956, 36.006324 ], [ -76.68387, 36.000375 ], [ -76.681915, 35.989595 ], [ -76.684768, 35.988056 ], [ -76.687331, 35.98457 ], [ -76.69475, 35.977863 ], [ -76.699979, 35.973824 ], [ -76.706396, 35.9719 ], [ -76.719153, 35.965087 ], [ -76.725732, 35.955213 ], [ -76.726965, 35.942568 ], [ -76.731636, 35.940043 ], [ -76.732773, 35.936723 ], [ -76.728298, 35.933578 ], [ -76.717774, 35.937141 ], [ -76.706661, 35.944874 ], [ -76.697602, 35.942079 ], [ -76.693049337625297, 35.942447772357298 ], [ -76.693159, 35.938151 ], [ -76.694534, 35.933967 ], [ -76.698976, 35.927879 ], [ -76.699924, 35.924546 ], [ -76.701374, 35.92302 ], [ -76.706785, 35.923163 ], [ -76.708495, 35.923317 ], [ -76.711061, 35.922779 ], [ -76.718138, 35.918818 ], [ -76.719989, 35.917259 ], [ -76.723199, 35.912046 ], [ -76.723616, 35.906168 ], [ -76.724801, 35.903288 ], [ -76.72768, 35.899091 ], [ -76.72926, 35.894883 ], [ -76.730201, 35.890657 ], [ -76.731067, 35.888425 ], [ -76.733952, 35.884902 ], [ -76.735497, 35.882007 ], [ -76.736984, 35.878786 ], [ -76.739135, 35.876594 ], [ -76.745411, 35.870829 ], [ -76.747443, 35.869926 ], [ -76.752999, 35.8668 ], [ -76.758595, 35.86537 ], [ -76.760598, 35.864887 ], [ -76.767618, 35.863724 ], [ -76.771521, 35.862735 ], [ -76.775538, 35.862724 ], [ -76.780985, 35.863871 ], [ -76.783669, 35.865164 ], [ -76.786049, 35.867158 ], [ -76.791482, 35.869932 ], [ -76.796057, 35.873342 ], [ -76.79833, 35.87573 ], [ -76.801316, 35.880039 ], [ -76.802961, 35.881668 ], [ -76.806906, 35.883946 ], [ -76.814342, 35.885742 ], [ -76.818813, 35.886687 ], [ -76.824188, 35.886975 ], [ -76.829398, 35.886076 ], [ -76.832019, 35.885003 ], [ -76.834825, 35.88291 ], [ -76.836314, 35.880121 ], [ -76.836854, 35.8761 ], [ -76.835724, 35.871345 ], [ -76.833172, 35.865478 ], [ -76.831807, 35.859247 ], [ -76.83166, 35.855949 ], [ -76.833136, 35.852167 ], [ -76.835051, 35.84958 ], [ -76.840143, 35.844168 ], [ -76.843155, 35.841662 ], [ -76.845793, 35.839917 ], [ -76.852854, 35.832748 ], [ -76.85876, 35.826197 ], [ -76.861845, 35.82382 ], [ -76.863268, 35.823461 ], [ -76.870047, 35.81795 ], [ -76.872102, 35.815938 ], [ -76.875222, 35.813721 ], [ -76.879895, 35.812107 ], [ -76.882604, 35.811868 ], [ -76.895486, 35.813155 ], [ -76.897261, 35.813903 ], [ -76.897909, 35.814639 ], [ -76.896167, 35.816492 ], [ -76.893184, 35.817629 ], [ -76.892995, 35.818712 ], [ -76.898536, 35.820021 ], [ -76.901067, 35.821055 ], [ -76.904051, 35.824067 ], [ -76.903489, 35.825468 ], [ -76.903187, 35.825615 ], [ -76.898275, 35.826789 ], [ -76.896204, 35.827905 ], [ -76.894716, 35.829287 ], [ -76.893894, 35.830712 ], [ -76.894243, 35.83235 ], [ -76.895701, 35.833655 ], [ -76.901628, 35.835229 ], [ -76.903494, 35.837436 ], [ -76.901651, 35.844922 ], [ -76.898154, 35.848029 ], [ -76.89725, 35.849581 ], [ -76.897295, 35.850861 ], [ -76.900328, 35.856544 ], [ -76.899837, 35.858465 ], [ -76.894022, 35.861937 ], [ -76.893027, 35.863967 ], [ -76.89514, 35.865763 ], [ -76.899819, 35.86706 ], [ -76.902067, 35.868218 ], [ -76.903355, 35.870031 ], [ -76.904078, 35.875482 ], [ -76.905553, 35.877748 ], [ -76.910459, 35.88087 ], [ -76.912953, 35.884688 ], [ -76.916343, 35.893383 ], [ -76.917981, 35.895362 ], [ -76.921344, 35.897499 ], [ -76.923248, 35.898331 ], [ -76.928666, 35.900022 ], [ -76.931412, 35.900197 ], [ -76.93904, 35.90151 ], [ -76.940937, 35.901094 ], [ -76.943698, 35.899125 ], [ -76.947206, 35.897137 ], [ -76.946784, 35.89521 ], [ -76.947176, 35.893682 ], [ -76.949788, 35.89139 ], [ -76.953323, 35.889882 ], [ -76.957779, 35.886118 ], [ -76.957747, 35.884262 ], [ -76.958909, 35.883354 ], [ -76.96188, 35.88238 ], [ -76.968243, 35.882422 ], [ -76.971583, 35.880814 ], [ -76.972676, 35.879521 ], [ -76.975015, 35.878664 ], [ -76.979533, 35.875508 ], [ -76.97946, 35.873683 ], [ -76.981089, 35.872751 ], [ -76.983988, 35.876414 ], [ -76.986649, 35.876809 ], [ -76.987969, 35.875839 ], [ -76.987804, 35.871422 ], [ -76.988326, 35.869384 ], [ -76.989512, 35.867516 ], [ -76.991693, 35.865088 ], [ -76.994756, 35.863539 ], [ -76.99802, 35.863337 ], [ -77.000614, 35.861776 ], [ -77.00358, 35.85927 ], [ -77.00525, 35.858433 ], [ -77.007343, 35.859523 ], [ -77.008071, 35.860584 ], [ -77.008826, 35.861499 ], [ -77.010849, 35.862268 ], [ -77.014964, 35.862655 ], [ -77.017609, 35.862058 ], [ -77.021823, 35.860236 ], [ -77.023869, 35.859824 ], [ -77.028788, 35.857793 ], [ -77.030998, 35.857348 ], [ -77.034914, 35.857387 ], [ -77.035613, 35.857502 ], [ -77.04006, 35.859728 ], [ -77.043243, 35.861038 ], [ -77.044259, 35.861676 ], [ -77.044648, 35.862076 ], [ -77.044087, 35.863525 ], [ -77.042134, 35.864533 ], [ -77.040712, 35.866462 ], [ -77.040456, 35.868953 ], [ -77.041056, 35.870114 ], [ -77.045099, 35.873442 ], [ -77.04546, 35.874759 ], [ -77.044395, 35.875538 ], [ -77.042282, 35.875159 ], [ -77.03969, 35.874603 ], [ -77.037991, 35.876655 ], [ -77.036231, 35.877938 ], [ -77.031293, 35.880705 ], [ -77.031676, 35.882727 ], [ -77.034385, 35.884402 ], [ -77.036527, 35.886771 ], [ -77.037485, 35.889378 ], [ -77.037494, 35.890626 ], [ -77.034534, 35.891186 ], [ -77.032142, 35.892619 ], [ -77.030599, 35.893042 ], [ -77.028127, 35.892938 ], [ -77.024539, 35.890257 ], [ -77.022771, 35.89026 ], [ -77.022161, 35.891082 ], [ -77.024694, 35.893554 ], [ -77.025505, 35.89571 ], [ -77.025353, 35.897115 ], [ -77.024382, 35.898251 ], [ -77.024254, 35.900297 ], [ -77.025254, 35.902776 ], [ -77.027528, 35.904572 ], [ -77.02985, 35.90445 ], [ -77.030613, 35.905358 ], [ -77.027272, 35.90863 ], [ -77.026614, 35.909835 ], [ -77.027519, 35.914513 ], [ -77.027254, 35.917787 ], [ -77.028059, 35.91824 ], [ -77.030762, 35.917004 ], [ -77.031843, 35.917789 ], [ -77.031684, 35.91945 ], [ -77.02811, 35.92579 ], [ -77.027544, 35.929683 ], [ -77.029698, 35.930006 ], [ -77.032505, 35.929316 ], [ -77.035646, 35.929462 ], [ -77.037987, 35.930172 ], [ -77.039292, 35.93144 ], [ -77.041018, 35.936458 ], [ -77.04221, 35.939196 ], [ -77.042882, 35.942278 ], [ -77.045004, 35.943911 ], [ -77.047011, 35.944262 ], [ -77.052234, 35.944059 ], [ -77.054575, 35.9448 ], [ -77.055842, 35.944404 ], [ -77.055752, 35.94162 ], [ -77.057605, 35.939762 ], [ -77.05928, 35.938765 ], [ -77.060936, 35.938567 ], [ -77.064212, 35.939643 ], [ -77.068876, 35.943491 ], [ -77.070774, 35.943756 ], [ -77.071067, 35.942311 ], [ -77.06907, 35.940328 ], [ -77.066859, 35.939077 ], [ -77.066747, 35.937188 ], [ -77.067992, 35.936088 ], [ -77.071484, 35.934704 ], [ -77.07541, 35.934894 ], [ -77.078598, 35.936384 ], [ -77.080455, 35.937628 ], [ -77.081369, 35.937227 ], [ -77.081032, 35.934886 ], [ -77.081273, 35.933003 ], [ -77.082366, 35.931645 ], [ -77.085007, 35.931334 ], [ -77.087031, 35.932166 ], [ -77.087706, 35.930225 ], [ -77.088797, 35.928963 ], [ -77.092073, 35.928374 ], [ -77.091687, 35.926417 ], [ -77.092981, 35.924902 ], [ -77.094005, 35.92479 ], [ -77.095798, 35.927089 ], [ -77.098505, 35.928986 ], [ -77.101172, 35.932578 ], [ -77.102922, 35.933341 ], [ -77.105486, 35.932965 ], [ -77.107564, 35.931526 ], [ -77.110242, 35.927921 ], [ -77.111234, 35.927521 ], [ -77.113365, 35.928865 ], [ -77.116387, 35.92904 ], [ -77.117821, 35.928198 ], [ -77.119874, 35.926151 ], [ -77.12165, 35.925826 ], [ -77.124916, 35.926685 ], [ -77.126534, 35.928919 ], [ -77.127809, 35.935991 ], [ -77.129164, 35.939239 ], [ -77.130876, 35.940756 ], [ -77.13211, 35.940706 ], [ -77.133861, 35.939443 ], [ -77.135902, 35.937077 ], [ -77.138753, 35.934883 ], [ -77.140777, 35.934022 ], [ -77.142995, 35.934404 ], [ -77.145068, 35.935885 ], [ -77.146927, 35.936193 ], [ -77.151084, 35.936067 ], [ -77.153751, 35.936289 ], [ -77.158064, 35.937176 ], [ -77.162831, 35.937666 ], [ -77.164654, 35.937345 ], [ -77.166995, 35.935715 ], [ -77.16894, 35.932657 ], [ -77.170359, 35.929737 ], [ -77.173289, 35.928945 ], [ -77.177825, 35.929041 ], [ -77.182565, 35.929962 ], [ -77.185816, 35.930874 ], [ -77.188771, 35.932361 ], [ -77.192774, 35.935242 ], [ -77.197078, 35.937738 ], [ -77.198401, 35.939087 ], [ -77.198952, 35.939961 ], [ -77.19967, 35.942084 ], [ -77.201016, 35.945474 ], [ -77.202282, 35.947418 ], [ -77.20233, 35.947713 ], [ -77.201938, 35.949817 ], [ -77.200568, 35.950961 ], [ -77.199542, 35.950876 ], [ -77.195952, 35.948997 ], [ -77.19501, 35.948997 ], [ -77.194215, 35.949717 ], [ -77.195138, 35.951717 ], [ -77.199031, 35.954973 ], [ -77.199619, 35.956315 ], [ -77.197945, 35.957578 ], [ -77.194936, 35.957666 ], [ -77.19076, 35.956698 ], [ -77.188858, 35.956725 ], [ -77.189188, 35.958424 ], [ -77.195366, 35.960257 ], [ -77.197557, 35.961893 ], [ -77.196367, 35.963032 ], [ -77.192432, 35.960465 ], [ -77.190828, 35.96084 ], [ -77.193717, 35.962771 ], [ -77.196042, 35.965239 ], [ -77.196448, 35.967582 ], [ -77.195742, 35.96876 ], [ -77.19252, 35.97069 ], [ -77.190268, 35.973678 ], [ -77.192635, 35.97504 ], [ -77.194284, 35.976558 ], [ -77.196586, 35.982725 ], [ -77.195576, 35.983802 ], [ -77.192495, 35.984683 ], [ -77.19248, 35.985768 ], [ -77.194277, 35.987496 ], [ -77.195475, 35.989802 ], [ -77.195918, 35.992035 ], [ -77.196664, 35.992917 ], [ -77.203453, 35.993501 ], [ -77.206782, 35.992914 ], [ -77.20941, 35.990961 ], [ -77.212404, 35.990894 ], [ -77.213328, 35.992533 ], [ -77.212668, 35.995102 ], [ -77.211235, 35.996963 ], [ -77.208452, 35.999997 ], [ -77.205817, 36.005323 ], [ -77.206278, 36.006782 ], [ -77.211884, 36.010508 ], [ -77.215286, 36.013797 ], [ -77.217223, 36.01519 ], [ -77.219634, 36.015391 ], [ -77.227638, 36.014927 ], [ -77.230515, 36.015577 ], [ -77.234714, 36.018044 ], [ -77.242084, 36.02169 ], [ -77.247489, 36.023482 ], [ -77.253038, 36.024889 ], [ -77.255535, 36.025837 ], [ -77.26462, 36.030502 ], [ -77.269122, 36.031616 ], [ -77.27447, 36.033697 ], [ -77.279565, 36.037309 ], [ -77.2858, 36.040894 ], [ -77.290096, 36.04372 ], [ -77.29279, 36.045085 ], [ -77.301005, 36.048463 ], [ -77.305438, 36.050052 ], [ -77.315573, 36.054297 ], [ -77.318651, 36.055428 ], [ -77.321902, 36.057315 ], [ -77.322874, 36.058598 ], [ -77.324958, 36.063787 ], [ -77.326668, 36.067205 ], [ -77.327569, 36.071361 ], [ -77.327993, 36.07349 ], [ -77.327622, 36.076241 ] ] ] } },
{ "type": "Feature", "properties": { "STATEFP": "37", "COUNTYFP": "057", "COUNTYNS": "01008548", "GEOIDFQ": "0500000US37057", "GEOID": 37057, "NAME": "Davidson", "NAMELSAD": "Davidson County", "STUSPS": "NC", "STATE_NAME": "North Carolina", "LSAD": "06", "ALAND": 1432725178, "AWATER": 37607387, "state": "NC", "county": "Davidson", "fips": 37057, "adult_pop": "137,346", "observed_distress": 17.5, "loneliness_rate": 31.5, "access_to_exercise": 59.1067306, "social_associations_per_10k": 10.045262772, "air_pollution": 8.9, "uninsured": 17.83231494, "unemployment_rate": 4.53654651, "providers_per_100k": 117.20787, "log_median_hh_income": 10.886932132596671, "rucc_category": "metro" }, "geometry": { "type": "Polygon", "coordinates": [ [ [ -80.487419, 35.833601 ], [ -80.482511, 35.840326 ], [ -80.478391, 35.843329 ], [ -80.476813, 35.843848 ], [ -80.473813, 35.842633 ], [ -80.472016, 35.84062 ], [ -80.470034, 35.83721 ], [ -80.469177, 35.835554 ], [ -80.465535, 35.830976 ], [ -80.464568, 35.828171 ], [ -80.462556, 35.826964 ], [ -80.458404, 35.82643 ], [ -80.455168, 35.827282 ], [ -80.450669, 35.830945 ], [ -80.448989, 35.83326 ], [ -80.448264, 35.835303 ], [ -80.446444, 35.83666 ], [ -80.445328, 35.836517 ], [ -80.442766, 35.834701 ], [ -80.438354, 35.832124 ], [ -80.435848, 35.828325 ], [ -80.432642, 35.828126 ], [ -80.430141, 35.829139 ], [ -80.428734, 35.830787 ], [ -80.427203, 35.835395 ], [ -80.426919, 35.841073 ], [ -80.425764, 35.847481 ], [ -80.424194, 35.851047 ], [ -80.42332, 35.851964 ], [ -80.420733, 35.852662 ], [ -80.416636, 35.852376 ], [ -80.413211, 35.850966 ], [ -80.409481, 35.847097 ], [ -80.407596, 35.84546 ], [ -80.401362, 35.842288 ], [ -80.397617, 35.841204 ], [ -80.394515, 35.841407 ], [ -80.392453, 35.842129 ], [ -80.389501, 35.843969 ], [ -80.388413, 35.845482 ], [ -80.385768, 35.853628 ], [ -80.385976, 35.855712 ], [ -80.386531, 35.856994 ], [ -80.387282, 35.858315 ], [ -80.387629, 35.86094 ], [ -80.389674, 35.867593 ], [ -80.391086, 35.869434 ], [ -80.393396, 35.870805 ], [ -80.400663, 35.873134 ], [ -80.407203, 35.874788 ], [ -80.411476, 35.877023 ], [ -80.416533, 35.880469 ], [ -80.416004, 35.883272 ], [ -80.413852, 35.886127 ], [ -80.410661, 35.890103 ], [ -80.409359, 35.890965 ], [ -80.407859, 35.891481 ], [ -80.40067, 35.892482 ], [ -80.396311, 35.892751 ], [ -80.392832, 35.89248 ], [ -80.389889, 35.891854 ], [ -80.38559, 35.889401 ], [ -80.380297, 35.886873 ], [ -80.378032, 35.885156 ], [ -80.375935, 35.884669 ], [ -80.372646, 35.884466 ], [ -80.370009, 35.885747 ], [ -80.36756, 35.88916 ], [ -80.365225, 35.893395 ], [ -80.36523, 35.894814 ], [ -80.366269, 35.896725 ], [ -80.371193, 35.903426 ], [ -80.372488, 35.906874 ], [ -80.374875, 35.911331 ], [ -80.374944, 35.914117 ], [ -80.374024, 35.916934 ], [ -80.368862, 35.924669 ], [ -80.368344, 35.92758 ], [ -80.369065, 35.930402 ], [ -80.373897, 35.936582 ], [ -80.374161, 35.937028 ], [ -80.375024, 35.938781 ], [ -80.375576, 35.941435 ], [ -80.374824, 35.9462 ], [ -80.374812, 35.949621 ], [ -80.374166, 35.953123 ], [ -80.375296, 35.956584 ], [ -80.378001, 35.962207 ], [ -80.381553, 35.964775 ], [ -80.385287, 35.966151 ], [ -80.390054, 35.966952 ], [ -80.391005, 35.967776 ], [ -80.392445, 35.971337 ], [ -80.394307, 35.972762 ], [ -80.348134, 35.989938 ], [ -80.336216, 35.99436 ], [ -80.330298, 35.996556 ], [ -80.310187, 35.99658 ], [ -80.303983, 35.996601 ], [ -80.280345, 35.99662 ], [ -80.269101, 35.996636 ], [ -80.266851, 35.996639 ], [ -80.247778, 35.996664 ], [ -80.246462, 35.996665 ], [ -80.238314, 35.996677 ], [ -80.23725, 35.996676 ], [ -80.234745, 35.996678 ], [ -80.217499, 35.996696 ], [ -80.217339, 35.996696 ], [ -80.213841, 35.997114 ], [ -80.213832, 36.004979 ], [ -80.21381, 36.022869 ], [ -80.213692, 36.026808 ], [ -80.199178, 36.026805 ], [ -80.175465, 36.026778 ], [ -80.162032, 36.026759 ], [ -80.149788, 36.026768 ], [ -80.143563, 36.025868 ], [ -80.137528, 36.024971 ], [ -80.127725, 36.023506 ], [ -80.124907, 36.023086 ], [ -80.100985, 36.019516 ], [ -80.078232, 36.016145 ], [ -80.060366, 36.013482 ], [ -80.052895, 36.01234 ], [ -80.045427, 36.011116 ], [ -80.04535, 36.011103 ], [ -80.043238, 36.010758 ], [ -80.043783, 35.998356 ], [ -80.043991, 35.99349 ], [ -80.044463, 35.982658 ], [ -80.044939, 35.972775 ], [ -80.044942, 35.972674 ], [ -80.04522, 35.964677 ], [ -80.045335, 35.961982 ], [ -80.04534, 35.961879 ], [ -80.045649, 35.955068 ], [ -80.045932, 35.948364 ], [ -80.046028, 35.946002 ], [ -80.04605, 35.945457 ], [ -80.046418, 35.935354 ], [ -80.046621, 35.930763 ], [ -80.0466, 35.929657 ], [ -80.046667, 35.927711 ], [ -80.046869, 35.920693 ], [ -80.047004, 35.916807 ], [ -80.047094, 35.914479 ], [ -80.047112, 35.914329 ], [ -80.047284, 35.911836 ], [ -80.047697, 35.90299 ], [ -80.048151, 35.894141 ], [ -80.048807, 35.881131 ], [ -80.049177, 35.874985 ], [ -80.049549, 35.867481 ], [ -80.049929, 35.861222 ], [ -80.050546, 35.851237 ], [ -80.05241, 35.819373 ], [ -80.052547, 35.816906 ], [ -80.053361, 35.802998 ], [ -80.05462, 35.781275 ], [ -80.055889, 35.75881 ], [ -80.056352, 35.750132 ], [ -80.058236, 35.713233 ], [ -80.058681, 35.704184 ], [ -80.06036, 35.669402 ], [ -80.062927, 35.612617 ], [ -80.062986, 35.610755 ], [ -80.063023, 35.609519 ], [ -80.064072, 35.579754 ], [ -80.064758, 35.561377 ], [ -80.066842, 35.505661 ], [ -80.089999, 35.505445 ], [ -80.182559, 35.504151 ], [ -80.183264, 35.504141 ], [ -80.184337, 35.506467 ], [ -80.184741, 35.508793 ], [ -80.183911, 35.516241 ], [ -80.184843, 35.517991 ], [ -80.190109, 35.525186 ], [ -80.191515, 35.526393 ], [ -80.194984, 35.527625 ], [ -80.197288, 35.529821 ], [ -80.197495, 35.530898 ], [ -80.195514, 35.535917 ], [ -80.195747, 35.53738 ], [ -80.199217, 35.545647 ], [ -80.199879, 35.54639 ], [ -80.201613, 35.547319 ], [ -80.206299, 35.548877 ], [ -80.207618, 35.549697 ], [ -80.209794, 35.552263 ], [ -80.210397, 35.555466 ], [ -80.209618, 35.559864 ], [ -80.20775, 35.565964 ], [ -80.206956, 35.573061 ], [ -80.207101, 35.575998 ], [ -80.207348, 35.577903 ], [ -80.20886, 35.581334 ], [ -80.212585, 35.584673 ], [ -80.219175, 35.587516 ], [ -80.224578, 35.591461 ], [ -80.227388, 35.593203 ], [ -80.231728, 35.596532 ], [ -80.233557, 35.598409 ], [ -80.235673, 35.604481 ], [ -80.237149, 35.607042 ], [ -80.239097, 35.609796 ], [ -80.243447, 35.61443 ], [ -80.249662, 35.619155 ], [ -80.250211, 35.619453 ], [ -80.25546, 35.621717 ], [ -80.257109, 35.622868 ], [ -80.25901, 35.625258 ], [ -80.264975, 35.629598 ], [ -80.268724, 35.630983 ], [ -80.278859, 35.632363 ], [ -80.283678, 35.633345 ], [ -80.288293, 35.635337 ], [ -80.289994, 35.636757 ], [ -80.291379, 35.638479 ], [ -80.293196, 35.64238 ], [ -80.29933, 35.649144 ], [ -80.303102, 35.651825 ], [ -80.303655, 35.652379 ], [ -80.304621, 35.65354 ], [ -80.306308, 35.657001 ], [ -80.306716, 35.659754 ], [ -80.306568, 35.663277 ], [ -80.307258, 35.665678 ], [ -80.311516, 35.669397 ], [ -80.31483, 35.671665 ], [ -80.317766, 35.672681 ], [ -80.324034, 35.674058 ], [ -80.326971, 35.675459 ], [ -80.330602, 35.678799 ], [ -80.333317, 35.683563 ], [ -80.334509, 35.689735 ], [ -80.33444, 35.692112 ], [ -80.333669, 35.694545 ], [ -80.331954, 35.69728 ], [ -80.330436, 35.698864 ], [ -80.327686, 35.700946 ], [ -80.324841, 35.703707 ], [ -80.324114, 35.705824 ], [ -80.324276, 35.70812 ], [ -80.325887, 35.711941 ], [ -80.329787, 35.715413 ], [ -80.332379, 35.718873 ], [ -80.333789, 35.720033 ], [ -80.336292, 35.721101 ], [ -80.340098, 35.721343 ], [ -80.342215, 35.721103 ], [ -80.346804, 35.720019 ], [ -80.351644, 35.719242 ], [ -80.357937, 35.717671 ], [ -80.363812, 35.717321 ], [ -80.368733, 35.716106 ], [ -80.372763, 35.716502 ], [ -80.382454, 35.719835 ], [ -80.384952, 35.718971 ], [ -80.389581, 35.719755 ], [ -80.390257, 35.720363 ], [ -80.391414, 35.722319 ], [ -80.393228, 35.724239 ], [ -80.394589, 35.724792 ], [ -80.398253, 35.724899 ], [ -80.403285, 35.722706 ], [ -80.407187, 35.722024 ], [ -80.41021, 35.721995 ], [ -80.414077, 35.722588 ], [ -80.418132, 35.72392 ], [ -80.422899, 35.725869 ], [ -80.429978, 35.72962 ], [ -80.436775, 35.732176 ], [ -80.441995, 35.734645 ], [ -80.443726, 35.735124 ], [ -80.446857, 35.735345 ], [ -80.450558, 35.734378 ], [ -80.453409, 35.734515 ], [ -80.455459, 35.735919 ], [ -80.458923, 35.742758 ], [ -80.459525, 35.745976 ], [ -80.458616, 35.75088 ], [ -80.457418, 35.754046 ], [ -80.455477, 35.756269 ], [ -80.452777, 35.758001 ], [ -80.452082, 35.762057 ], [ -80.450625, 35.766049 ], [ -80.451618, 35.768979 ], [ -80.453489, 35.771648 ], [ -80.455834, 35.773623 ], [ -80.459705, 35.77511 ], [ -80.462942, 35.777221 ], [ -80.466737, 35.780106 ], [ -80.471647, 35.783104 ], [ -80.473345, 35.784638 ], [ -80.474893, 35.787091 ], [ -80.476702, 35.789093 ], [ -80.476955, 35.790999 ], [ -80.475967, 35.79437 ], [ -80.473851, 35.797995 ], [ -80.470641, 35.79988 ], [ -80.467055, 35.800487 ], [ -80.464647, 35.802821 ], [ -80.464449, 35.804983 ], [ -80.466023, 35.811306 ], [ -80.466943, 35.813939 ], [ -80.468722, 35.817877 ], [ -80.470879, 35.821753 ], [ -80.471327, 35.823854 ], [ -80.472337, 35.825543 ], [ -80.476527, 35.829957 ], [ -80.478932, 35.831232 ], [ -80.481118, 35.831382 ], [ -80.48577, 35.830616 ], [ -80.487341, 35.831807 ], [ -80.487419, 35.833601 ] ] ] } },
{ "type": "Feature", "properties": { "STATEFP": "37", "COUNTYFP": "141", "COUNTYNS": "01026129", "GEOIDFQ": "0500000US37141", "GEOID": 37141, "NAME": "Pender", "NAMELSAD": "Pender County", "STUSPS": "NC", "STATE_NAME": "North Carolina", "LSAD": "06", "ALAND": 2256645361, "AWATER": 162833419, "state": "NC", "county": "Pender", "fips": 37141, "adult_pop": "53,105", "observed_distress": 16.5, "loneliness_rate": 31.5, "access_to_exercise": 62.08162384, "social_associations_per_10k": 8.0406983036999993, "air_pollution": 6.1, "uninsured": 14.78841276, "unemployment_rate": 4.21454621, "providers_per_100k": 141.6859, "log_median_hh_income": 11.14987308549367, "rucc_category": "metro" }, "geometry": { "type": "Polygon", "coordinates": [ [ [ -78.272227, 34.538381 ], [ -78.26719, 34.541306 ], [ -78.264756, 34.54246 ], [ -78.26075, 34.545371 ], [ -78.257506, 34.549061 ], [ -78.254441, 34.553595 ], [ -78.233546, 34.580362 ], [ -78.213576, 34.605925 ], [ -78.156481, 34.679095 ], [ -78.11421, 34.706735 ], [ -78.113472, 34.707219 ], [ -78.114303, 34.710691 ], [ -78.113377, 34.716217 ], [ -78.114007, 34.721795 ], [ -78.107309, 34.723846 ], [ -78.104661, 34.724137 ], [ -78.102433, 34.725446 ], [ -78.099912, 34.725831 ], [ -78.097457, 34.725595 ], [ -78.093925, 34.72402 ], [ -78.091088, 34.72438 ], [ -78.087616, 34.726111 ], [ -78.086335, 34.725836 ], [ -78.083398, 34.723395 ], [ -78.081567, 34.722579 ], [ -78.080517, 34.722788 ], [ -78.074513, 34.72528 ], [ -78.070741, 34.725587 ], [ -78.070355, 34.726741 ], [ -78.066197, 34.727867 ], [ -78.0646, 34.727114 ], [ -78.062166, 34.72785 ], [ -78.059345, 34.727009 ], [ -78.057762, 34.727002 ], [ -78.055034, 34.726509 ], [ -78.052156, 34.725161 ], [ -78.048255, 34.725217 ], [ -78.043193, 34.726563 ], [ -78.040511, 34.727611 ], [ -78.039454, 34.726309 ], [ -78.036321, 34.72717 ], [ -78.036017, 34.725806 ], [ -78.034747, 34.726858 ], [ -78.032575, 34.727504 ], [ -78.031118, 34.72681 ], [ -78.030748, 34.72481 ], [ -78.029162, 34.725125 ], [ -78.028716, 34.726805 ], [ -78.026122, 34.725892 ], [ -78.024346, 34.727583 ], [ -78.023519, 34.730445 ], [ -78.021458, 34.730472 ], [ -78.017533, 34.732291 ], [ -78.014571, 34.731347 ], [ -78.012681, 34.73263 ], [ -78.011088, 34.731588 ], [ -78.00953, 34.731526 ], [ -78.01041, 34.730058 ], [ -78.00906, 34.728705 ], [ -78.007548, 34.728665 ], [ -78.00788, 34.726215 ], [ -78.005744, 34.72616 ], [ -78.004779, 34.727016 ], [ -78.002237, 34.725637 ], [ -78.003062, 34.724027 ], [ -78.0012, 34.723296 ], [ -77.996644, 34.720642 ], [ -77.995913, 34.719825 ], [ -77.996006, 34.71888 ], [ -77.996322, 34.718531 ], [ -77.995815, 34.718394 ], [ -77.995109, 34.717888 ], [ -77.994627, 34.717768 ], [ -77.994522, 34.717402 ], [ -77.994256, 34.717138 ], [ -77.993525, 34.717152 ], [ -77.993493, 34.71713 ], [ -77.992061, 34.715999 ], [ -77.989272, 34.716931 ], [ -77.987159, 34.717428 ], [ -77.986685, 34.716245 ], [ -77.984504, 34.714879 ], [ -77.983678, 34.716123 ], [ -77.981419, 34.71566 ], [ -77.981896, 34.714455 ], [ -77.980738, 34.713979 ], [ -77.9785, 34.715545 ], [ -77.97908, 34.716947 ], [ -77.976627, 34.716544 ], [ -77.975844, 34.714365 ], [ -77.974499, 34.714706 ], [ -77.973214, 34.71772 ], [ -77.975291, 34.718678 ], [ -77.972617, 34.719359 ], [ -77.971709, 34.718845 ], [ -77.970246, 34.71945 ], [ -77.970148, 34.717736 ], [ -77.967143, 34.719125 ], [ -77.96577, 34.718826 ], [ -77.962481, 34.719218 ], [ -77.961536, 34.719957 ], [ -77.960569, 34.718397 ], [ -77.95879, 34.716896 ], [ -77.958813, 34.715863 ], [ -77.957371, 34.716553 ], [ -77.956006, 34.716388 ], [ -77.956011, 34.715145 ], [ -77.951731, 34.715059 ], [ -77.9523, 34.716504 ], [ -77.951226, 34.717983 ], [ -77.949781, 34.71765 ], [ -77.946516, 34.719073 ], [ -77.94543, 34.718988 ], [ -77.944189, 34.71887 ], [ -77.939574, 34.720135 ], [ -77.940935, 34.721025 ], [ -77.938901, 34.723184 ], [ -77.938001, 34.723227 ], [ -77.938103, 34.720974 ], [ -77.937214, 34.720243 ], [ -77.93533, 34.720866 ], [ -77.935913, 34.722404 ], [ -77.932659, 34.722085 ], [ -77.930558, 34.722992 ], [ -77.928493, 34.721922 ], [ -77.926197, 34.721611 ], [ -77.92327, 34.720002 ], [ -77.921538, 34.719746 ], [ -77.848154, 34.720056 ], [ -77.680127, 34.720595 ], [ -77.668177, 34.695083 ], [ -77.642092, 34.638562 ], [ -77.618679, 34.587087 ], [ -77.613857, 34.576006 ], [ -77.57656, 34.482766 ], [ -77.577348, 34.4815 ], [ -77.576235, 34.481953 ], [ -77.574924, 34.478681 ], [ -77.576036, 34.477709 ], [ -77.575947, 34.476359 ], [ -77.572274, 34.4769 ], [ -77.571756, 34.472525 ], [ -77.567986, 34.47003 ], [ -77.562803, 34.469514 ], [ -77.561247, 34.47114 ], [ -77.559219, 34.470097 ], [ -77.558337, 34.469375 ], [ -77.555424, 34.471415 ], [ -77.552508, 34.471238 ], [ -77.551926, 34.470908 ], [ -77.551766, 34.470538 ], [ -77.551339, 34.470133 ], [ -77.550961, 34.469835 ], [ -77.550859, 34.469657 ], [ -77.550679, 34.469106 ], [ -77.548659, 34.466953 ], [ -77.545875, 34.466735 ], [ -77.544258, 34.464728 ], [ -77.54352, 34.465247 ], [ -77.543974, 34.463255 ], [ -77.54116, 34.464958 ], [ -77.54056, 34.464348 ], [ -77.541405, 34.463082 ], [ -77.53905, 34.462908 ], [ -77.53946, 34.461681 ], [ -77.537021, 34.459051 ], [ -77.534623, 34.457914 ], [ -77.53217, 34.457253 ], [ -77.528358, 34.452669 ], [ -77.527063, 34.451114 ], [ -77.518381411310301, 34.440874155704897 ], [ -77.531481, 34.433193 ], [ -77.556944, 34.417218 ], [ -77.582702, 34.400677 ], [ -77.5932212236319, 34.392773261628697 ], [ -77.616124, 34.375565 ], [ -77.648781, 34.348437 ], [ -77.650305805971499, 34.347588081731701 ], [ -77.6587478111651, 34.342888091985898 ], [ -77.664089146296106, 34.3399143648004 ], [ -77.66719, 34.338188 ], [ -77.689056, 34.320327 ], [ -77.710646892026901, 34.297685345889398 ], [ -77.710488, 34.297958 ], [ -77.714393, 34.299355 ], [ -77.718496, 34.297451 ], [ -77.722426, 34.294013 ], [ -77.724825, 34.292852 ], [ -77.727837, 34.292995 ], [ -77.732198, 34.294349 ], [ -77.734856, 34.294062 ], [ -77.737467, 34.292574 ], [ -77.739198, 34.292752 ], [ -77.741555, 34.295799 ], [ -77.741368, 34.298026 ], [ -77.74115, 34.298642 ], [ -77.740337, 34.300188 ], [ -77.741407, 34.301548 ], [ -77.744433, 34.300967 ], [ -77.746314, 34.301574 ], [ -77.748275, 34.303589 ], [ -77.751972, 34.30333 ], [ -77.752326, 34.304227 ], [ -77.768514, 34.319068 ], [ -77.804114, 34.351643 ], [ -77.811091, 34.358024 ], [ -77.812663, 34.359005 ], [ -77.812206, 34.360014 ], [ -77.813407, 34.360899 ], [ -77.814284, 34.362846 ], [ -77.812314, 34.364682 ], [ -77.812531, 34.365345 ], [ -77.813983, 34.365584 ], [ -77.815141, 34.367008 ], [ -77.813659, 34.368444 ], [ -77.809858, 34.368788 ], [ -77.809283, 34.371517 ], [ -77.807147, 34.373488 ], [ -77.805109, 34.37412 ], [ -77.804709, 34.376292 ], [ -77.80714, 34.377892 ], [ -77.808132, 34.379739 ], [ -77.809927, 34.380535 ], [ -77.810454, 34.381926 ], [ -77.814572, 34.381591 ], [ -77.816899, 34.382476 ], [ -77.817852, 34.385228 ], [ -77.819206, 34.385769 ], [ -77.820636, 34.384882 ], [ -77.820725, 34.386797 ], [ -77.822995, 34.389359 ], [ -77.82397, 34.388288 ], [ -77.826161, 34.387259 ], [ -77.831968, 34.386198 ], [ -77.836632, 34.383479 ], [ -77.843805, 34.380861 ], [ -77.850426, 34.380382 ], [ -77.856454, 34.380297 ], [ -77.858642, 34.379695 ], [ -77.864017, 34.3765 ], [ -77.870773, 34.373701 ], [ -77.875067, 34.370656 ], [ -77.877671, 34.368012 ], [ -77.8799, 34.366282 ], [ -77.884151, 34.364708 ], [ -77.888433, 34.364062 ], [ -77.893164, 34.363688 ], [ -77.895774, 34.363813 ], [ -77.897864, 34.364676 ], [ -77.899784, 34.367114 ], [ -77.899445, 34.369958 ], [ -77.899353, 34.375168 ], [ -77.900605, 34.377955 ], [ -77.90219, 34.37793 ], [ -77.904292, 34.376339 ], [ -77.90722, 34.375252 ], [ -77.910609, 34.375098 ], [ -77.915018, 34.376001 ], [ -77.917752, 34.375511 ], [ -77.918493, 34.37484 ], [ -77.921357, 34.36892 ], [ -77.926333, 34.363432 ], [ -77.928781, 34.361544 ], [ -77.931067, 34.361152 ], [ -77.931772, 34.362457 ], [ -77.93077, 34.364519 ], [ -77.930691, 34.367401 ], [ -77.931747, 34.368046 ], [ -77.933164, 34.367803 ], [ -77.934462, 34.3666 ], [ -77.935118, 34.365064 ], [ -77.934926, 34.363704 ], [ -77.933534, 34.361256 ], [ -77.93323, 34.359272 ], [ -77.935448, 34.358044 ], [ -77.93883, 34.359848 ], [ -77.940894, 34.36268 ], [ -77.94123, 34.364616 ], [ -77.939582, 34.367176 ], [ -77.93923, 34.368552 ], [ -77.940446, 34.370024 ], [ -77.94443, 34.370664 ], [ -77.94627, 34.371464 ], [ -77.948398, 34.371672 ], [ -77.949726, 34.371128 ], [ -77.950094, 34.369832 ], [ -77.949566, 34.367288 ], [ -77.950254, 34.36484 ], [ -77.951774, 34.364712 ], [ -77.953759, 34.366648 ], [ -77.957807, 34.368632 ], [ -77.960943, 34.371704 ], [ -77.961663, 34.373432 ], [ -77.961326, 34.374669 ], [ -77.95902, 34.378121 ], [ -77.958768, 34.379873 ], [ -77.959226, 34.381537 ], [ -77.960796, 34.382773 ], [ -77.962777, 34.382602 ], [ -77.966299, 34.379716 ], [ -77.967542, 34.379064 ], [ -77.969679, 34.378033 ], [ -77.971138, 34.376968 ], [ -77.973328, 34.373752 ], [ -77.975553, 34.372344 ], [ -77.978433, 34.372248 ], [ -77.982658, 34.373129 ], [ -77.985139, 34.372904 ], [ -77.986995, 34.372056 ], [ -77.988051, 34.370281 ], [ -77.988451, 34.366185 ], [ -77.9881, 34.363881 ], [ -77.987333, 34.362937 ], [ -77.982405, 34.361833 ], [ -77.979766, 34.360601 ], [ -77.978358, 34.358921 ], [ -77.978004, 34.357423 ], [ -77.978762, 34.355966 ], [ -77.984253, 34.3543 ], [ -77.985997, 34.353471 ], [ -77.988189, 34.351124 ], [ -77.989505, 34.348548 ], [ -77.992272, 34.345579 ], [ -77.99413, 34.342635 ], [ -77.99436, 34.339995 ], [ -77.993323, 34.337194 ], [ -77.993202, 34.336828 ], [ -78.029922, 34.331768 ], [ -78.03074, 34.331755 ], [ -78.032138, 34.331408 ], [ -78.033597, 34.330265 ], [ -78.034743, 34.330326 ], [ -78.037691, 34.332445 ], [ -78.038853, 34.332302 ], [ -78.042305, 34.330312 ], [ -78.046651, 34.330388 ], [ -78.047258, 34.330743 ], [ -78.047136, 34.335439 ], [ -78.048762, 34.336143 ], [ -78.05241, 34.335228 ], [ -78.053969, 34.335585 ], [ -78.053904, 34.336701 ], [ -78.052329, 34.338745 ], [ -78.052587, 34.339861 ], [ -78.054711, 34.340887 ], [ -78.05822, 34.344044 ], [ -78.059813, 34.344836 ], [ -78.059999, 34.340968 ], [ -78.058881, 34.339256 ], [ -78.059291, 34.337926 ], [ -78.062116, 34.337554 ], [ -78.065243, 34.338893 ], [ -78.072016, 34.338022 ], [ -78.075647, 34.337921 ], [ -78.078334, 34.338859 ], [ -78.078547, 34.340233 ], [ -78.075005, 34.344312 ], [ -78.074693, 34.347979 ], [ -78.077456, 34.350548 ], [ -78.079282, 34.351391 ], [ -78.079681, 34.35233 ], [ -78.078836, 34.35395 ], [ -78.081054, 34.353951 ], [ -78.084794, 34.351362 ], [ -78.092806, 34.352382 ], [ -78.093651, 34.353283 ], [ -78.09345, 34.354964 ], [ -78.094768, 34.355986 ], [ -78.100846, 34.355674 ], [ -78.102753, 34.355027 ], [ -78.103752, 34.355439 ], [ -78.105741, 34.357469 ], [ -78.109609, 34.359261 ], [ -78.113041, 34.36021 ], [ -78.113914, 34.36159 ], [ -78.112768, 34.36312 ], [ -78.113993, 34.364641 ], [ -78.116686, 34.364376 ], [ -78.117823, 34.364964 ], [ -78.120727, 34.368002 ], [ -78.122083, 34.368376 ], [ -78.125681, 34.367351 ], [ -78.131982, 34.366663 ], [ -78.133067, 34.367108 ], [ -78.135731, 34.371509 ], [ -78.137302, 34.371711 ], [ -78.140154, 34.369858 ], [ -78.140662, 34.368111 ], [ -78.139476, 34.365458 ], [ -78.143074, 34.364483 ], [ -78.144673, 34.364985 ], [ -78.146817, 34.366694 ], [ -78.149628, 34.366925 ], [ -78.154531, 34.364968 ], [ -78.156496, 34.362359 ], [ -78.157526, 34.358872 ], [ -78.159321, 34.357114 ], [ -78.16235, 34.357007 ], [ -78.168044, 34.357281 ], [ -78.169807, 34.356801 ], [ -78.171887, 34.354993 ], [ -78.173766, 34.35188 ], [ -78.175358, 34.351398 ], [ -78.176037, 34.353163 ], [ -78.177513, 34.354724 ], [ -78.179273, 34.355278 ], [ -78.181495, 34.354813 ], [ -78.183998, 34.353747 ], [ -78.192888, 34.352675 ], [ -78.196227, 34.352513 ], [ -78.199519, 34.352707 ], [ -78.202532, 34.353306 ], [ -78.205103, 34.355108 ], [ -78.207963, 34.356272 ], [ -78.210194, 34.35796 ], [ -78.211371, 34.360625 ], [ -78.21175, 34.362604 ], [ -78.210107, 34.367068 ], [ -78.210175, 34.368411 ], [ -78.211554, 34.369355 ], [ -78.213813, 34.369739 ], [ -78.220118, 34.371418 ], [ -78.22478, 34.373503 ], [ -78.227596, 34.375815 ], [ -78.228091, 34.378467 ], [ -78.229167, 34.378972 ], [ -78.230275, 34.37829 ], [ -78.231617, 34.374911 ], [ -78.232677, 34.373971 ], [ -78.234495, 34.373817 ], [ -78.235682, 34.374713 ], [ -78.236189, 34.376161 ], [ -78.236182, 34.379606 ], [ -78.237925, 34.381585 ], [ -78.240553, 34.382689 ], [ -78.243338, 34.384517 ], [ -78.244889, 34.384585 ], [ -78.245716, 34.386059 ], [ -78.244989, 34.388379 ], [ -78.245667, 34.391962 ], [ -78.246873, 34.39358 ], [ -78.248254, 34.393622 ], [ -78.250672, 34.391429 ], [ -78.251847, 34.391021 ], [ -78.253165, 34.391901 ], [ -78.254439, 34.396599 ], [ -78.256085, 34.399469 ], [ -78.204835, 34.441915 ], [ -78.201174, 34.444951 ], [ -78.176501, 34.465356 ], [ -78.177359, 34.466074 ], [ -78.179587, 34.465682 ], [ -78.18059, 34.468049 ], [ -78.182161, 34.469841 ], [ -78.184941, 34.467844 ], [ -78.187553, 34.469102 ], [ -78.189562, 34.469198 ], [ -78.189315, 34.471704 ], [ -78.190162, 34.472839 ], [ -78.195001, 34.474701 ], [ -78.200272, 34.474984 ], [ -78.202874, 34.475605 ], [ -78.204166, 34.476614 ], [ -78.206391, 34.480012 ], [ -78.206457, 34.481543 ], [ -78.205498, 34.482767 ], [ -78.20718, 34.483719 ], [ -78.208647, 34.486846 ], [ -78.207024, 34.487446 ], [ -78.208927, 34.487759 ], [ -78.210629, 34.487238 ], [ -78.211289, 34.486306 ], [ -78.212749, 34.486624 ], [ -78.21171, 34.48722 ], [ -78.212107, 34.488394 ], [ -78.216127, 34.48718 ], [ -78.217993, 34.488037 ], [ -78.21828, 34.489284 ], [ -78.220575, 34.490789 ], [ -78.222059, 34.493076 ], [ -78.223904, 34.493051 ], [ -78.223674, 34.490567 ], [ -78.224937, 34.490994 ], [ -78.227062, 34.4907 ], [ -78.232497, 34.492577 ], [ -78.235621, 34.492529 ], [ -78.23741, 34.494373 ], [ -78.236988, 34.495895 ], [ -78.239205, 34.496698 ], [ -78.238554, 34.497723 ], [ -78.23959, 34.498116 ], [ -78.24188, 34.500209 ], [ -78.243343, 34.50078 ], [ -78.245401, 34.49985 ], [ -78.246816, 34.501813 ], [ -78.247883, 34.501719 ], [ -78.250708, 34.503556 ], [ -78.25068, 34.504552 ], [ -78.252376, 34.504657 ], [ -78.25209, 34.506215 ], [ -78.255306, 34.508112 ], [ -78.254946, 34.511077 ], [ -78.252837, 34.511409 ], [ -78.251942, 34.509933 ], [ -78.25124, 34.510794 ], [ -78.252541, 34.513404 ], [ -78.255743, 34.513532 ], [ -78.256568, 34.516663 ], [ -78.256179, 34.518232 ], [ -78.254075, 34.519779 ], [ -78.25579, 34.520339 ], [ -78.257409, 34.519493 ], [ -78.258971, 34.519837 ], [ -78.263855, 34.519616 ], [ -78.264659, 34.520663 ], [ -78.264234, 34.522846 ], [ -78.263132, 34.523959 ], [ -78.263787, 34.52559 ], [ -78.265486, 34.526081 ], [ -78.265187, 34.527568 ], [ -78.263089, 34.528132 ], [ -78.263186, 34.52908 ], [ -78.26616, 34.529674 ], [ -78.268725, 34.530925 ], [ -78.270451, 34.532394 ], [ -78.269975, 34.53566 ], [ -78.272582, 34.537813 ], [ -78.272227, 34.538381 ] ] ] } },
{ "type": "Feature", "properties": { "STATEFP": "37", "COUNTYFP": "123", "COUNTYNS": "01008572", "GEOIDFQ": "0500000US37123", "GEOID": 37123, "NAME": "Montgomery", "NAMELSAD": "Montgomery County", "STUSPS": "NC", "STATE_NAME": "North Carolina", "LSAD": "06", "ALAND": 1273075626, "AWATER": 25886753, "state": "NC", "county": "Montgomery", "fips": 37123, "adult_pop": "20,705", "observed_distress": 17.1, "loneliness_rate": 33.2, "access_to_exercise": 83.072502039999989, "social_associations_per_10k": 8.8112196195999992, "air_pollution": 7.9, "uninsured": 19.66541482, "unemployment_rate": 4.67586708, "providers_per_100k": 155.05078, "log_median_hh_income": 10.876101905463226, "rucc_category": "rural" }, "geometry": { "type": "Polygon", "coordinates": [ [ [ -80.182559, 35.504151 ], [ -80.089999, 35.505445 ], [ -80.066842, 35.505661 ], [ -80.003351, 35.506936 ], [ -79.970799, 35.507621 ], [ -79.939811, 35.508705 ], [ -79.901363, 35.509866 ], [ -79.861343, 35.510416 ], [ -79.832229, 35.510781 ], [ -79.812786, 35.510994 ], [ -79.804573, 35.511078 ], [ -79.767957, 35.511484 ], [ -79.766843, 35.49379 ], [ -79.764192, 35.475735 ], [ -79.760552, 35.468064 ], [ -79.75173, 35.443994 ], [ -79.741405, 35.409045 ], [ -79.740488, 35.405958 ], [ -79.735279, 35.388403 ], [ -79.726873, 35.35969 ], [ -79.720732, 35.338685 ], [ -79.71387, 35.315012 ], [ -79.713754, 35.314611 ], [ -79.711472, 35.306735 ], [ -79.710908, 35.304789 ], [ -79.710308, 35.302716 ], [ -79.709913, 35.301275 ], [ -79.711293, 35.299453 ], [ -79.710927, 35.297588 ], [ -79.711463, 35.296161 ], [ -79.710469, 35.292616 ], [ -79.712075, 35.289708 ], [ -79.711674, 35.288352 ], [ -79.71247, 35.28665 ], [ -79.712156, 35.284811 ], [ -79.712627, 35.283581 ], [ -79.712205, 35.281338 ], [ -79.711978, 35.275882 ], [ -79.708606, 35.272311 ], [ -79.707229, 35.271431 ], [ -79.705284, 35.26823 ], [ -79.704978, 35.263308 ], [ -79.70505, 35.26233 ], [ -79.702279, 35.257173 ], [ -79.70268, 35.255907 ], [ -79.701146, 35.254232 ], [ -79.699541, 35.253536 ], [ -79.698007, 35.251521 ], [ -79.690124, 35.249869 ], [ -79.688009, 35.250025 ], [ -79.686909, 35.248429 ], [ -79.68542, 35.247688 ], [ -79.681606, 35.248129 ], [ -79.679542, 35.246691 ], [ -79.672509, 35.244994 ], [ -79.670709, 35.240375 ], [ -79.669439, 35.239703 ], [ -79.669329, 35.235023 ], [ -79.667944, 35.234539 ], [ -79.669079, 35.232668 ], [ -79.668125, 35.228893 ], [ -79.666258, 35.228551 ], [ -79.664314, 35.226629 ], [ -79.6644, 35.224475 ], [ -79.665173, 35.222734 ], [ -79.6646, 35.220772 ], [ -79.663819, 35.217597 ], [ -79.664791, 35.216522 ], [ -79.662722, 35.213686 ], [ -79.663198, 35.212506 ], [ -79.662139, 35.211362 ], [ -79.662769, 35.209785 ], [ -79.661563, 35.208143 ], [ -79.662129, 35.204844 ], [ -79.660706, 35.201874 ], [ -79.660511, 35.199369 ], [ -79.659032, 35.195884 ], [ -79.658765, 35.193968 ], [ -79.657134, 35.191349 ], [ -79.654464, 35.18946 ], [ -79.64938, 35.188707 ], [ -79.648576, 35.187699 ], [ -79.644968, 35.184085 ], [ -79.643919, 35.183745 ], [ -79.639389, 35.179864 ], [ -79.638858, 35.178151 ], [ -79.637093, 35.17611 ], [ -79.633808, 35.174787 ], [ -79.630935, 35.175395 ], [ -79.627678, 35.174454 ], [ -79.626941, 35.172486 ], [ -79.627351, 35.170021 ], [ -79.624918, 35.170436 ], [ -79.623999, 35.169974 ], [ -79.621849, 35.170759 ], [ -79.621803, 35.17178 ], [ -79.62025, 35.171201 ], [ -79.619931, 35.170121 ], [ -79.618401, 35.169941 ], [ -79.61779, 35.168084 ], [ -79.616108, 35.168525 ], [ -79.615344, 35.167583 ], [ -79.614685, 35.164714 ], [ -79.614288, 35.163764 ], [ -79.614304, 35.163679 ], [ -79.617601, 35.163646 ], [ -79.622453, 35.162592 ], [ -79.623813, 35.162542 ], [ -79.6302, 35.16111 ], [ -79.632572, 35.160262 ], [ -79.634302, 35.159141 ], [ -79.642129, 35.157717 ], [ -79.651216, 35.162475 ], [ -79.656713, 35.164263 ], [ -79.657841, 35.164843 ], [ -79.661965, 35.169683 ], [ -79.66462, 35.171484 ], [ -79.669483, 35.17221 ], [ -79.671693, 35.173106 ], [ -79.673494, 35.175374 ], [ -79.674353, 35.175049 ], [ -79.677421, 35.175936 ], [ -79.680134, 35.177384 ], [ -79.682993, 35.176584 ], [ -79.686065, 35.177854 ], [ -79.689138, 35.177475 ], [ -79.689854, 35.178526 ], [ -79.693563, 35.17824 ], [ -79.694365, 35.179642 ], [ -79.697979, 35.178424 ], [ -79.703129, 35.175622 ], [ -79.709639, 35.173813 ], [ -79.713273, 35.173098 ], [ -79.717526, 35.173596 ], [ -79.721772, 35.174542 ], [ -79.725364, 35.174753 ], [ -79.727797, 35.17582 ], [ -79.733667, 35.178207 ], [ -79.736903, 35.178128 ], [ -79.74201, 35.17509 ], [ -79.745829, 35.173626 ], [ -79.748161, 35.173111 ], [ -79.749463, 35.172999 ], [ -79.758279, 35.173963 ], [ -79.768378, 35.177174 ], [ -79.779904, 35.176564 ], [ -79.78404, 35.175709 ], [ -79.792011, 35.175952 ], [ -79.795087, 35.176707 ], [ -79.799812, 35.17748 ], [ -79.802832, 35.178384 ], [ -79.804078, 35.179169 ], [ -79.807785, 35.178991 ], [ -79.812141, 35.179944 ], [ -79.818749, 35.177888 ], [ -79.822024, 35.17916 ], [ -79.824731, 35.17907 ], [ -79.830245, 35.177046 ], [ -79.835386, 35.177179 ], [ -79.837641, 35.177754 ], [ -79.842907, 35.181211 ], [ -79.846187, 35.181893 ], [ -79.851268, 35.183855 ], [ -79.872212, 35.173155 ], [ -79.89861, 35.161714 ], [ -79.909679, 35.162517 ], [ -79.944271, 35.164169 ], [ -79.948345, 35.159012 ], [ -79.949573, 35.157502 ], [ -79.952462, 35.156479 ], [ -79.96101, 35.156571 ], [ -79.963993, 35.157017 ], [ -79.966533, 35.158176 ], [ -79.971167, 35.156757 ], [ -79.97512, 35.156621 ], [ -79.97748, 35.156998 ], [ -79.983399, 35.15851 ], [ -79.985084, 35.157982 ], [ -79.988717, 35.153989 ], [ -79.993202, 35.152304 ], [ -79.997098, 35.150436 ], [ -80.002172, 35.149034 ], [ -80.004507, 35.147819 ], [ -80.00586, 35.146458 ], [ -80.007059, 35.146186 ], [ -80.008581, 35.144807 ], [ -80.010131, 35.144336 ], [ -80.018576, 35.140618 ], [ -80.020219, 35.138968 ], [ -80.022753, 35.137191 ], [ -80.024972, 35.137189 ], [ -80.02683, 35.137954 ], [ -80.028094, 35.137774 ], [ -80.032653, 35.140147 ], [ -80.037084, 35.140641 ], [ -80.041106, 35.139693 ], [ -80.075365, 35.143081 ], [ -80.071648, 35.149245 ], [ -80.069648, 35.153863 ], [ -80.068757, 35.155144 ], [ -80.066534, 35.156997 ], [ -80.061239, 35.159774 ], [ -80.059261, 35.161312 ], [ -80.056861, 35.164035 ], [ -80.055409, 35.16659 ], [ -80.053064, 35.172625 ], [ -80.053302, 35.178607 ], [ -80.054063, 35.180768 ], [ -80.055461, 35.182648 ], [ -80.059235, 35.18673 ], [ -80.060955, 35.189666 ], [ -80.061305, 35.191794 ], [ -80.060802, 35.196259 ], [ -80.061917, 35.200676 ], [ -80.062188, 35.201331 ], [ -80.065355, 35.206032 ], [ -80.066562, 35.211652 ], [ -80.069799, 35.218315 ], [ -80.075246, 35.226248 ], [ -80.078036, 35.228711 ], [ -80.086074, 35.232592 ], [ -80.090801, 35.235989 ], [ -80.092006, 35.237723 ], [ -80.092289, 35.238206 ], [ -80.093843, 35.24385 ], [ -80.097649, 35.253574 ], [ -80.098185, 35.255173 ], [ -80.098411, 35.258086 ], [ -80.097871, 35.261414 ], [ -80.096364, 35.26463 ], [ -80.093992, 35.268388 ], [ -80.092241, 35.271987 ], [ -80.091768, 35.275389 ], [ -80.093651, 35.282857 ], [ -80.093966, 35.287087 ], [ -80.092888, 35.290219 ], [ -80.090469, 35.294267 ], [ -80.087045, 35.299314 ], [ -80.08382, 35.303009 ], [ -80.080483, 35.307623 ], [ -80.080208, 35.308638 ], [ -80.079537, 35.311103 ], [ -80.079916, 35.314543 ], [ -80.081958, 35.318613 ], [ -80.081938, 35.321457 ], [ -80.079372, 35.325849 ], [ -80.075182, 35.331278 ], [ -80.071086, 35.335573 ], [ -80.0676, 35.33862 ], [ -80.066335, 35.340647 ], [ -80.065873, 35.343557 ], [ -80.066387, 35.353625 ], [ -80.066371, 35.357145 ], [ -80.065388, 35.360474 ], [ -80.063439, 35.361974 ], [ -80.060616, 35.362654 ], [ -80.056742, 35.364172 ], [ -80.054138, 35.365959 ], [ -80.052666, 35.367563 ], [ -80.051225, 35.371537 ], [ -80.051739, 35.372585 ], [ -80.055903, 35.375614 ], [ -80.057925, 35.377688 ], [ -80.05978, 35.381137 ], [ -80.062271, 35.386134 ], [ -80.066137, 35.389514 ], [ -80.070923, 35.392738 ], [ -80.075033, 35.395072 ], [ -80.078323, 35.395521 ], [ -80.083904, 35.395094 ], [ -80.087272, 35.398876 ], [ -80.091993, 35.400711 ], [ -80.093711, 35.40203 ], [ -80.094102, 35.403763 ], [ -80.093718, 35.405474 ], [ -80.090513, 35.412984 ], [ -80.090119, 35.415552 ], [ -80.091481, 35.418229 ], [ -80.093272, 35.419928 ], [ -80.095939, 35.425417 ], [ -80.100491, 35.429903 ], [ -80.097714, 35.43391 ], [ -80.09696, 35.436287 ], [ -80.097468, 35.438094 ], [ -80.100225, 35.440801 ], [ -80.107025, 35.442958 ], [ -80.108656, 35.44509 ], [ -80.109381, 35.448572 ], [ -80.108872, 35.45351 ], [ -80.108165, 35.457203 ], [ -80.108495, 35.459451 ], [ -80.109914, 35.460982 ], [ -80.113694, 35.463333 ], [ -80.118251, 35.465261 ], [ -80.122604, 35.466217 ], [ -80.126882, 35.466386 ], [ -80.12934, 35.467148 ], [ -80.136537, 35.473354 ], [ -80.139921, 35.475055 ], [ -80.142839, 35.474533 ], [ -80.146297, 35.473036 ], [ -80.150218, 35.472714 ], [ -80.155806, 35.474317 ], [ -80.160103, 35.47464 ], [ -80.161736, 35.475208 ], [ -80.164801, 35.479467 ], [ -80.165865, 35.480223 ], [ -80.17483, 35.484567 ], [ -80.176243, 35.485428 ], [ -80.178747, 35.490936 ], [ -80.179203, 35.497136 ], [ -80.180311, 35.500139 ], [ -80.182559, 35.504151 ] ] ] } },
{ "type": "Feature", "properties": { "STATEFP": "37", "COUNTYFP": "017", "COUNTYNS": "01026336", "GEOIDFQ": "0500000US37017", "GEOID": 37017, "NAME": "Bladen", "NAMELSAD": "Bladen County", "STUSPS": "NC", "STATE_NAME": "North Carolina", "LSAD": "06", "ALAND": 2266321539, "AWATER": 33022256, "state": "NC", "county": "Bladen", "fips": 37017, "adult_pop": "23,400", "observed_distress": 17.4, "loneliness_rate": 33.7, "access_to_exercise": 46.53448625, "social_associations_per_10k": 13.369390173, "air_pollution": 7.0, "uninsured": 18.8494695, "unemployment_rate": 5.8074949, "providers_per_100k": 98.22185, "log_median_hh_income": 10.654856470296195, "rucc_category": "rural" }, "geometry": { "type": "Polygon", "coordinates": [ [ [ -78.901998, 34.835268 ], [ -78.894441, 34.836824 ], [ -78.854955, 34.84502 ], [ -78.827397, 34.850693 ], [ -78.826331, 34.850693 ], [ -78.801719, 34.850688 ], [ -78.799597, 34.850857 ], [ -78.753507, 34.850803 ], [ -78.67092, 34.850906 ], [ -78.639257, 34.850977 ], [ -78.635403, 34.850993 ], [ -78.557418, 34.851105 ], [ -78.533633, 34.851129 ], [ -78.533596, 34.850448 ], [ -78.516123, 34.845919 ], [ -78.512017, 34.848923 ], [ -78.506288, 34.852573 ], [ -78.494705, 34.856182 ], [ -78.496202, 34.854858 ], [ -78.495369, 34.854416 ], [ -78.493658, 34.849747 ], [ -78.492266, 34.848743 ], [ -78.4934, 34.847082 ], [ -78.492167, 34.846342 ], [ -78.49358, 34.843138 ], [ -78.491062, 34.843307 ], [ -78.489568, 34.842568 ], [ -78.490741, 34.842022 ], [ -78.488278, 34.83945 ], [ -78.488916, 34.837703 ], [ -78.487663, 34.836345 ], [ -78.485224, 34.835043 ], [ -78.484189, 34.836408 ], [ -78.482213, 34.836796 ], [ -78.479846, 34.835124 ], [ -78.478253, 34.835053 ], [ -78.475004, 34.832297 ], [ -78.474259, 34.833056 ], [ -78.472648, 34.831976 ], [ -78.472286, 34.830945 ], [ -78.469462, 34.830355 ], [ -78.468914, 34.82935 ], [ -78.465826, 34.827643 ], [ -78.464933, 34.826034 ], [ -78.467331, 34.823274 ], [ -78.465575, 34.820931 ], [ -78.464713, 34.820633 ], [ -78.463431, 34.822296 ], [ -78.462064, 34.822408 ], [ -78.461854, 34.821072 ], [ -78.460705, 34.822191 ], [ -78.459788, 34.821899 ], [ -78.458822, 34.819773 ], [ -78.458243, 34.816726 ], [ -78.460127, 34.814139 ], [ -78.459182, 34.812742 ], [ -78.456918, 34.812346 ], [ -78.453121, 34.81264 ], [ -78.451634, 34.81395 ], [ -78.449756, 34.813507 ], [ -78.447754, 34.810835 ], [ -78.449402, 34.809205 ], [ -78.44944, 34.807835 ], [ -78.448467, 34.806776 ], [ -78.446563, 34.806471 ], [ -78.444732, 34.802567 ], [ -78.443904, 34.802667 ], [ -78.441546, 34.801306 ], [ -78.441753, 34.799525 ], [ -78.444957, 34.798511 ], [ -78.444764, 34.797652 ], [ -78.441489, 34.794609 ], [ -78.440339, 34.795126 ], [ -78.437434, 34.792136 ], [ -78.439244, 34.790599 ], [ -78.437895, 34.787781 ], [ -78.438719, 34.785811 ], [ -78.43694, 34.784169 ], [ -78.433089, 34.783389 ], [ -78.430891, 34.782114 ], [ -78.429698, 34.78205 ], [ -78.428431, 34.780305 ], [ -78.429435, 34.779805 ], [ -78.430287, 34.776527 ], [ -78.429043, 34.775215 ], [ -78.427159, 34.775538 ], [ -78.425782, 34.773451 ], [ -78.423817, 34.773114 ], [ -78.423171, 34.770809 ], [ -78.42446, 34.769872 ], [ -78.421386, 34.768319 ], [ -78.420054, 34.76585 ], [ -78.418762, 34.766382 ], [ -78.418324, 34.765426 ], [ -78.414654, 34.766542 ], [ -78.413292, 34.766287 ], [ -78.411353, 34.764953 ], [ -78.409806, 34.765226 ], [ -78.409034, 34.761424 ], [ -78.406362, 34.760427 ], [ -78.405828, 34.759309 ], [ -78.407483, 34.757514 ], [ -78.405405, 34.756295 ], [ -78.404173, 34.757174 ], [ -78.402812, 34.756292 ], [ -78.40375, 34.754751 ], [ -78.402488, 34.753636 ], [ -78.400267, 34.753024 ], [ -78.400825, 34.751938 ], [ -78.399373, 34.75143 ], [ -78.398784, 34.750104 ], [ -78.398049, 34.751089 ], [ -78.395331, 34.751082 ], [ -78.390748, 34.749463 ], [ -78.391827, 34.748019 ], [ -78.390011, 34.746367 ], [ -78.390026, 34.744848 ], [ -78.39291, 34.744221 ], [ -78.392788, 34.74213 ], [ -78.391978, 34.741265 ], [ -78.390108, 34.739338 ], [ -78.387687, 34.738505 ], [ -78.387711, 34.737516 ], [ -78.39051, 34.736355 ], [ -78.390089, 34.735238 ], [ -78.39173, 34.732758 ], [ -78.39292, 34.732577 ], [ -78.392159, 34.731612 ], [ -78.391911, 34.729577 ], [ -78.389647, 34.729525 ], [ -78.387004, 34.728189 ], [ -78.385727, 34.726543 ], [ -78.383548, 34.726442 ], [ -78.383328, 34.724013 ], [ -78.382256, 34.72342 ], [ -78.38134, 34.72436 ], [ -78.37935, 34.723355 ], [ -78.380311, 34.722465 ], [ -78.379541, 34.720464 ], [ -78.380791, 34.719963 ], [ -78.382323, 34.717279 ], [ -78.381093, 34.717347 ], [ -78.379989, 34.716376 ], [ -78.380361, 34.715323 ], [ -78.377391, 34.713988 ], [ -78.376369, 34.712287 ], [ -78.377266, 34.70975 ], [ -78.373502, 34.708161 ], [ -78.369936, 34.705064 ], [ -78.368624, 34.704309 ], [ -78.369139, 34.703039 ], [ -78.371707, 34.702425 ], [ -78.369605, 34.70023 ], [ -78.371149, 34.700238 ], [ -78.373581, 34.701486 ], [ -78.374426, 34.700976 ], [ -78.373405, 34.699208 ], [ -78.369118, 34.69674 ], [ -78.367548, 34.694946 ], [ -78.366729, 34.693126 ], [ -78.362515, 34.695528 ], [ -78.360743, 34.693695 ], [ -78.362425, 34.69361 ], [ -78.362782, 34.69243 ], [ -78.362062, 34.691431 ], [ -78.360736, 34.691491 ], [ -78.359132, 34.692905 ], [ -78.35792, 34.692872 ], [ -78.354934, 34.690238 ], [ -78.353428, 34.691565 ], [ -78.352143, 34.691472 ], [ -78.351651, 34.692337 ], [ -78.349262, 34.691904 ], [ -78.350375, 34.689158 ], [ -78.348887, 34.688268 ], [ -78.348761, 34.689851 ], [ -78.347533, 34.690697 ], [ -78.346721, 34.690187 ], [ -78.346837, 34.688898 ], [ -78.345926, 34.688519 ], [ -78.346346, 34.68557 ], [ -78.345769, 34.683904 ], [ -78.344399, 34.683409 ], [ -78.347643, 34.682084 ], [ -78.346898, 34.680177 ], [ -78.34454, 34.679897 ], [ -78.344541, 34.678835 ], [ -78.342483, 34.679975 ], [ -78.34098, 34.678932 ], [ -78.339928, 34.676479 ], [ -78.338398, 34.675816 ], [ -78.338689, 34.674882 ], [ -78.336927, 34.674819 ], [ -78.334291, 34.674023 ], [ -78.334042, 34.672773 ], [ -78.330751, 34.672511 ], [ -78.33088, 34.671557 ], [ -78.327509, 34.67075 ], [ -78.32799, 34.669243 ], [ -78.324991, 34.668822 ], [ -78.32546, 34.667823 ], [ -78.323747, 34.666778 ], [ -78.323538, 34.665662 ], [ -78.324628, 34.664766 ], [ -78.326316, 34.665851 ], [ -78.327115, 34.664032 ], [ -78.325546, 34.663262 ], [ -78.326375, 34.65578 ], [ -78.324844, 34.655761 ], [ -78.323291, 34.654925 ], [ -78.322647, 34.653705 ], [ -78.324051, 34.65191 ], [ -78.322877, 34.651276 ], [ -78.324562, 34.649709 ], [ -78.322949, 34.648889 ], [ -78.319713, 34.648927 ], [ -78.31897, 34.647423 ], [ -78.317138, 34.645316 ], [ -78.314454, 34.64495 ], [ -78.312737, 34.643605 ], [ -78.313414, 34.641354 ], [ -78.311562, 34.641564 ], [ -78.311589, 34.639811 ], [ -78.312715, 34.63853 ], [ -78.315713, 34.637119 ], [ -78.314683, 34.63659 ], [ -78.316937, 34.635741 ], [ -78.316534, 34.634815 ], [ -78.314199, 34.633943 ], [ -78.31399, 34.633133 ], [ -78.316044, 34.632351 ], [ -78.317986, 34.632285 ], [ -78.318462, 34.631465 ], [ -78.321261, 34.631214 ], [ -78.322763, 34.629697 ], [ -78.322111, 34.628547 ], [ -78.31918, 34.627137 ], [ -78.317026, 34.628474 ], [ -78.315646, 34.627206 ], [ -78.317029, 34.626737 ], [ -78.316381, 34.626028 ], [ -78.313116, 34.625883 ], [ -78.312903, 34.623331 ], [ -78.314257, 34.621614 ], [ -78.313188, 34.621067 ], [ -78.314405, 34.618855 ], [ -78.312838, 34.616648 ], [ -78.311193, 34.61573 ], [ -78.312829, 34.61435 ], [ -78.312246, 34.612699 ], [ -78.309965, 34.612148 ], [ -78.30824, 34.613442 ], [ -78.306664, 34.613267 ], [ -78.306032, 34.611142 ], [ -78.304854, 34.611077 ], [ -78.304563, 34.609508 ], [ -78.30622, 34.608212 ], [ -78.303926, 34.606758 ], [ -78.304837, 34.605606 ], [ -78.304039, 34.603604 ], [ -78.305504, 34.603348 ], [ -78.304989, 34.602438 ], [ -78.302718, 34.602471 ], [ -78.30324, 34.600531 ], [ -78.30071, 34.60126 ], [ -78.300447, 34.600515 ], [ -78.297915, 34.599732 ], [ -78.295638, 34.601434 ], [ -78.293493, 34.601682 ], [ -78.292346, 34.600457 ], [ -78.291208, 34.600488 ], [ -78.292651, 34.597126 ], [ -78.291289, 34.596707 ], [ -78.290647, 34.597755 ], [ -78.289027, 34.598075 ], [ -78.288904, 34.595848 ], [ -78.287956, 34.594299 ], [ -78.284401, 34.591739 ], [ -78.282706, 34.591641 ], [ -78.282475, 34.59077 ], [ -78.279841, 34.591103 ], [ -78.280524, 34.589387 ], [ -78.278197, 34.588169 ], [ -78.277968, 34.586709 ], [ -78.276653, 34.586497 ], [ -78.27707, 34.585489 ], [ -78.276122, 34.584224 ], [ -78.274858, 34.584195 ], [ -78.275019, 34.581445 ], [ -78.273723, 34.581685 ], [ -78.273379, 34.582873 ], [ -78.27198, 34.580987 ], [ -78.26929, 34.582493 ], [ -78.267607, 34.583981 ], [ -78.266252, 34.583956 ], [ -78.265942, 34.581703 ], [ -78.264227, 34.57879 ], [ -78.262771, 34.578947 ], [ -78.264152, 34.577158 ], [ -78.263784, 34.576319 ], [ -78.261439, 34.575683 ], [ -78.260673, 34.574503 ], [ -78.260857, 34.57271 ], [ -78.261966, 34.57211 ], [ -78.261869, 34.571043 ], [ -78.260314, 34.57096 ], [ -78.260001, 34.569943 ], [ -78.25884, 34.570043 ], [ -78.257868, 34.568351 ], [ -78.255516, 34.568017 ], [ -78.255056, 34.568917 ], [ -78.254054, 34.566379 ], [ -78.254514, 34.564336 ], [ -78.253652, 34.563121 ], [ -78.251728, 34.562021 ], [ -78.260124, 34.556583 ], [ -78.26009, 34.555678 ], [ -78.256868, 34.555842 ], [ -78.254441, 34.553595 ], [ -78.257506, 34.549061 ], [ -78.26075, 34.545371 ], [ -78.264756, 34.54246 ], [ -78.26719, 34.541306 ], [ -78.272227, 34.538381 ], [ -78.272582, 34.537813 ], [ -78.269975, 34.53566 ], [ -78.270451, 34.532394 ], [ -78.268725, 34.530925 ], [ -78.26616, 34.529674 ], [ -78.263186, 34.52908 ], [ -78.263089, 34.528132 ], [ -78.265187, 34.527568 ], [ -78.265486, 34.526081 ], [ -78.263787, 34.52559 ], [ -78.263132, 34.523959 ], [ -78.264234, 34.522846 ], [ -78.264659, 34.520663 ], [ -78.263855, 34.519616 ], [ -78.258971, 34.519837 ], [ -78.257409, 34.519493 ], [ -78.25579, 34.520339 ], [ -78.254075, 34.519779 ], [ -78.256179, 34.518232 ], [ -78.256568, 34.516663 ], [ -78.255743, 34.513532 ], [ -78.252541, 34.513404 ], [ -78.25124, 34.510794 ], [ -78.251942, 34.509933 ], [ -78.252837, 34.511409 ], [ -78.254946, 34.511077 ], [ -78.255306, 34.508112 ], [ -78.25209, 34.506215 ], [ -78.252376, 34.504657 ], [ -78.25068, 34.504552 ], [ -78.250708, 34.503556 ], [ -78.247883, 34.501719 ], [ -78.246816, 34.501813 ], [ -78.245401, 34.49985 ], [ -78.243343, 34.50078 ], [ -78.24188, 34.500209 ], [ -78.23959, 34.498116 ], [ -78.238554, 34.497723 ], [ -78.239205, 34.496698 ], [ -78.236988, 34.495895 ], [ -78.23741, 34.494373 ], [ -78.235621, 34.492529 ], [ -78.232497, 34.492577 ], [ -78.227062, 34.4907 ], [ -78.224937, 34.490994 ], [ -78.223674, 34.490567 ], [ -78.223904, 34.493051 ], [ -78.222059, 34.493076 ], [ -78.220575, 34.490789 ], [ -78.21828, 34.489284 ], [ -78.217993, 34.488037 ], [ -78.216127, 34.48718 ], [ -78.212107, 34.488394 ], [ -78.21171, 34.48722 ], [ -78.212749, 34.486624 ], [ -78.211289, 34.486306 ], [ -78.210629, 34.487238 ], [ -78.208927, 34.487759 ], [ -78.207024, 34.487446 ], [ -78.208647, 34.486846 ], [ -78.20718, 34.483719 ], [ -78.205498, 34.482767 ], [ -78.206457, 34.481543 ], [ -78.206391, 34.480012 ], [ -78.204166, 34.476614 ], [ -78.202874, 34.475605 ], [ -78.200272, 34.474984 ], [ -78.195001, 34.474701 ], [ -78.190162, 34.472839 ], [ -78.189315, 34.471704 ], [ -78.189562, 34.469198 ], [ -78.187553, 34.469102 ], [ -78.184941, 34.467844 ], [ -78.182161, 34.469841 ], [ -78.18059, 34.468049 ], [ -78.179587, 34.465682 ], [ -78.177359, 34.466074 ], [ -78.176501, 34.465356 ], [ -78.201174, 34.444951 ], [ -78.204835, 34.441915 ], [ -78.256085, 34.399469 ], [ -78.268683, 34.394356 ], [ -78.29204, 34.384812 ], [ -78.299713, 34.38166 ], [ -78.302749, 34.380416 ], [ -78.30829, 34.378162 ], [ -78.308399, 34.378119 ], [ -78.308512, 34.378076 ], [ -78.33215, 34.368496 ], [ -78.335084, 34.367622 ], [ -78.342014, 34.368792 ], [ -78.344587, 34.369226 ], [ -78.365702, 34.372803 ], [ -78.372679, 34.371941 ], [ -78.396915, 34.370747 ], [ -78.401065, 34.37171 ], [ -78.420101, 34.378108 ], [ -78.420732, 34.37809 ], [ -78.44532, 34.3774 ], [ -78.490351, 34.395653 ], [ -78.500677, 34.399812 ], [ -78.528172, 34.410891 ], [ -78.551179, 34.420161 ], [ -78.552713, 34.420778 ], [ -78.575027, 34.427255 ], [ -78.580356, 34.428993 ], [ -78.587286, 34.430373 ], [ -78.59283, 34.431003 ], [ -78.594012, 34.431443 ], [ -78.59578, 34.433195 ], [ -78.60036, 34.438667 ], [ -78.60214, 34.440029 ], [ -78.60377, 34.441134 ], [ -78.614597, 34.445549 ], [ -78.621655, 34.449897 ], [ -78.635351, 34.454475 ], [ -78.639405, 34.456694 ], [ -78.643666, 34.458713 ], [ -78.646824, 34.460707 ], [ -78.648373, 34.460869 ], [ -78.64918, 34.46066 ], [ -78.655793, 34.455459 ], [ -78.658563, 34.453588 ], [ -78.659408, 34.453694 ], [ -78.656368, 34.459171 ], [ -78.656447, 34.460338 ], [ -78.657704, 34.460923 ], [ -78.662362, 34.461742 ], [ -78.663852, 34.462418 ], [ -78.666385, 34.464652 ], [ -78.667588, 34.469645 ], [ -78.669582, 34.469817 ], [ -78.670431, 34.469889 ], [ -78.691266, 34.468511 ], [ -78.739056, 34.466076 ], [ -78.760467, 34.46497 ], [ -78.802111, 34.462874 ], [ -78.81933, 34.462046 ], [ -78.825218, 34.461762 ], [ -78.830353, 34.462578 ], [ -78.834104, 34.464916 ], [ -78.837636, 34.467561 ], [ -78.844713, 34.468882 ], [ -78.849253, 34.471932 ], [ -78.849553, 34.473491 ], [ -78.850421, 34.473775 ], [ -78.858063, 34.474411 ], [ -78.858709, 34.475876 ], [ -78.859688, 34.481842 ], [ -78.860456, 34.483302 ], [ -78.863365, 34.484747 ], [ -78.868961, 34.484778 ], [ -78.869358, 34.487143 ], [ -78.866981, 34.490208 ], [ -78.866584, 34.492927 ], [ -78.863414, 34.498034 ], [ -78.861848, 34.498008 ], [ -78.857204, 34.501369 ], [ -78.850744, 34.502145 ], [ -78.84937, 34.502611 ], [ -78.849608, 34.500141 ], [ -78.848327, 34.499706 ], [ -78.846369, 34.50017 ], [ -78.846413, 34.504131 ], [ -78.84496, 34.505938 ], [ -78.844438, 34.508096 ], [ -78.846254, 34.510509 ], [ -78.849202, 34.511913 ], [ -78.850596, 34.511739 ], [ -78.851326, 34.512596 ], [ -78.849633, 34.512453 ], [ -78.851267, 34.514073 ], [ -78.85444, 34.514034 ], [ -78.856982, 34.515056 ], [ -78.857175, 34.516512 ], [ -78.855071, 34.517269 ], [ -78.853903, 34.518772 ], [ -78.855437, 34.520818 ], [ -78.856646, 34.524141 ], [ -78.856477, 34.524906 ], [ -78.854606, 34.52548 ], [ -78.854748, 34.526476 ], [ -78.852988, 34.527762 ], [ -78.854674, 34.530135 ], [ -78.855518, 34.530562 ], [ -78.855917, 34.534132 ], [ -78.858162, 34.535319 ], [ -78.860055, 34.537367 ], [ -78.861273, 34.544583 ], [ -78.860097, 34.545008 ], [ -78.860496, 34.54693 ], [ -78.859198, 34.547582 ], [ -78.858138, 34.54576 ], [ -78.857554, 34.54704 ], [ -78.858664, 34.549161 ], [ -78.860483, 34.550083 ], [ -78.860796, 34.552214 ], [ -78.859539, 34.555502 ], [ -78.858099, 34.557117 ], [ -78.859317, 34.558663 ], [ -78.860859, 34.558583 ], [ -78.862772, 34.560387 ], [ -78.862708, 34.56199 ], [ -78.86167, 34.563579 ], [ -78.85955, 34.562486 ], [ -78.857041, 34.563108 ], [ -78.856948, 34.56886 ], [ -78.856092, 34.570112 ], [ -78.85598, 34.572125 ], [ -78.854862, 34.573848 ], [ -78.852931, 34.575718 ], [ -78.851143, 34.575213 ], [ -78.848108, 34.575652 ], [ -78.843524, 34.578591 ], [ -78.842906, 34.580475 ], [ -78.843856, 34.581761 ], [ -78.842534, 34.583782 ], [ -78.842594, 34.585928 ], [ -78.843305, 34.58783 ], [ -78.842143, 34.589256 ], [ -78.838979, 34.589702 ], [ -78.83791, 34.5909 ], [ -78.838465, 34.591696 ], [ -78.836056, 34.593504 ], [ -78.836832, 34.594201 ], [ -78.835159, 34.596047 ], [ -78.835006, 34.597167 ], [ -78.836448, 34.597772 ], [ -78.837511, 34.596964 ], [ -78.839724, 34.596712 ], [ -78.841153, 34.597366 ], [ -78.83884, 34.598914 ], [ -78.837179, 34.598436 ], [ -78.835418, 34.60065 ], [ -78.833996, 34.601594 ], [ -78.833684, 34.603682 ], [ -78.832806, 34.60511 ], [ -78.83149, 34.608828 ], [ -78.831786, 34.611921 ], [ -78.83365, 34.61308 ], [ -78.834773, 34.615184 ], [ -78.833098, 34.618062 ], [ -78.833238, 34.619451 ], [ -78.834567, 34.620243 ], [ -78.834434, 34.621583 ], [ -78.832178, 34.625579 ], [ -78.829847, 34.62582 ], [ -78.830588, 34.627902 ], [ -78.828463, 34.62989 ], [ -78.829757, 34.631076 ], [ -78.829844, 34.632224 ], [ -78.828828, 34.634308 ], [ -78.827258, 34.634725 ], [ -78.827876, 34.636439 ], [ -78.827428, 34.637228 ], [ -78.825622, 34.636939 ], [ -78.826365, 34.638818 ], [ -78.823523, 34.642657 ], [ -78.821742, 34.642866 ], [ -78.818585, 34.642018 ], [ -78.819095, 34.643645 ], [ -78.821169, 34.643541 ], [ -78.822111, 34.644797 ], [ -78.821453, 34.645881 ], [ -78.819805, 34.645573 ], [ -78.819105, 34.646963 ], [ -78.818697, 34.64977 ], [ -78.817685, 34.650995 ], [ -78.816104, 34.650725 ], [ -78.813683, 34.651565 ], [ -78.813648, 34.653027 ], [ -78.815681, 34.654813 ], [ -78.818145, 34.654669 ], [ -78.819237, 34.656886 ], [ -78.819752, 34.659919 ], [ -78.819256, 34.662479 ], [ -78.818111, 34.66432 ], [ -78.814693, 34.666007 ], [ -78.813586, 34.66789 ], [ -78.809431, 34.668276 ], [ -78.80923, 34.67061 ], [ -78.810194, 34.671843 ], [ -78.810139, 34.673409 ], [ -78.809228, 34.674096 ], [ -78.806821, 34.674542 ], [ -78.806397, 34.67514 ], [ -78.80613, 34.676075 ], [ -78.807156, 34.679107 ], [ -78.806923, 34.683241 ], [ -78.805431, 34.686603 ], [ -78.805834, 34.68956 ], [ -78.807715, 34.691595 ], [ -78.811938, 34.694408 ], [ -78.813573, 34.697155 ], [ -78.817072, 34.703964 ], [ -78.818727, 34.705728 ], [ -78.820527, 34.706509 ], [ -78.821869, 34.709725 ], [ -78.823278, 34.709774 ], [ -78.824149, 34.71125 ], [ -78.825073, 34.710849 ], [ -78.827577, 34.71328 ], [ -78.830404, 34.71393 ], [ -78.832983, 34.716105 ], [ -78.831897, 34.718363 ], [ -78.832375, 34.719742 ], [ -78.836103, 34.717447 ], [ -78.837919, 34.717958 ], [ -78.840439, 34.72108 ], [ -78.844516, 34.724514 ], [ -78.840819, 34.727292 ], [ -78.843111, 34.726767 ], [ -78.844887, 34.727074 ], [ -78.846017, 34.729487 ], [ -78.847407, 34.730272 ], [ -78.84879, 34.732618 ], [ -78.852769, 34.734058 ], [ -78.854381, 34.735743 ], [ -78.854417, 34.736835 ], [ -78.854969, 34.74025 ], [ -78.85574, 34.742569 ], [ -78.856217, 34.748079 ], [ -78.857352, 34.750538 ], [ -78.858556, 34.751592 ], [ -78.858275, 34.753346 ], [ -78.860526, 34.754628 ], [ -78.862466, 34.75756 ], [ -78.862085, 34.760005 ], [ -78.863023, 34.761904 ], [ -78.864554, 34.766449 ], [ -78.865296, 34.767775 ], [ -78.863606, 34.770028 ], [ -78.864762, 34.772197 ], [ -78.866102, 34.773099 ], [ -78.86884, 34.773156 ], [ -78.869397, 34.773775 ], [ -78.868538, 34.77462 ], [ -78.869407, 34.776048 ], [ -78.870632, 34.776524 ], [ -78.869996, 34.778692 ], [ -78.872904, 34.782251 ], [ -78.873465, 34.78444 ], [ -78.874905, 34.785123 ], [ -78.875748, 34.787084 ], [ -78.877125, 34.788014 ], [ -78.877881, 34.790426 ], [ -78.877817, 34.792364 ], [ -78.880582, 34.795521 ], [ -78.880275, 34.796672 ], [ -78.881478, 34.797461 ], [ -78.882573, 34.799583 ], [ -78.884614, 34.801903 ], [ -78.884784, 34.803197 ], [ -78.883894, 34.804528 ], [ -78.885324, 34.806674 ], [ -78.886597, 34.809811 ], [ -78.884882, 34.810372 ], [ -78.883364, 34.811879 ], [ -78.883567, 34.812441 ], [ -78.884099, 34.812672 ], [ -78.885891, 34.811087 ], [ -78.88765, 34.811154 ], [ -78.887915, 34.812 ], [ -78.890799, 34.812276 ], [ -78.891331, 34.813617 ], [ -78.892443, 34.813799 ], [ -78.895894, 34.820673 ], [ -78.897078, 34.822333 ], [ -78.899794, 34.824784 ], [ -78.899945, 34.827306 ], [ -78.900743, 34.82952 ], [ -78.900155, 34.830877 ], [ -78.900407, 34.832778 ], [ -78.901506, 34.833267 ], [ -78.901731, 34.834306 ], [ -78.901998, 34.835268 ] ] ] } },
{ "type": "Feature", "properties": { "STATEFP": "37", "COUNTYFP": "047", "COUNTYNS": "01026339", "GEOIDFQ": "0500000US37047", "GEOID": 37047, "NAME": "Columbus", "NAMELSAD": "Columbus County", "STUSPS": "NC", "STATE_NAME": "North Carolina", "LSAD": "06", "ALAND": 2429722348, "AWATER": 43711694, "state": "NC", "county": "Columbus", "fips": 37047, "adult_pop": "39,774", "observed_distress": 18.3, "loneliness_rate": 34.4, "access_to_exercise": 39.26476108, "social_associations_per_10k": 8.2185776381999993, "air_pollution": 6.9, "uninsured": 19.7214904, "unemployment_rate": 6.27678571, "providers_per_100k": 165.69512, "log_median_hh_income": 10.626339155802404, "rucc_category": "mid" }, "geometry": { "type": "Polygon", "coordinates": [ [ [ -79.071243852382196, 34.299302913056998 ], [ -79.068937, 34.301059 ], [ -79.070323, 34.303009 ], [ -79.070129, 34.303625 ], [ -79.067584, 34.303205 ], [ -79.067614, 34.304136 ], [ -79.069535, 34.304863 ], [ -79.068259, 34.305641 ], [ -79.068051, 34.30714 ], [ -79.066847, 34.306905 ], [ -79.066078, 34.308306 ], [ -79.064782, 34.308582 ], [ -79.063309, 34.307546 ], [ -79.061769, 34.308292 ], [ -79.061691, 34.307223 ], [ -79.06053, 34.30686 ], [ -79.058387, 34.308876 ], [ -79.054979, 34.308898 ], [ -79.05481, 34.30972 ], [ -79.057374, 34.309783 ], [ -79.05756, 34.310852 ], [ -79.056143, 34.312849 ], [ -79.052881, 34.314635 ], [ -79.051256, 34.314764 ], [ -79.049973, 34.313908 ], [ -79.049217, 34.311746 ], [ -79.045405, 34.310711 ], [ -79.038226, 34.313442 ], [ -79.037149, 34.316105 ], [ -79.038331, 34.317262 ], [ -79.040329, 34.31744 ], [ -79.038507, 34.318396 ], [ -79.039307, 34.319593 ], [ -79.036314, 34.321318 ], [ -79.036118, 34.319165 ], [ -79.0344, 34.322571 ], [ -79.03383, 34.324784 ], [ -79.03694, 34.326183 ], [ -79.034856, 34.327345 ], [ -79.036415, 34.328596 ], [ -79.034759, 34.329886 ], [ -79.037226, 34.332262 ], [ -79.037295, 34.332991 ], [ -79.036769, 34.334205 ], [ -79.035004, 34.333874 ], [ -79.035297, 34.337047 ], [ -79.034059, 34.336772 ], [ -79.034323, 34.338545 ], [ -79.032782, 34.338966 ], [ -79.030443, 34.340488 ], [ -79.031984, 34.341273 ], [ -79.032248, 34.342738 ], [ -79.028893, 34.342496 ], [ -79.028738, 34.345491 ], [ -79.030533, 34.34647 ], [ -79.030045, 34.347142 ], [ -79.028504, 34.346827 ], [ -79.026818, 34.348859 ], [ -79.025474, 34.347827 ], [ -79.025882, 34.350074 ], [ -79.025054, 34.35183 ], [ -79.027004, 34.35187 ], [ -79.027112, 34.353068 ], [ -79.025405, 34.353174 ], [ -79.023679, 34.352171 ], [ -79.022421, 34.353223 ], [ -79.021855, 34.351685 ], [ -79.020519, 34.352317 ], [ -79.018519, 34.352155 ], [ -79.018703, 34.350759 ], [ -79.016812, 34.350051 ], [ -79.0169, 34.351735 ], [ -79.015174, 34.351638 ], [ -79.013692, 34.352269 ], [ -79.010893, 34.352156 ], [ -79.010873, 34.352885 ], [ -79.008971, 34.35299 ], [ -79.010249, 34.355354 ], [ -79.009625, 34.356293 ], [ -79.007928, 34.356803 ], [ -79.007548, 34.358276 ], [ -79.005627, 34.359296 ], [ -79.005871, 34.36013 ], [ -79.007734, 34.360599 ], [ -79.008094, 34.361352 ], [ -79.006211, 34.361267 ], [ -79.0051, 34.36183 ], [ -79.003822, 34.361231 ], [ -79.004144, 34.362648 ], [ -79.001637, 34.363498 ], [ -79.000779, 34.364866 ], [ -79.002164, 34.365473 ], [ -79.002828, 34.36455 ], [ -79.003384, 34.368322 ], [ -79.002875, 34.368768 ], [ -79.00492, 34.369704 ], [ -79.004619, 34.371194 ], [ -79.005628, 34.372895 ], [ -79.007408, 34.372501 ], [ -79.006669, 34.373943 ], [ -79.007441, 34.375756 ], [ -79.007592, 34.37702 ], [ -79.009431, 34.378093 ], [ -79.010004, 34.380334 ], [ -79.011619, 34.38029 ], [ -79.008475, 34.38235 ], [ -79.006912, 34.381461 ], [ -79.006126, 34.383712 ], [ -79.002574, 34.384108 ], [ -79.000914, 34.386519 ], [ -79.000194, 34.388753 ], [ -78.998444, 34.391098 ], [ -78.997627, 34.390596 ], [ -78.994896, 34.390352 ], [ -78.994992, 34.392574 ], [ -78.991279, 34.392679 ], [ -78.98787, 34.393836 ], [ -78.987822, 34.393038 ], [ -78.984987, 34.393112 ], [ -78.983122, 34.393695 ], [ -78.983089, 34.392574 ], [ -78.978333, 34.392259 ], [ -78.979651, 34.391185 ], [ -78.977597, 34.390341 ], [ -78.973689, 34.3927 ], [ -78.975296, 34.39337 ], [ -78.975876, 34.395768 ], [ -78.973956, 34.394749 ], [ -78.972471, 34.395758 ], [ -78.969903, 34.395156 ], [ -78.970416, 34.396462 ], [ -78.968172, 34.397304 ], [ -78.969455, 34.39849 ], [ -78.969086, 34.399749 ], [ -78.96989, 34.401213 ], [ -78.967176, 34.402138 ], [ -78.968069, 34.40288 ], [ -78.967867, 34.405602 ], [ -78.969196, 34.405612 ], [ -78.968336, 34.407047 ], [ -78.968793, 34.408335 ], [ -78.967284, 34.41078 ], [ -78.968323, 34.411419 ], [ -78.970311, 34.409558 ], [ -78.970556, 34.41128 ], [ -78.967998, 34.412789 ], [ -78.969696, 34.412984 ], [ -78.970208, 34.415587 ], [ -78.96803, 34.416355 ], [ -78.968533, 34.417161 ], [ -78.971447, 34.417329 ], [ -78.971447, 34.418866 ], [ -78.969392, 34.419116 ], [ -78.969145, 34.420736 ], [ -78.96766, 34.42169 ], [ -78.967626, 34.42256 ], [ -78.969435, 34.422681 ], [ -78.970004, 34.42408 ], [ -78.968351, 34.425311 ], [ -78.970026, 34.425997 ], [ -78.971075, 34.427739 ], [ -78.969779, 34.429498 ], [ -78.967813, 34.429988 ], [ -78.966784, 34.431233 ], [ -78.966258, 34.435221 ], [ -78.962158, 34.43759 ], [ -78.960783, 34.439285 ], [ -78.959887, 34.442832 ], [ -78.956022, 34.443238 ], [ -78.955374, 34.444516 ], [ -78.953956, 34.443413 ], [ -78.9542, 34.445701 ], [ -78.951808, 34.448756 ], [ -78.948422, 34.449885 ], [ -78.948064, 34.449866 ], [ -78.947772, 34.449402 ], [ -78.947179, 34.449241 ], [ -78.94573, 34.449069 ], [ -78.945593, 34.450309 ], [ -78.9425, 34.451781 ], [ -78.941231, 34.45355 ], [ -78.938961, 34.451613 ], [ -78.936756, 34.451731 ], [ -78.935151, 34.453412 ], [ -78.935248, 34.454226 ], [ -78.937398, 34.455118 ], [ -78.935355, 34.455162 ], [ -78.932936, 34.453898 ], [ -78.929368, 34.455025 ], [ -78.928724, 34.453628 ], [ -78.927183, 34.45382 ], [ -78.925212, 34.452824 ], [ -78.921393, 34.453787 ], [ -78.919477, 34.451928 ], [ -78.918348, 34.451898 ], [ -78.917074, 34.453279 ], [ -78.918237, 34.455686 ], [ -78.919491, 34.456192 ], [ -78.920922, 34.45863 ], [ -78.919093, 34.459297 ], [ -78.916997, 34.4583 ], [ -78.914056, 34.45916 ], [ -78.908539, 34.455872 ], [ -78.907446, 34.455664 ], [ -78.905813, 34.45691 ], [ -78.903966, 34.457444 ], [ -78.903822, 34.458305 ], [ -78.906671, 34.459318 ], [ -78.907476, 34.460507 ], [ -78.906405, 34.462157 ], [ -78.902506, 34.461108 ], [ -78.901502, 34.460007 ], [ -78.900347, 34.460176 ], [ -78.897648, 34.461649 ], [ -78.895838, 34.462116 ], [ -78.894789, 34.464028 ], [ -78.893517, 34.46477 ], [ -78.893344, 34.465918 ], [ -78.894784, 34.468087 ], [ -78.894194, 34.468483 ], [ -78.891859, 34.467423 ], [ -78.888734, 34.468857 ], [ -78.887998, 34.470456 ], [ -78.885742, 34.471087 ], [ -78.884256, 34.4725 ], [ -78.881795, 34.473049 ], [ -78.881589, 34.475263 ], [ -78.876761, 34.47784 ], [ -78.873694, 34.479515 ], [ -78.871026, 34.481577 ], [ -78.869665, 34.482401 ], [ -78.868961, 34.484778 ], [ -78.863365, 34.484747 ], [ -78.860456, 34.483302 ], [ -78.859688, 34.481842 ], [ -78.858709, 34.475876 ], [ -78.858063, 34.474411 ], [ -78.850421, 34.473775 ], [ -78.849553, 34.473491 ], [ -78.849253, 34.471932 ], [ -78.844713, 34.468882 ], [ -78.837636, 34.467561 ], [ -78.834104, 34.464916 ], [ -78.830353, 34.462578 ], [ -78.825218, 34.461762 ], [ -78.81933, 34.462046 ], [ -78.802111, 34.462874 ], [ -78.760467, 34.46497 ], [ -78.739056, 34.466076 ], [ -78.691266, 34.468511 ], [ -78.670431, 34.469889 ], [ -78.669582, 34.469817 ], [ -78.667588, 34.469645 ], [ -78.666385, 34.464652 ], [ -78.663852, 34.462418 ], [ -78.662362, 34.461742 ], [ -78.657704, 34.460923 ], [ -78.656447, 34.460338 ], [ -78.656368, 34.459171 ], [ -78.659408, 34.453694 ], [ -78.658563, 34.453588 ], [ -78.655793, 34.455459 ], [ -78.64918, 34.46066 ], [ -78.648373, 34.460869 ], [ -78.646824, 34.460707 ], [ -78.643666, 34.458713 ], [ -78.639405, 34.456694 ], [ -78.635351, 34.454475 ], [ -78.621655, 34.449897 ], [ -78.614597, 34.445549 ], [ -78.60377, 34.441134 ], [ -78.60214, 34.440029 ], [ -78.60036, 34.438667 ], [ -78.59578, 34.433195 ], [ -78.594012, 34.431443 ], [ -78.59283, 34.431003 ], [ -78.587286, 34.430373 ], [ -78.580356, 34.428993 ], [ -78.575027, 34.427255 ], [ -78.552713, 34.420778 ], [ -78.551179, 34.420161 ], [ -78.528172, 34.410891 ], [ -78.500677, 34.399812 ], [ -78.490351, 34.395653 ], [ -78.44532, 34.3774 ], [ -78.420732, 34.37809 ], [ -78.420101, 34.378108 ], [ -78.401065, 34.37171 ], [ -78.396915, 34.370747 ], [ -78.372679, 34.371941 ], [ -78.365702, 34.372803 ], [ -78.344587, 34.369226 ], [ -78.342014, 34.368792 ], [ -78.335084, 34.367622 ], [ -78.33215, 34.368496 ], [ -78.308512, 34.378076 ], [ -78.308399, 34.378119 ], [ -78.30829, 34.378162 ], [ -78.302749, 34.380416 ], [ -78.299713, 34.38166 ], [ -78.29204, 34.384812 ], [ -78.268683, 34.394356 ], [ -78.256085, 34.399469 ], [ -78.254439, 34.396599 ], [ -78.253165, 34.391901 ], [ -78.251847, 34.391021 ], [ -78.250672, 34.391429 ], [ -78.248254, 34.393622 ], [ -78.246873, 34.39358 ], [ -78.245667, 34.391962 ], [ -78.244989, 34.388379 ], [ -78.245716, 34.386059 ], [ -78.244889, 34.384585 ], [ -78.243338, 34.384517 ], [ -78.240553, 34.382689 ], [ -78.237925, 34.381585 ], [ -78.236182, 34.379606 ], [ -78.236189, 34.376161 ], [ -78.235682, 34.374713 ], [ -78.234495, 34.373817 ], [ -78.232677, 34.373971 ], [ -78.231617, 34.374911 ], [ -78.230275, 34.37829 ], [ -78.229167, 34.378972 ], [ -78.228091, 34.378467 ], [ -78.227596, 34.375815 ], [ -78.22478, 34.373503 ], [ -78.220118, 34.371418 ], [ -78.213813, 34.369739 ], [ -78.211554, 34.369355 ], [ -78.210175, 34.368411 ], [ -78.210107, 34.367068 ], [ -78.21175, 34.362604 ], [ -78.211371, 34.360625 ], [ -78.210194, 34.35796 ], [ -78.207963, 34.356272 ], [ -78.205103, 34.355108 ], [ -78.202532, 34.353306 ], [ -78.199519, 34.352707 ], [ -78.196227, 34.352513 ], [ -78.192888, 34.352675 ], [ -78.183998, 34.353747 ], [ -78.181495, 34.354813 ], [ -78.179273, 34.355278 ], [ -78.177513, 34.354724 ], [ -78.176037, 34.353163 ], [ -78.175358, 34.351398 ], [ -78.173766, 34.35188 ], [ -78.171887, 34.354993 ], [ -78.169807, 34.356801 ], [ -78.168044, 34.357281 ], [ -78.16235, 34.357007 ], [ -78.17214, 34.342059 ], [ -78.181024, 34.328494 ], [ -78.185776, 34.321242 ], [ -78.195323, 34.306655 ], [ -78.240666, 34.237349 ], [ -78.250176, 34.222797 ], [ -78.254131, 34.216837 ], [ -78.254622, 34.216305 ], [ -78.331248, 34.209023 ], [ -78.374295, 34.204893 ], [ -78.374998, 34.203672 ], [ -78.374019, 34.201337 ], [ -78.372074, 34.199059 ], [ -78.37184, 34.197092 ], [ -78.370771, 34.195568 ], [ -78.367708, 34.192564 ], [ -78.367859, 34.190459 ], [ -78.366793, 34.188774 ], [ -78.369134, 34.188178 ], [ -78.370071, 34.188727 ], [ -78.372605, 34.188588 ], [ -78.375211, 34.186591 ], [ -78.375444, 34.185607 ], [ -78.381567, 34.181472 ], [ -78.382727, 34.181075 ], [ -78.384932, 34.178991 ], [ -78.387109, 34.177655 ], [ -78.388109, 34.175212 ], [ -78.391551, 34.173939 ], [ -78.39397, 34.171584 ], [ -78.395349, 34.168079 ], [ -78.398849, 34.165063 ], [ -78.401048, 34.162407 ], [ -78.402479, 34.161521 ], [ -78.405727, 34.158378 ], [ -78.406934, 34.155146 ], [ -78.408709, 34.153764 ], [ -78.410821, 34.151456 ], [ -78.413533, 34.150491 ], [ -78.415328, 34.147743 ], [ -78.419292, 34.14474 ], [ -78.419658, 34.14269 ], [ -78.420953, 34.140438 ], [ -78.422734, 34.139631 ], [ -78.427502, 34.139817 ], [ -78.430302, 34.140929 ], [ -78.432273, 34.140896 ], [ -78.435011, 34.142111 ], [ -78.436763, 34.142437 ], [ -78.439658, 34.14476 ], [ -78.441981, 34.146257 ], [ -78.44375, 34.145715 ], [ -78.446336, 34.146474 ], [ -78.450081, 34.148312 ], [ -78.453283, 34.148035 ], [ -78.454104, 34.148725 ], [ -78.458959, 34.149769 ], [ -78.461973, 34.151354 ], [ -78.463047, 34.15299 ], [ -78.463844, 34.152668 ], [ -78.467196, 34.154761 ], [ -78.469304, 34.154341 ], [ -78.471448, 34.154968 ], [ -78.474557, 34.154707 ], [ -78.480714, 34.15725 ], [ -78.481678, 34.158311 ], [ -78.483983, 34.15784 ], [ -78.48598, 34.158819 ], [ -78.487579, 34.160723 ], [ -78.488257, 34.162847 ], [ -78.490469, 34.16411 ], [ -78.493619, 34.164037 ], [ -78.495951, 34.167628 ], [ -78.498521, 34.167793 ], [ -78.502903, 34.169122 ], [ -78.505012, 34.168798 ], [ -78.507474, 34.169239 ], [ -78.511809, 34.167882 ], [ -78.511789, 34.166667 ], [ -78.513079, 34.165698 ], [ -78.515216, 34.165948 ], [ -78.516139, 34.162486 ], [ -78.518227, 34.161883 ], [ -78.518412, 34.159634 ], [ -78.519606, 34.158423 ], [ -78.522099, 34.157535 ], [ -78.524481, 34.155302 ], [ -78.525033, 34.153998 ], [ -78.528217, 34.153648 ], [ -78.531315, 34.154155 ], [ -78.533545, 34.153005 ], [ -78.534638, 34.148496 ], [ -78.536001, 34.148245 ], [ -78.537057, 34.146208 ], [ -78.541256, 34.14821 ], [ -78.542827, 34.146197 ], [ -78.545218, 34.145747 ], [ -78.544235, 34.142862 ], [ -78.545023, 34.139581 ], [ -78.546376, 34.138342 ], [ -78.545828, 34.137098 ], [ -78.543573, 34.135843 ], [ -78.545895, 34.135355 ], [ -78.544585, 34.13451 ], [ -78.543741, 34.132529 ], [ -78.542473, 34.131789 ], [ -78.541926, 34.128767 ], [ -78.540204, 34.128505 ], [ -78.539263, 34.127462 ], [ -78.538803, 34.125171 ], [ -78.539724, 34.122963 ], [ -78.541091, 34.124157 ], [ -78.543266, 34.124652 ], [ -78.542181, 34.125249 ], [ -78.543, 34.126195 ], [ -78.546369, 34.125834 ], [ -78.54936, 34.124986 ], [ -78.55085, 34.12184 ], [ -78.549334, 34.120182 ], [ -78.55111, 34.119962 ], [ -78.549187, 34.119296 ], [ -78.549973, 34.118418 ], [ -78.551605, 34.11856 ], [ -78.554147, 34.117578 ], [ -78.553655, 34.116304 ], [ -78.5551, 34.116753 ], [ -78.552546, 34.113572 ], [ -78.551031, 34.113529 ], [ -78.552007, 34.114649 ], [ -78.550703, 34.114611 ], [ -78.549003, 34.111466 ], [ -78.551609, 34.109607 ], [ -78.553328, 34.10678 ], [ -78.551769, 34.104702 ], [ -78.554027, 34.104059 ], [ -78.553105, 34.103504 ], [ -78.550458, 34.103634 ], [ -78.549527, 34.104379 ], [ -78.547797, 34.102959 ], [ -78.546591, 34.103228 ], [ -78.54644, 34.101831 ], [ -78.547674, 34.100988 ], [ -78.546841, 34.100129 ], [ -78.54407, 34.099882 ], [ -78.545393, 34.098607 ], [ -78.54752, 34.098817 ], [ -78.54805, 34.095293 ], [ -78.55189, 34.094977 ], [ -78.553213, 34.09724 ], [ -78.555005, 34.095338 ], [ -78.558542, 34.093752 ], [ -78.557377, 34.091653 ], [ -78.560189, 34.092052 ], [ -78.558766, 34.089611 ], [ -78.559563, 34.08779 ], [ -78.558124, 34.086271 ], [ -78.55696, 34.08411 ], [ -78.558332, 34.082369 ], [ -78.560112, 34.082717 ], [ -78.561347, 34.082163 ], [ -78.562728, 34.079017 ], [ -78.562894, 34.077692 ], [ -78.561914, 34.07637 ], [ -78.56038, 34.075597 ], [ -78.557902, 34.075295 ], [ -78.557021, 34.076141 ], [ -78.558792, 34.077271 ], [ -78.558114, 34.077716 ], [ -78.556222, 34.076793 ], [ -78.554697, 34.076685 ], [ -78.553742, 34.072186 ], [ -78.554126, 34.069992 ], [ -78.555304, 34.069777 ], [ -78.554446, 34.068817 ], [ -78.555043, 34.067071 ], [ -78.556776, 34.06608 ], [ -78.558899, 34.066649 ], [ -78.558836, 34.064401 ], [ -78.559525, 34.064133 ], [ -78.558435, 34.062111 ], [ -78.556953, 34.06273 ], [ -78.557052, 34.061849 ], [ -78.558093, 34.060007 ], [ -78.560037, 34.060681 ], [ -78.559401, 34.059368 ], [ -78.561034, 34.059163 ], [ -78.561854, 34.054886 ], [ -78.565703, 34.053614 ], [ -78.568636, 34.053794 ], [ -78.568989, 34.055751 ], [ -78.570248, 34.055667 ], [ -78.570084, 34.05433 ], [ -78.570866, 34.05335 ], [ -78.57271, 34.054503 ], [ -78.573021, 34.055931 ], [ -78.574556, 34.054458 ], [ -78.575967, 34.054498 ], [ -78.577165, 34.052725 ], [ -78.579558, 34.051616 ], [ -78.58236, 34.048538 ], [ -78.583279, 34.046402 ], [ -78.582673, 34.043378 ], [ -78.581872, 34.042669 ], [ -78.578831, 34.042622 ], [ -78.579545, 34.043935 ], [ -78.578127, 34.043771 ], [ -78.577803, 34.041981 ], [ -78.579139, 34.039875 ], [ -78.578926, 34.038446 ], [ -78.580341, 34.037441 ], [ -78.579341, 34.036891 ], [ -78.581266, 34.036454 ], [ -78.58289, 34.037459 ], [ -78.585595, 34.035913 ], [ -78.58536, 34.034801 ], [ -78.582882, 34.033726 ], [ -78.583478, 34.032018 ], [ -78.58447, 34.031266 ], [ -78.589086, 34.032059 ], [ -78.587728, 34.030871 ], [ -78.589312, 34.029638 ], [ -78.59051, 34.030287 ], [ -78.590132, 34.028185 ], [ -78.5908, 34.027155 ], [ -78.592588, 34.026946 ], [ -78.594093, 34.029214 ], [ -78.59531, 34.028219 ], [ -78.598973, 34.028061 ], [ -78.599615, 34.029184 ], [ -78.60079, 34.028466 ], [ -78.600312, 34.029987 ], [ -78.60184, 34.028836 ], [ -78.600741, 34.027137 ], [ -78.601397, 34.026613 ], [ -78.602566, 34.027728 ], [ -78.603531, 34.026976 ], [ -78.603409, 34.024665 ], [ -78.605928, 34.023996 ], [ -78.609381, 34.024541 ], [ -78.608687, 34.025769 ], [ -78.610065, 34.025615 ], [ -78.611021, 34.023671 ], [ -78.612504, 34.02323 ], [ -78.613054, 34.022068 ], [ -78.614461, 34.023273 ], [ -78.616045, 34.022514 ], [ -78.617019, 34.023355 ], [ -78.618258, 34.019504 ], [ -78.62149, 34.01813 ], [ -78.625449, 34.019756 ], [ -78.626377, 34.017698 ], [ -78.629025, 34.017874 ], [ -78.631656, 34.015225 ], [ -78.63509, 34.013229 ], [ -78.638594, 34.011833 ], [ -78.640615, 34.01028 ], [ -78.640324, 34.008162 ], [ -78.640567, 34.005435 ], [ -78.639827, 34.00354 ], [ -78.636905, 34.000003 ], [ -78.633371, 33.996568 ], [ -78.63167, 33.993643 ], [ -78.630545, 33.990964 ], [ -78.629783, 33.986308 ], [ -78.62855, 33.983146 ], [ -78.626528, 33.980026 ], [ -78.627766, 33.976626 ], [ -78.627314, 33.975447 ], [ -78.624854, 33.975041 ], [ -78.624083, 33.973298 ], [ -78.624744, 33.97229 ], [ -78.628593, 33.973878 ], [ -78.629703, 33.974971 ], [ -78.630475, 33.973886 ], [ -78.630287, 33.972293 ], [ -78.632825, 33.972001 ], [ -78.633523, 33.970672 ], [ -78.634912, 33.970636 ], [ -78.636004, 33.96962 ], [ -78.637253, 33.969974 ], [ -78.639168, 33.969277 ], [ -78.639562, 33.970488 ], [ -78.640526, 33.97049 ], [ -78.641909, 33.967604 ], [ -78.646502, 33.966779 ], [ -78.648351, 33.96554 ], [ -78.646523, 33.960508 ], [ -78.645568, 33.960672 ], [ -78.644632, 33.962245 ], [ -78.643394, 33.961576 ], [ -78.644284, 33.96042 ], [ -78.643555, 33.958949 ], [ -78.642172, 33.958098 ], [ -78.642915, 33.95719 ], [ -78.643363, 33.95455 ], [ -78.643977, 33.955564 ], [ -78.645409, 33.953988 ], [ -78.646621, 33.954482 ], [ -78.644393, 33.949878 ], [ -78.647485, 33.950018 ], [ -78.646412, 33.948251 ], [ -78.647442, 33.947255 ], [ -78.649363, 33.946739 ], [ -78.650385, 33.945736 ], [ -78.6503641799208, 33.944338496904003 ], [ -78.651629, 33.945397 ], [ -78.66253, 33.95452 ], [ -78.702771, 33.989268 ], [ -78.710141, 33.994688 ], [ -78.711518125716296, 33.996051121047998 ], [ -78.712206, 33.996732 ], [ -78.739919611748903, 34.020203678089601 ], [ -78.769483, 34.045242 ], [ -78.777611661685896, 34.052126539667398 ], [ -78.797865449076795, 34.069280409282698 ], [ -78.81171, 34.081006 ], [ -78.827361662822796, 34.094261981861798 ], [ -78.827374001521306, 34.0942724319696 ], [ -78.855385, 34.117996 ], [ -78.872916763290206, 34.132844847546501 ], [ -78.874490650120407, 34.134177879781198 ], [ -78.874747, 34.134395 ], [ -78.8761781485738, 34.135596082906801 ], [ -78.892125222264895, 34.148979569411502 ], [ -78.909881, 34.163881 ], [ -78.915075296585499, 34.168240228295303 ], [ -78.921701713307399, 34.173801339948398 ], [ -78.963692, 34.209041 ], [ -78.973817531127807, 34.217538830212099 ], [ -78.981361434309505, 34.223870034725302 ], [ -78.99576, 34.235954 ], [ -79.042590023056704, 34.275255473818397 ], [ -79.071169, 34.29924 ], [ -79.071243852382196, 34.299302913056998 ] ] ] } },
{ "type": "Feature", "properties": { "STATEFP": "37", "COUNTYFP": "075", "COUNTYNS": "01008555", "GEOIDFQ": "0500000US37075", "GEOID": 37075, "NAME": "Graham", "NAMELSAD": "Graham County", "STUSPS": "NC", "STATE_NAME": "North Carolina", "LSAD": "06", "ALAND": 756194687, "AWATER": 25055910, "state": "NC", "county": "Graham", "fips": 37075, "adult_pop": "6,517", "observed_distress": 16.8, "loneliness_rate": 32.2, "access_to_exercise": 100.0, "social_associations_per_10k": 11.800802455, "air_pollution": 6.6, "uninsured": 21.69608265, "unemployment_rate": 6.88285903, "providers_per_100k": 99.46537, "log_median_hh_income": 10.683889830383498, "rucc_category": "rural" }, "geometry": { "type": "Polygon", "coordinates": [ [ [ -84.0381543595187, 35.348158160235002 ], [ -84.036897, 35.350672 ], [ -84.035343, 35.350833 ], [ -84.034338, 35.350947 ], [ -84.032801, 35.351908 ], [ -84.032466, 35.352594 ], [ -84.029113, 35.353554 ], [ -84.024756, 35.353896 ], [ -84.023456, 35.354217 ], [ -84.020188, 35.357503 ], [ -84.019193, 35.359569 ], [ -84.015121, 35.364868 ], [ -84.007658028782103, 35.371596064164997 ], [ -84.007586, 35.371661 ], [ -84.007678678570201, 35.372589328202601 ], [ -84.008307, 35.378883 ], [ -84.009506164170205, 35.381920882564401 ], [ -84.009807, 35.382683 ], [ -84.011207, 35.384383 ], [ -84.010607, 35.386183 ], [ -84.008207, 35.389683 ], [ -84.008207, 35.390383 ], [ -84.014107, 35.397783 ], [ -84.015207, 35.398483 ], [ -84.018107, 35.399083 ], [ -84.018807, 35.399783 ], [ -84.021507, 35.404183 ], [ -84.021782, 35.407418 ], [ -84.023107, 35.409684 ], [ -84.023007, 35.411684 ], [ -84.021207, 35.412084 ], [ -84.017607, 35.411183 ], [ -84.014707, 35.411983 ], [ -84.011706, 35.415383 ], [ -84.005306, 35.420883 ], [ -84.00225, 35.422548 ], [ -83.999906, 35.425201 ], [ -83.999242, 35.42614 ], [ -83.998154, 35.430786 ], [ -83.996619, 35.433761 ], [ -83.992568, 35.438065 ], [ -83.983233, 35.44235 ], [ -83.978286, 35.44782 ], [ -83.973057, 35.448921 ], [ -83.973171, 35.452582 ], [ -83.971439, 35.455145 ], [ -83.969845, 35.455443 ], [ -83.966656, 35.454941 ], [ -83.965229, 35.455399 ], [ -83.9614, 35.459496 ], [ -83.961054, 35.462838 ], [ -83.961056, 35.463738 ], [ -83.961055884011898, 35.463753658400101 ], [ -83.961053, 35.464143 ], [ -83.957821, 35.464211 ], [ -83.955416, 35.463456 ], [ -83.952882, 35.460635 ], [ -83.948039, 35.455945 ], [ -83.94757, 35.453922 ], [ -83.9443, 35.450788 ], [ -83.939419, 35.4486 ], [ -83.935159, 35.448569 ], [ -83.932695, 35.449549 ], [ -83.928773, 35.449936 ], [ -83.925751, 35.452539 ], [ -83.922107, 35.456513 ], [ -83.919825, 35.4597 ], [ -83.918146, 35.461276 ], [ -83.916253, 35.462013 ], [ -83.914077, 35.465054 ], [ -83.911532, 35.466288 ], [ -83.908284, 35.466514 ], [ -83.904442, 35.465004 ], [ -83.901257, 35.464322 ], [ -83.898564, 35.462714 ], [ -83.895028, 35.461458 ], [ -83.891587, 35.462568 ], [ -83.887476, 35.463214 ], [ -83.881546, 35.463183 ], [ -83.878469, 35.462356 ], [ -83.873794, 35.460413 ], [ -83.87081, 35.458491 ], [ -83.868057, 35.455198 ], [ -83.86734, 35.450926 ], [ -83.86589, 35.448292 ], [ -83.864579, 35.448312 ], [ -83.857015, 35.450296 ], [ -83.85175, 35.451904 ], [ -83.848499, 35.452082 ], [ -83.844907, 35.453121 ], [ -83.842693, 35.452627 ], [ -83.840089, 35.4497 ], [ -83.838569, 35.448885 ], [ -83.83662, 35.448753 ], [ -83.831412, 35.450953 ], [ -83.826003, 35.450403 ], [ -83.821239, 35.450781 ], [ -83.819125, 35.450379 ], [ -83.817653, 35.449495 ], [ -83.816582, 35.447049 ], [ -83.815508, 35.446156 ], [ -83.809709, 35.444124 ], [ -83.807588, 35.444099 ], [ -83.806711, 35.444824 ], [ -83.805535, 35.448122 ], [ -83.8044, 35.450021 ], [ -83.804462, 35.450973 ], [ -83.805085, 35.452679 ], [ -83.80458, 35.454184 ], [ -83.802799, 35.45555 ], [ -83.800452, 35.455753 ], [ -83.795603, 35.452413 ], [ -83.791917, 35.450907 ], [ -83.786908, 35.449739 ], [ -83.781798, 35.447003 ], [ -83.779942, 35.44626 ], [ -83.776823, 35.44415 ], [ -83.774475, 35.443475 ], [ -83.767813, 35.443706 ], [ -83.766669, 35.443474 ], [ -83.763096, 35.442588 ], [ -83.760852, 35.442582 ], [ -83.756677, 35.441709 ], [ -83.754916, 35.442775 ], [ -83.750162, 35.442522 ], [ -83.748317, 35.442919 ], [ -83.741575, 35.445209 ], [ -83.737203, 35.44691 ], [ -83.732819, 35.447406 ], [ -83.730292, 35.446511 ], [ -83.728031, 35.444974 ], [ -83.721109, 35.442968 ], [ -83.715989, 35.44225 ], [ -83.713014, 35.442093 ], [ -83.707452, 35.443805 ], [ -83.702474, 35.4431 ], [ -83.700056, 35.441766 ], [ -83.693944, 35.440544 ], [ -83.687136, 35.439679 ], [ -83.683513, 35.438806 ], [ -83.679208, 35.436812 ], [ -83.673069, 35.435405 ], [ -83.669861, 35.435643 ], [ -83.6681, 35.435061 ], [ -83.666576, 35.433724 ], [ -83.665108, 35.431333 ], [ -83.663772, 35.431041 ], [ -83.662189, 35.431121 ], [ -83.659864, 35.432491 ], [ -83.65789, 35.432261 ], [ -83.656408, 35.430846 ], [ -83.654911, 35.428109 ], [ -83.653095, 35.426595 ], [ -83.651478, 35.426485 ], [ -83.647828, 35.427562 ], [ -83.645859, 35.429454 ], [ -83.645014, 35.432029 ], [ -83.645108, 35.439175 ], [ -83.644603, 35.441775 ], [ -83.642949, 35.443464 ], [ -83.640551, 35.443594 ], [ -83.637062, 35.442179 ], [ -83.634068, 35.442293 ], [ -83.630311, 35.44108 ], [ -83.626517, 35.438835 ], [ -83.624016, 35.436923 ], [ -83.618694, 35.436113 ], [ -83.616053, 35.434015 ], [ -83.614327, 35.429722 ], [ -83.611915, 35.427538 ], [ -83.610109, 35.426976 ], [ -83.607544, 35.427724 ], [ -83.605523, 35.429234 ], [ -83.601519, 35.430983 ], [ -83.599349, 35.43161 ], [ -83.595486, 35.431518 ], [ -83.593283, 35.432394 ], [ -83.590534, 35.434449 ], [ -83.588615, 35.435181 ], [ -83.585756, 35.434832 ], [ -83.585873, 35.430403 ], [ -83.585424, 35.428163 ], [ -83.586063, 35.426805 ], [ -83.585216, 35.426145 ], [ -83.585581, 35.424814 ], [ -83.587214, 35.424027 ], [ -83.586995, 35.423208 ], [ -83.588545, 35.421487 ], [ -83.587325, 35.420718 ], [ -83.58903, 35.418937 ], [ -83.588112, 35.418257 ], [ -83.585392, 35.418256 ], [ -83.585487, 35.416847 ], [ -83.584234, 35.415713 ], [ -83.585241, 35.413499 ], [ -83.584185, 35.411755 ], [ -83.582865, 35.410875 ], [ -83.582386, 35.40963 ], [ -83.583257, 35.407275 ], [ -83.585147, 35.406665 ], [ -83.586613, 35.399826 ], [ -83.587691, 35.399187 ], [ -83.589636, 35.394198 ], [ -83.59041, 35.392516 ], [ -83.591302, 35.3872 ], [ -83.593014, 35.384235 ], [ -83.593253, 35.382497 ], [ -83.595369, 35.381076 ], [ -83.593337, 35.376705 ], [ -83.595107, 35.373922 ], [ -83.596881, 35.371871 ], [ -83.598044, 35.371196 ], [ -83.601001, 35.370524 ], [ -83.602226, 35.368259 ], [ -83.603343, 35.367766 ], [ -83.605313, 35.365553 ], [ -83.606804, 35.364558 ], [ -83.610742, 35.359223 ], [ -83.613615, 35.357275 ], [ -83.615394, 35.353915 ], [ -83.616045, 35.351204 ], [ -83.616995, 35.349064 ], [ -83.619235, 35.347306 ], [ -83.620475, 35.345491 ], [ -83.623775, 35.34521 ], [ -83.629004, 35.343711 ], [ -83.631466, 35.34228 ], [ -83.63371, 35.34157 ], [ -83.635333, 35.340447 ], [ -83.63922, 35.338733 ], [ -83.644679, 35.340268 ], [ -83.651756, 35.336864 ], [ -83.655337, 35.336728 ], [ -83.658952, 35.335152 ], [ -83.660507, 35.335626 ], [ -83.663348, 35.333083 ], [ -83.668857, 35.330733 ], [ -83.6695, 35.328963 ], [ -83.671697, 35.328243 ], [ -83.675277, 35.327695 ], [ -83.678582, 35.328218 ], [ -83.681428, 35.32515 ], [ -83.68474, 35.324074 ], [ -83.686275, 35.322402 ], [ -83.686973, 35.320506 ], [ -83.688224, 35.319732 ], [ -83.688598, 35.318234 ], [ -83.690649, 35.316947 ], [ -83.690223, 35.314639 ], [ -83.691916, 35.311926 ], [ -83.691242, 35.310016 ], [ -83.692188, 35.308909 ], [ -83.692396, 35.307279 ], [ -83.694217, 35.306975 ], [ -83.694392, 35.303957 ], [ -83.695339, 35.302407 ], [ -83.695003, 35.300831 ], [ -83.695611, 35.299614 ], [ -83.695343, 35.297536 ], [ -83.692484, 35.295983 ], [ -83.69025, 35.294325 ], [ -83.689612, 35.291995 ], [ -83.685735, 35.289918 ], [ -83.684084, 35.287925 ], [ -83.683578, 35.286263 ], [ -83.68176, 35.285019 ], [ -83.682266, 35.281832 ], [ -83.681671, 35.28042 ], [ -83.680264, 35.279387 ], [ -83.684064, 35.276355 ], [ -83.684581, 35.273274 ], [ -83.685116, 35.272302 ], [ -83.686963, 35.271163 ], [ -83.688494, 35.269118 ], [ -83.69032, 35.264953 ], [ -83.692457, 35.263015 ], [ -83.693149, 35.260862 ], [ -83.694236, 35.259827 ], [ -83.694721, 35.25763 ], [ -83.69732, 35.255517 ], [ -83.698503, 35.253572 ], [ -83.700596, 35.252172 ], [ -83.700969, 35.250403 ], [ -83.702652, 35.248462 ], [ -83.704188, 35.24902 ], [ -83.703366, 35.25162 ], [ -83.704512, 35.251843 ], [ -83.705086, 35.253171 ], [ -83.707985, 35.25536 ], [ -83.708352, 35.257299 ], [ -83.713144, 35.257689 ], [ -83.714903, 35.255973 ], [ -83.718787, 35.25326 ], [ -83.720808, 35.252847 ], [ -83.72253, 35.253097 ], [ -83.72567, 35.250744 ], [ -83.726823, 35.249019 ], [ -83.72855, 35.248559 ], [ -83.731128, 35.247051 ], [ -83.732011, 35.246032 ], [ -83.734314, 35.244989 ], [ -83.737557, 35.245225 ], [ -83.741412, 35.244633 ], [ -83.745463, 35.245204 ], [ -83.747241, 35.244163 ], [ -83.750416, 35.243362 ], [ -83.755482, 35.243076 ], [ -83.756608, 35.242484 ], [ -83.758695, 35.244499 ], [ -83.760003, 35.247036 ], [ -83.763163, 35.248258 ], [ -83.767207, 35.248166 ], [ -83.768766, 35.2471 ], [ -83.773292, 35.245785 ], [ -83.775701, 35.248044 ], [ -83.779363, 35.250099 ], [ -83.780403, 35.251469 ], [ -83.783104, 35.252849 ], [ -83.787915, 35.252831 ], [ -83.790362, 35.255782 ], [ -83.795159, 35.257463 ], [ -83.797105, 35.256033 ], [ -83.800524, 35.254588 ], [ -83.803066, 35.254597 ], [ -83.804926, 35.253144 ], [ -83.809031, 35.252468 ], [ -83.811213, 35.253211 ], [ -83.813489, 35.254748 ], [ -83.816028, 35.253333 ], [ -83.819825, 35.252152 ], [ -83.822115, 35.250325 ], [ -83.825633, 35.251184 ], [ -83.827542, 35.252891 ], [ -83.826905, 35.25358 ], [ -83.831429, 35.256117 ], [ -83.833623, 35.255381 ], [ -83.837043, 35.255564 ], [ -83.841277, 35.254325 ], [ -83.84515, 35.255236 ], [ -83.848665, 35.253253 ], [ -83.851038, 35.249472 ], [ -83.854979, 35.248424 ], [ -83.860536, 35.248657 ], [ -83.862268, 35.24738 ], [ -83.864705, 35.247416 ], [ -83.865615, 35.246482 ], [ -83.867518, 35.24603 ], [ -83.869167, 35.243359 ], [ -83.873205, 35.244212 ], [ -83.874227, 35.243784 ], [ -83.877889, 35.241056 ], [ -83.879696, 35.238481 ], [ -83.882315, 35.237529 ], [ -83.885407, 35.236878 ], [ -83.887286, 35.235831 ], [ -83.887709, 35.234926 ], [ -83.889685, 35.235182 ], [ -83.892346, 35.234931 ], [ -83.8933, 35.233235 ], [ -83.895499, 35.235129 ], [ -83.899033, 35.237666 ], [ -83.901268, 35.238427 ], [ -83.903572, 35.235246 ], [ -83.906075, 35.234847 ], [ -83.906475, 35.233819 ], [ -83.909203, 35.233549 ], [ -83.911075, 35.232394 ], [ -83.915381, 35.230909 ], [ -83.919359, 35.2291 ], [ -83.922112, 35.229055 ], [ -83.926009, 35.228013 ], [ -83.9295, 35.225534 ], [ -83.931724, 35.224716 ], [ -83.934446, 35.222988 ], [ -83.936272, 35.22303 ], [ -83.937947, 35.22224 ], [ -83.943438, 35.222549 ], [ -83.942807, 35.220611 ], [ -83.946146, 35.219826 ], [ -83.950464, 35.220994 ], [ -83.954632, 35.219727 ], [ -83.955602, 35.220407 ], [ -83.957323, 35.220372 ], [ -83.956935, 35.218463 ], [ -83.959036, 35.216912 ], [ -83.964868, 35.218471 ], [ -83.967132, 35.21786 ], [ -83.969194, 35.218822 ], [ -83.971718, 35.21937 ], [ -83.976343, 35.221527 ], [ -83.976453, 35.222956 ], [ -83.977596, 35.22437 ], [ -83.977325, 35.225534 ], [ -83.978894, 35.226018 ], [ -83.983375, 35.22961 ], [ -83.986227, 35.230841 ], [ -83.988703, 35.229922 ], [ -83.990927, 35.23155 ], [ -83.99383, 35.231464 ], [ -83.997374, 35.232083 ], [ -84.001353, 35.233509 ], [ -84.003911, 35.236305 ], [ -84.004, 35.239775 ], [ -84.006416, 35.241688 ], [ -84.004597, 35.243417 ], [ -84.003961, 35.245557 ], [ -84.001515, 35.248337 ], [ -84.00092, 35.249628 ], [ -84.002428, 35.251385 ], [ -84.001786, 35.252721 ], [ -84.005885, 35.2531 ], [ -84.007347, 35.254344 ], [ -84.010023, 35.255751 ], [ -84.011015, 35.257164 ], [ -84.010455, 35.261242 ], [ -84.011492, 35.263052 ], [ -84.010571, 35.26595 ], [ -84.010872, 35.267295 ], [ -84.010541, 35.269915 ], [ -84.009566, 35.272216 ], [ -84.009757, 35.273241 ], [ -84.013368, 35.274606 ], [ -84.016523, 35.276281 ], [ -84.016022, 35.277715 ], [ -84.017147, 35.279022 ], [ -84.019827, 35.279842 ], [ -84.020582, 35.283224 ], [ -84.021824, 35.284787 ], [ -84.022529, 35.286914 ], [ -84.026493, 35.288774 ], [ -84.028972, 35.291088 ], [ -84.029084969782403, 35.292188335624203 ], [ -84.02791, 35.292783 ], [ -84.02351, 35.295783 ], [ -84.02141, 35.301383 ], [ -84.02651, 35.309283 ], [ -84.02871, 35.310383 ], [ -84.03501, 35.311983 ], [ -84.03571, 35.312883 ], [ -84.03551, 35.317783 ], [ -84.032479, 35.325318 ], [ -84.03245, 35.32653 ], [ -84.032209, 35.328583 ], [ -84.030409, 35.330483 ], [ -84.029377, 35.333197 ], [ -84.031272, 35.336438 ], [ -84.03243, 35.336845 ], [ -84.036194, 35.337674 ], [ -84.036303, 35.339158 ], [ -84.035572, 35.341486 ], [ -84.033975, 35.342771 ], [ -84.038327, 35.347813 ], [ -84.0381543595187, 35.348158160235002 ] ] ] } },
{ "type": "Feature", "properties": { "STATEFP": "37", "COUNTYFP": "079", "COUNTYNS": "01008557", "GEOIDFQ": "0500000US37079", "GEOID": 37079, "NAME": "Greene", "NAMELSAD": "Greene County", "STUSPS": "NC", "STATE_NAME": "North Carolina", "LSAD": "06", "ALAND": 690838977, "AWATER": 1229492, "state": "NC", "county": "Greene", "fips": 37079, "adult_pop": "16,688", "observed_distress": 18.7, "loneliness_rate": 35.6, "access_to_exercise": 25.29949636, "social_associations_per_10k": 7.6452599387999998, "air_pollution": 7.3, "uninsured": 24.42690003, "unemployment_rate": 4.10081162, "providers_per_100k": 48.97879, "log_median_hh_income": 10.666254074976131, "rucc_category": "rural" }, "geometry": { "type": "Polygon", "coordinates": [ [ [ -77.82553, 35.470419 ], [ -77.825371, 35.476492 ], [ -77.825344, 35.477506 ], [ -77.822511, 35.585383 ], [ -77.816456, 35.588371 ], [ -77.815058, 35.588281 ], [ -77.808395, 35.583959 ], [ -77.80623, 35.583474 ], [ -77.801777, 35.586205 ], [ -77.753509, 35.615957 ], [ -77.732939, 35.630118 ], [ -77.700692, 35.652295 ], [ -77.697798, 35.651151 ], [ -77.694808, 35.651838 ], [ -77.691791, 35.650913 ], [ -77.688912, 35.649447 ], [ -77.686544, 35.647129 ], [ -77.686091, 35.646014 ], [ -77.683745, 35.644268 ], [ -77.682782, 35.642798 ], [ -77.682924, 35.641459 ], [ -77.68041, 35.63857 ], [ -77.682451, 35.634202 ], [ -77.682634, 35.632737 ], [ -77.681622, 35.630762 ], [ -77.680326, 35.630123 ], [ -77.67796, 35.627329 ], [ -77.675716, 35.625187 ], [ -77.673632, 35.623241 ], [ -77.662438, 35.619252 ], [ -77.650165, 35.607029 ], [ -77.635843, 35.592764 ], [ -77.635099, 35.592032 ], [ -77.632683, 35.589499 ], [ -77.63044, 35.588145 ], [ -77.62895, 35.586113 ], [ -77.626496, 35.583903 ], [ -77.621764, 35.58235 ], [ -77.620082, 35.579988 ], [ -77.615145, 35.574355 ], [ -77.614404, 35.571912 ], [ -77.610181, 35.567511 ], [ -77.604516, 35.567543 ], [ -77.598597, 35.566112 ], [ -77.593045, 35.564143 ], [ -77.591374, 35.563197 ], [ -77.589797, 35.561385 ], [ -77.58647, 35.559492 ], [ -77.584469, 35.556726 ], [ -77.581354, 35.553573 ], [ -77.580043, 35.553333 ], [ -77.576552, 35.550863 ], [ -77.574999, 35.550263 ], [ -77.572673, 35.550214 ], [ -77.570833, 35.548842 ], [ -77.569988, 35.545883 ], [ -77.568778, 35.544471 ], [ -77.569031, 35.543751 ], [ -77.566889, 35.541315 ], [ -77.565626, 35.538946 ], [ -77.562445, 35.536545 ], [ -77.560323, 35.533491 ], [ -77.557894, 35.531974 ], [ -77.555657, 35.531743 ], [ -77.550416, 35.532879 ], [ -77.545365, 35.53303 ], [ -77.541002, 35.533006 ], [ -77.539312, 35.531177 ], [ -77.536882, 35.530505 ], [ -77.535364, 35.531014 ], [ -77.533845, 35.52959 ], [ -77.533314, 35.53047 ], [ -77.530989, 35.53038 ], [ -77.529652, 35.527916 ], [ -77.525166, 35.528337 ], [ -77.525582, 35.525455 ], [ -77.524124, 35.526084 ], [ -77.522769, 35.525054 ], [ -77.522538, 35.523439 ], [ -77.52416, 35.522133 ], [ -77.525065, 35.519232 ], [ -77.523106, 35.519056 ], [ -77.521659, 35.517589 ], [ -77.518443, 35.517259 ], [ -77.518578, 35.518619 ], [ -77.517337, 35.519 ], [ -77.516673, 35.517902 ], [ -77.512684, 35.518071 ], [ -77.512069, 35.51915 ], [ -77.509114, 35.51956 ], [ -77.509245, 35.517778 ], [ -77.507182, 35.517477 ], [ -77.505282, 35.51825 ], [ -77.5034, 35.517445 ], [ -77.505615, 35.514821 ], [ -77.505573, 35.511821 ], [ -77.507071, 35.510968 ], [ -77.505806, 35.51023 ], [ -77.508523, 35.508241 ], [ -77.511178, 35.50775 ], [ -77.507551, 35.506034 ], [ -77.505925, 35.504715 ], [ -77.507181, 35.502083 ], [ -77.50979, 35.500659 ], [ -77.511819, 35.498425 ], [ -77.511587, 35.497035 ], [ -77.509161, 35.495731 ], [ -77.50707, 35.496035 ], [ -77.507105, 35.494129 ], [ -77.504125, 35.493541 ], [ -77.502927, 35.491125 ], [ -77.501999, 35.491419 ], [ -77.502266, 35.489436 ], [ -77.501162, 35.490134 ], [ -77.501869, 35.488374 ], [ -77.501362, 35.487467 ], [ -77.502732, 35.485843 ], [ -77.500661, 35.486028 ], [ -77.500905, 35.483347 ], [ -77.499481, 35.481169 ], [ -77.498237, 35.480797 ], [ -77.498857, 35.47993 ], [ -77.497338, 35.479541 ], [ -77.494116, 35.477423 ], [ -77.494342, 35.47363 ], [ -77.492694, 35.472227 ], [ -77.492761, 35.471309 ], [ -77.490318, 35.46812 ], [ -77.491096, 35.465104 ], [ -77.49348, 35.463353 ], [ -77.492659, 35.461467 ], [ -77.488515, 35.460115 ], [ -77.486496, 35.458013 ], [ -77.484055, 35.45759 ], [ -77.486073, 35.455934 ], [ -77.485487, 35.453141 ], [ -77.484448, 35.451895 ], [ -77.480961, 35.451817 ], [ -77.480534, 35.451256 ], [ -77.48211, 35.450344 ], [ -77.481716, 35.448434 ], [ -77.482199, 35.447271 ], [ -77.484351, 35.447451 ], [ -77.484165, 35.445088 ], [ -77.481764, 35.444746 ], [ -77.481647, 35.443467 ], [ -77.480614, 35.444259 ], [ -77.480343, 35.446453 ], [ -77.479346, 35.446651 ], [ -77.476743, 35.445412 ], [ -77.479362, 35.439144 ], [ -77.475928, 35.439218 ], [ -77.475257, 35.440023 ], [ -77.474281, 35.439102 ], [ -77.474843, 35.437036 ], [ -77.476566, 35.434534 ], [ -77.476923, 35.431033 ], [ -77.475515, 35.426655 ], [ -77.476642, 35.425913 ], [ -77.480112, 35.424875 ], [ -77.482682, 35.422795 ], [ -77.482665, 35.420415 ], [ -77.482029, 35.419088 ], [ -77.482034, 35.41722 ], [ -77.481225, 35.41548 ], [ -77.481966, 35.414451 ], [ -77.48386, 35.413667 ], [ -77.487745, 35.413305 ], [ -77.49262, 35.411707 ], [ -77.494042, 35.411696 ], [ -77.496588, 35.412528 ], [ -77.499142, 35.414571 ], [ -77.498368, 35.416688 ], [ -77.501109, 35.418424 ], [ -77.502683, 35.418494 ], [ -77.504583, 35.419527 ], [ -77.506365, 35.418857 ], [ -77.507459, 35.41993 ], [ -77.505973, 35.42126 ], [ -77.506701, 35.421896 ], [ -77.509899, 35.421517 ], [ -77.512028, 35.420166 ], [ -77.516245, 35.418242 ], [ -77.517833, 35.418002 ], [ -77.519662, 35.416683 ], [ -77.520857, 35.416792 ], [ -77.519837, 35.415287 ], [ -77.520969, 35.414544 ], [ -77.526581, 35.414756 ], [ -77.528338, 35.414336 ], [ -77.527272, 35.412573 ], [ -77.528259, 35.411993 ], [ -77.528599, 35.40925 ], [ -77.530173, 35.407871 ], [ -77.531154, 35.408171 ], [ -77.532763, 35.404845 ], [ -77.531807, 35.401487 ], [ -77.534173, 35.398104 ], [ -77.539471, 35.396678 ], [ -77.540785, 35.395929 ], [ -77.561462, 35.387277 ], [ -77.564333, 35.387723 ], [ -77.565664, 35.385778 ], [ -77.56488, 35.38411 ], [ -77.566382, 35.382982 ], [ -77.567125, 35.383286 ], [ -77.570146, 35.382363 ], [ -77.571862, 35.382369 ], [ -77.576223, 35.37999 ], [ -77.57872, 35.380164 ], [ -77.580481, 35.379565 ], [ -77.581544, 35.377926 ], [ -77.582753, 35.3782 ], [ -77.583441, 35.379383 ], [ -77.584667, 35.3797 ], [ -77.586093, 35.378383 ], [ -77.586516, 35.376859 ], [ -77.589323, 35.373763 ], [ -77.590675, 35.373599 ], [ -77.593189, 35.37406 ], [ -77.595394, 35.375582 ], [ -77.598697, 35.375669 ], [ -77.602337, 35.374923 ], [ -77.603211, 35.375163 ], [ -77.606224, 35.379142 ], [ -77.606957, 35.379497 ], [ -77.610962, 35.378633 ], [ -77.614381, 35.377563 ], [ -77.61541, 35.374979 ], [ -77.618073, 35.372609 ], [ -77.623433, 35.368841 ], [ -77.626876, 35.367081 ], [ -77.628285, 35.365695 ], [ -77.629583, 35.363308 ], [ -77.632512, 35.361215 ], [ -77.634519, 35.357488 ], [ -77.637314, 35.354455 ], [ -77.639101, 35.354086 ], [ -77.642289, 35.354684 ], [ -77.644812, 35.354503 ], [ -77.648141, 35.355276 ], [ -77.651181, 35.353125 ], [ -77.653223, 35.352492 ], [ -77.657751, 35.353919 ], [ -77.659344, 35.353864 ], [ -77.660842, 35.352814 ], [ -77.661248, 35.352263 ], [ -77.664847, 35.351942 ], [ -77.666664, 35.350636 ], [ -77.670435, 35.348772 ], [ -77.673174, 35.347889 ], [ -77.676719, 35.347344 ], [ -77.679281, 35.347515 ], [ -77.681093, 35.348357 ], [ -77.682332, 35.349749 ], [ -77.684648, 35.354481 ], [ -77.686605, 35.357234 ], [ -77.688155, 35.35876 ], [ -77.690139, 35.359689 ], [ -77.690876, 35.361084 ], [ -77.690028, 35.362534 ], [ -77.690269, 35.364383 ], [ -77.694289, 35.365827 ], [ -77.694702, 35.3686 ], [ -77.697184, 35.371509 ], [ -77.696211, 35.375351 ], [ -77.696658, 35.376465 ], [ -77.697516, 35.377097 ], [ -77.701904, 35.376582 ], [ -77.741176, 35.371966 ], [ -77.777669, 35.367664 ], [ -77.806248, 35.368754 ], [ -77.805134, 35.370556 ], [ -77.802851, 35.372878 ], [ -77.8021, 35.377657 ], [ -77.801135, 35.378458 ], [ -77.799861, 35.382282 ], [ -77.800721, 35.384152 ], [ -77.801195, 35.387961 ], [ -77.802354, 35.389936 ], [ -77.803863, 35.395295 ], [ -77.803965, 35.399986 ], [ -77.804602, 35.405011 ], [ -77.805536, 35.407504 ], [ -77.812192, 35.413024 ], [ -77.813995, 35.414083 ], [ -77.815663, 35.414288 ], [ -77.818042, 35.415474 ], [ -77.821836, 35.421199 ], [ -77.82454, 35.423114 ], [ -77.826744, 35.42409 ], [ -77.82553, 35.470419 ] ] ] } },
{ "type": "Feature", "properties": { "STATEFP": "37", "COUNTYFP": "161", "COUNTYNS": "01008584", "GEOIDFQ": "0500000US37161", "GEOID": 37161, "NAME": "Rutherford", "NAMELSAD": "Rutherford County", "STUSPS": "NC", "STATE_NAME": "North Carolina", "LSAD": "06", "ALAND": 1464475268, "AWATER": 4693780, "state": "NC", "county": "Rutherford", "fips": 37161, "adult_pop": "52,439", "observed_distress": 17.7, "loneliness_rate": 31.8, "access_to_exercise": 37.73198436, "social_associations_per_10k": 18.784662174000001, "air_pollution": 8.3, "uninsured": 16.61906273, "unemployment_rate": 6.46985447, "providers_per_100k": 168.76723, "log_median_hh_income": 10.702727480606711, "rucc_category": "mid" }, "geometry": { "type": "Polygon", "coordinates": [ [ [ -82.280529, 35.443393 ], [ -82.279057, 35.447037 ], [ -82.277238, 35.448125 ], [ -82.276844, 35.448355 ], [ -82.276296, 35.448921 ], [ -82.265795, 35.467818 ], [ -82.251437, 35.460685 ], [ -82.245707, 35.465331 ], [ -82.2425, 35.467838 ], [ -82.224336, 35.498269 ], [ -82.224083, 35.500175 ], [ -82.227192, 35.5047 ], [ -82.229382, 35.506124 ], [ -82.230924, 35.506465 ], [ -82.233335, 35.509629 ], [ -82.233809, 35.511399 ], [ -82.233011, 35.513223 ], [ -82.23362, 35.5152 ], [ -82.232929, 35.517507 ], [ -82.233853, 35.518655 ], [ -82.233203, 35.519402 ], [ -82.23152, 35.519945 ], [ -82.220515, 35.520025 ], [ -82.178984, 35.526601 ], [ -82.169049, 35.527811 ], [ -82.155493, 35.520643 ], [ -82.155032, 35.520397 ], [ -82.150538, 35.518002 ], [ -82.096009, 35.531603 ], [ -82.082621, 35.533401 ], [ -82.039843, 35.532704 ], [ -82.024042, 35.537388 ], [ -82.022621, 35.537243 ], [ -82.020841, 35.538579 ], [ -82.019676, 35.541537 ], [ -82.016253, 35.542909 ], [ -82.01286, 35.547805 ], [ -82.007426, 35.549501 ], [ -82.005469, 35.549852 ], [ -82.002733, 35.551811 ], [ -81.999397, 35.54945 ], [ -81.99729, 35.54663 ], [ -81.994457, 35.544041 ], [ -81.989385, 35.541383 ], [ -81.987728, 35.541531 ], [ -81.986252, 35.540709 ], [ -81.985518, 35.539929 ], [ -81.986209, 35.538076 ], [ -81.983714, 35.536494 ], [ -81.982723, 35.535102 ], [ -81.979651, 35.533049 ], [ -81.978002, 35.530637 ], [ -81.971893, 35.527967 ], [ -81.971359, 35.527712 ], [ -81.969849, 35.526991 ], [ -81.967619, 35.526007 ], [ -81.957326, 35.527774 ], [ -81.933121, 35.536074 ], [ -81.924051, 35.534021 ], [ -81.921188, 35.535179 ], [ -81.920899, 35.533661 ], [ -81.904954, 35.541917 ], [ -81.894783, 35.541975 ], [ -81.877049, 35.542076 ], [ -81.856654, 35.542187 ], [ -81.842674, 35.542262 ], [ -81.842652, 35.542533 ], [ -81.843744, 35.544034 ], [ -81.843916, 35.546337 ], [ -81.842361, 35.549731 ], [ -81.841341, 35.550054 ], [ -81.840866, 35.554286 ], [ -81.839467, 35.555991 ], [ -81.83323, 35.55926 ], [ -81.833765, 35.560186 ], [ -81.83382, 35.562857 ], [ -81.831559, 35.56623 ], [ -81.829261, 35.568266 ], [ -81.82945, 35.571847 ], [ -81.828376, 35.573918 ], [ -81.824122, 35.574983 ], [ -81.823607, 35.577824 ], [ -81.822619, 35.578581 ], [ -81.822132, 35.580513 ], [ -81.819248, 35.579149 ], [ -81.818492, 35.57798 ], [ -81.816852, 35.578225 ], [ -81.814103, 35.580391 ], [ -81.81012, 35.581319 ], [ -81.805663, 35.58016 ], [ -81.804147, 35.578434 ], [ -81.802838, 35.578165 ], [ -81.798783, 35.579968 ], [ -81.797549, 35.583018 ], [ -81.795667, 35.585619 ], [ -81.796622, 35.587525 ], [ -81.795745, 35.591537 ], [ -81.794058, 35.593239 ], [ -81.787417, 35.594235 ], [ -81.78389, 35.592299 ], [ -81.78063, 35.591752 ], [ -81.778161, 35.592392 ], [ -81.776591, 35.592032 ], [ -81.77217, 35.592944 ], [ -81.771311, 35.594811 ], [ -81.768548, 35.595967 ], [ -81.768338, 35.597933 ], [ -81.770136, 35.599272 ], [ -81.771972, 35.601978 ], [ -81.771145, 35.602751 ], [ -81.768336, 35.602947 ], [ -81.768176, 35.604006 ], [ -81.766121, 35.606994 ], [ -81.762585, 35.607508 ], [ -81.757361, 35.609417 ], [ -81.755259, 35.611218 ], [ -81.753407, 35.613588 ], [ -81.752318, 35.612925 ], [ -81.750414, 35.611764 ], [ -81.750208, 35.610452 ], [ -81.74819, 35.607996 ], [ -81.746823, 35.605689 ], [ -81.743227, 35.605408 ], [ -81.739006, 35.604187 ], [ -81.737143, 35.601908 ], [ -81.734272, 35.602713 ], [ -81.732971, 35.601778 ], [ -81.723289, 35.605257 ], [ -81.721701, 35.606308 ], [ -81.719951, 35.606012 ], [ -81.717287, 35.604579 ], [ -81.715836, 35.602948 ], [ -81.716553, 35.601772 ], [ -81.715206, 35.601143 ], [ -81.717382, 35.59919 ], [ -81.716231, 35.598116 ], [ -81.716786, 35.596087 ], [ -81.71561, 35.596207 ], [ -81.716326, 35.595012 ], [ -81.711888, 35.591377 ], [ -81.712138, 35.589267 ], [ -81.70956, 35.589521 ], [ -81.707529, 35.586665 ], [ -81.706752, 35.584633 ], [ -81.706991, 35.583109 ], [ -81.705653, 35.581214 ], [ -81.703521, 35.581505 ], [ -81.702587, 35.583332 ], [ -81.701834, 35.581673 ], [ -81.700571, 35.581215 ], [ -81.698847, 35.579634 ], [ -81.697035, 35.578823 ], [ -81.695889, 35.579822 ], [ -81.692538, 35.578895 ], [ -81.691989, 35.580041 ], [ -81.69382, 35.51552 ], [ -81.694537, 35.501867 ], [ -81.69573, 35.485909 ], [ -81.700647, 35.403285 ], [ -81.700971, 35.400656 ], [ -81.701537, 35.386744 ], [ -81.702853, 35.357304 ], [ -81.707302, 35.346602 ], [ -81.709606, 35.341095 ], [ -81.728506, 35.295556 ], [ -81.735212, 35.27945 ], [ -81.740895, 35.265679 ], [ -81.743242, 35.259999 ], [ -81.74929, 35.245864 ], [ -81.757165, 35.227903 ], [ -81.758536, 35.224864 ], [ -81.759541, 35.222646 ], [ -81.759849, 35.22118 ], [ -81.768108596181193, 35.180388327917797 ], [ -81.772351, 35.180514 ], [ -81.775153439986596, 35.180597045732497 ], [ -81.802081, 35.181395 ], [ -81.844042391623503, 35.182971336002197 ], [ -81.8440450348279, 35.182971435297702 ], [ -81.857838690751194, 35.1834896124981 ], [ -81.874433, 35.184113 ], [ -81.874686718011304, 35.184119900788801 ], [ -81.918743161674698, 35.185318176831302 ], [ -81.925612, 35.185505 ], [ -81.969345823206893, 35.1872287391339 ], [ -81.969249, 35.191125 ], [ -81.970654, 35.200455 ], [ -81.971039, 35.205675 ], [ -81.969604, 35.209608 ], [ -81.970882, 35.211589 ], [ -81.969341, 35.216332 ], [ -81.967479, 35.220182 ], [ -81.963977, 35.224604 ], [ -81.962806, 35.22686 ], [ -81.964345, 35.229946 ], [ -81.965679, 35.231062 ], [ -81.965327, 35.2446 ], [ -81.963869, 35.24945 ], [ -81.96731, 35.249609 ], [ -81.969007, 35.252442 ], [ -81.968604, 35.255357 ], [ -81.968788, 35.257764 ], [ -81.970017, 35.258634 ], [ -81.973134, 35.259477 ], [ -81.977622, 35.26335 ], [ -81.982508, 35.263371 ], [ -81.983159, 35.26461 ], [ -81.98503, 35.265592 ], [ -81.987598, 35.265756 ], [ -81.990316, 35.267602 ], [ -81.995719, 35.270615 ], [ -81.996965, 35.273216 ], [ -81.99943, 35.276182 ], [ -81.999714, 35.280714 ], [ -82.000653, 35.282541 ], [ -82.004069, 35.283998 ], [ -82.005577, 35.284033 ], [ -82.008557, 35.286623 ], [ -82.010246, 35.289316 ], [ -82.012635, 35.290929 ], [ -82.014716, 35.291954 ], [ -82.015642, 35.292983 ], [ -82.016265, 35.296261 ], [ -82.016901, 35.296995 ], [ -82.016757, 35.299152 ], [ -82.019478, 35.299062 ], [ -82.021511, 35.298291 ], [ -82.023312, 35.29829 ], [ -82.024897, 35.299949 ], [ -82.029517, 35.301502 ], [ -82.029711, 35.305256 ], [ -82.030808, 35.307072 ], [ -82.031504, 35.309378 ], [ -82.033954, 35.310434 ], [ -82.035258, 35.312232 ], [ -82.037578, 35.313636 ], [ -82.04004, 35.316348 ], [ -82.040438, 35.31718 ], [ -82.043587, 35.320659 ], [ -82.046194, 35.320699 ], [ -82.048212, 35.325387 ], [ -82.047162, 35.327085 ], [ -82.051283, 35.328984 ], [ -82.052387, 35.330967 ], [ -82.052467, 35.332939 ], [ -82.053984, 35.335425 ], [ -82.056883, 35.336946 ], [ -82.059922, 35.336556 ], [ -82.061477, 35.334814 ], [ -82.064885, 35.334621 ], [ -82.066238, 35.337528 ], [ -82.067969, 35.339219 ], [ -82.07017, 35.338148 ], [ -82.072567, 35.338926 ], [ -82.073654, 35.340177 ], [ -82.075355, 35.34059 ], [ -82.077075, 35.341973 ], [ -82.079311, 35.345606 ], [ -82.079827, 35.348343 ], [ -82.079662, 35.352978 ], [ -82.081025, 35.353649 ], [ -82.084786, 35.353304 ], [ -82.088622, 35.355819 ], [ -82.088418, 35.358478 ], [ -82.089483, 35.359686 ], [ -82.090263, 35.359956 ], [ -82.097187, 35.36988 ], [ -82.098695, 35.370594 ], [ -82.100725, 35.369299 ], [ -82.101611, 35.366459 ], [ -82.104395, 35.366676 ], [ -82.105244, 35.367214 ], [ -82.105898, 35.36808 ], [ -82.105734, 35.370834 ], [ -82.106247, 35.37485 ], [ -82.108083, 35.377948 ], [ -82.107657, 35.381084 ], [ -82.108771, 35.382183 ], [ -82.109418, 35.383316 ], [ -82.114126, 35.385548 ], [ -82.115167, 35.387361 ], [ -82.119619, 35.387929 ], [ -82.120547, 35.388713 ], [ -82.122233, 35.392503 ], [ -82.124723, 35.39383 ], [ -82.1276, 35.396161 ], [ -82.129209, 35.396852 ], [ -82.131669, 35.395642 ], [ -82.13477, 35.397031 ], [ -82.139304, 35.398678 ], [ -82.141736, 35.399142 ], [ -82.142449, 35.400359 ], [ -82.144136, 35.401201 ], [ -82.145503, 35.402671 ], [ -82.148896, 35.405053 ], [ -82.151535, 35.407581 ], [ -82.153139, 35.408075 ], [ -82.156383, 35.407781 ], [ -82.160038, 35.409354 ], [ -82.163391, 35.408732 ], [ -82.165585, 35.407776 ], [ -82.167946, 35.407937 ], [ -82.170101, 35.409073 ], [ -82.171609, 35.409318 ], [ -82.172474, 35.406816 ], [ -82.173689, 35.405305 ], [ -82.176184, 35.404739 ], [ -82.177117, 35.403214 ], [ -82.180337, 35.403085 ], [ -82.18349, 35.400207 ], [ -82.18515, 35.396619 ], [ -82.188754, 35.399078 ], [ -82.19064, 35.399314 ], [ -82.192436, 35.397325 ], [ -82.195251, 35.397967 ], [ -82.196466, 35.399012 ], [ -82.197102, 35.402104 ], [ -82.198562, 35.402893 ], [ -82.204552, 35.40363 ], [ -82.205685, 35.402984 ], [ -82.205551, 35.401166 ], [ -82.209018, 35.397669 ], [ -82.214398, 35.398171 ], [ -82.220543, 35.394636 ], [ -82.225092, 35.395644 ], [ -82.226817, 35.395475 ], [ -82.230248, 35.397114 ], [ -82.234111, 35.400356 ], [ -82.235391, 35.400431 ], [ -82.239115, 35.402557 ], [ -82.243561, 35.400807 ], [ -82.249068, 35.400058 ], [ -82.251617, 35.3982 ], [ -82.255833, 35.39707 ], [ -82.257343, 35.396186 ], [ -82.259036, 35.393526 ], [ -82.261305, 35.393198 ], [ -82.262076, 35.394726 ], [ -82.266439, 35.39845 ], [ -82.270121, 35.400356 ], [ -82.269018, 35.403923 ], [ -82.268655, 35.406588 ], [ -82.270319, 35.407221 ], [ -82.272386, 35.409266 ], [ -82.273069, 35.41135 ], [ -82.273309, 35.414625 ], [ -82.272713, 35.41884 ], [ -82.27577, 35.423804 ], [ -82.274936, 35.427294 ], [ -82.273423, 35.430707 ], [ -82.274476, 35.433592 ], [ -82.276308, 35.437275 ], [ -82.278389, 35.437913 ], [ -82.279161, 35.438853 ], [ -82.279529, 35.441134 ], [ -82.280529, 35.443393 ] ] ] } },
{ "type": "Feature", "properties": { "STATEFP": "37", "COUNTYFP": "043", "COUNTYNS": "01008546", "GEOIDFQ": "0500000US37043", "GEOID": 37043, "NAME": "Clay", "NAMELSAD": "Clay County", "STUSPS": "NC", "STATE_NAME": "North Carolina", "LSAD": "06", "ALAND": 556849483, "AWATER": 15046554, "state": "NC", "county": "Clay", "fips": 37043, "adult_pop": "10,069", "observed_distress": 14.7, "loneliness_rate": 29.2, "access_to_exercise": 99.79258725, "social_associations_per_10k": 12.168622338, "air_pollution": 7.0, "uninsured": 18.87563884, "unemployment_rate": 4.91183879, "providers_per_100k": 141.48024, "log_median_hh_income": 10.850055275294554, "rucc_category": "rural" }, "geometry": { "type": "Polygon", "coordinates": [ [ [ -84.005821, 34.989088 ], [ -84.003536, 34.991242 ], [ -84.004595, 34.994132 ], [ -84.002712, 34.99602 ], [ -83.998656, 34.996352 ], [ -83.995888, 34.998518 ], [ -83.992625, 34.999321 ], [ -83.99166, 35.000441 ], [ -83.987636, 35.002715 ], [ -83.986615, 35.002974 ], [ -83.984195, 35.004855 ], [ -83.979847, 35.005867 ], [ -83.976329, 35.008552 ], [ -83.974512, 35.010407 ], [ -83.9713, 35.012462 ], [ -83.97257, 35.014413 ], [ -83.970309, 35.015738 ], [ -83.96831, 35.017943 ], [ -83.966621, 35.01788 ], [ -83.964448, 35.018664 ], [ -83.961853, 35.020985 ], [ -83.959, 35.024787 ], [ -83.956443, 35.026409 ], [ -83.957418, 35.028575 ], [ -83.960714, 35.030874 ], [ -83.959354, 35.034632 ], [ -83.958692, 35.0353 ], [ -83.958406, 35.038886 ], [ -83.959309, 35.038692 ], [ -83.959392, 35.040316 ], [ -83.963017, 35.042618 ], [ -83.966059, 35.044119 ], [ -83.963177, 35.045805 ], [ -83.964019, 35.048077 ], [ -83.961684, 35.048667 ], [ -83.960522, 35.049551 ], [ -83.958583, 35.05277 ], [ -83.956725, 35.054187 ], [ -83.955246, 35.054355 ], [ -83.951961, 35.053531 ], [ -83.94882, 35.053836 ], [ -83.946239, 35.054548 ], [ -83.943504, 35.056067 ], [ -83.941323, 35.058161 ], [ -83.93828, 35.062176 ], [ -83.934521, 35.065942 ], [ -83.93447, 35.068119 ], [ -83.932371, 35.069395 ], [ -83.931101, 35.069422 ], [ -83.927411, 35.066743 ], [ -83.926865, 35.06705 ], [ -83.925974, 35.067754 ], [ -83.926298, 35.069171 ], [ -83.925542, 35.071283 ], [ -83.922679, 35.074075 ], [ -83.920182, 35.074694 ], [ -83.916694, 35.074558 ], [ -83.913888, 35.076364 ], [ -83.911205, 35.077445 ], [ -83.907671, 35.078219 ], [ -83.905978, 35.081463 ], [ -83.905265, 35.08662 ], [ -83.900213, 35.090049 ], [ -83.89596, 35.091865 ], [ -83.89391, 35.094532 ], [ -83.892442, 35.095308 ], [ -83.887582, 35.099236 ], [ -83.88731, 35.10045 ], [ -83.884802, 35.103294 ], [ -83.883102, 35.106096 ], [ -83.879535, 35.10758 ], [ -83.875763, 35.110703 ], [ -83.875245, 35.112985 ], [ -83.874236, 35.114167 ], [ -83.871014, 35.116439 ], [ -83.86692, 35.11813 ], [ -83.864025, 35.120058 ], [ -83.863367, 35.121542 ], [ -83.864379, 35.125436 ], [ -83.865514, 35.127342 ], [ -83.864444, 35.128298 ], [ -83.862716, 35.132002 ], [ -83.862751, 35.132447 ], [ -83.859989, 35.133833 ], [ -83.857699, 35.135473 ], [ -83.857124, 35.137066 ], [ -83.854582, 35.138121 ], [ -83.852869, 35.139496 ], [ -83.849937, 35.140903 ], [ -83.845256, 35.141149 ], [ -83.84347, 35.142558 ], [ -83.840733, 35.143841 ], [ -83.838875, 35.143159 ], [ -83.835704, 35.142685 ], [ -83.834863, 35.142936 ], [ -83.833201, 35.141806 ], [ -83.832977, 35.140629 ], [ -83.83062, 35.140803 ], [ -83.825309, 35.140018 ], [ -83.823597, 35.140174 ], [ -83.821725, 35.139161 ], [ -83.820598, 35.139187 ], [ -83.818435, 35.138841 ], [ -83.816561, 35.139223 ], [ -83.814633, 35.140472 ], [ -83.812466, 35.141265 ], [ -83.8088, 35.141404 ], [ -83.807661, 35.142249 ], [ -83.807314, 35.143624 ], [ -83.804692, 35.144369 ], [ -83.803125, 35.144146 ], [ -83.801066, 35.144619 ], [ -83.79946, 35.144407 ], [ -83.797119, 35.144923 ], [ -83.794627, 35.148099 ], [ -83.791391, 35.147114 ], [ -83.786734, 35.148405 ], [ -83.785021, 35.14779 ], [ -83.782384, 35.14846 ], [ -83.780823, 35.149599 ], [ -83.778005, 35.150104 ], [ -83.777749, 35.151271 ], [ -83.775983, 35.153301 ], [ -83.773946, 35.15431 ], [ -83.772941, 35.155858 ], [ -83.767907, 35.157019 ], [ -83.765891, 35.155536 ], [ -83.764793, 35.155467 ], [ -83.760925, 35.156749 ], [ -83.759293, 35.15657 ], [ -83.757044, 35.157404 ], [ -83.756132, 35.157222 ], [ -83.754591, 35.15928 ], [ -83.752743, 35.160836 ], [ -83.749772, 35.161177 ], [ -83.748393, 35.160397 ], [ -83.745961, 35.160802 ], [ -83.742458, 35.159371 ], [ -83.740814, 35.158175 ], [ -83.739678, 35.156095 ], [ -83.738129, 35.15595 ], [ -83.735941, 35.154553 ], [ -83.733997, 35.151675 ], [ -83.732371, 35.1508 ], [ -83.730935, 35.14847 ], [ -83.728963, 35.147348 ], [ -83.727133, 35.145594 ], [ -83.726359, 35.145485 ], [ -83.721482, 35.149858 ], [ -83.721274, 35.150715 ], [ -83.718279, 35.15273 ], [ -83.716915, 35.154189 ], [ -83.714149, 35.155313 ], [ -83.709657, 35.154431 ], [ -83.707469, 35.153103 ], [ -83.703901, 35.153471 ], [ -83.699199, 35.15263 ], [ -83.69914, 35.153504 ], [ -83.695001, 35.155505 ], [ -83.693406, 35.155998 ], [ -83.69106, 35.154817 ], [ -83.68712, 35.154111 ], [ -83.685875, 35.157048 ], [ -83.684356, 35.157766 ], [ -83.683574, 35.15693 ], [ -83.680503, 35.156988 ], [ -83.679319, 35.156354 ], [ -83.677, 35.156141 ], [ -83.673449, 35.157057 ], [ -83.670874, 35.155372 ], [ -83.668974, 35.153523 ], [ -83.668697, 35.151754 ], [ -83.667803, 35.150472 ], [ -83.665917, 35.150066 ], [ -83.663244, 35.152023 ], [ -83.661496, 35.152684 ], [ -83.659415, 35.154489 ], [ -83.659321, 35.156373 ], [ -83.659953, 35.15766 ], [ -83.659403, 35.16002 ], [ -83.655188, 35.158322 ], [ -83.652486, 35.154386 ], [ -83.648455, 35.152896 ], [ -83.64771, 35.151963 ], [ -83.647874, 35.150213 ], [ -83.64916, 35.147814 ], [ -83.648583, 35.147076 ], [ -83.645148, 35.14528 ], [ -83.645402, 35.144361 ], [ -83.647423, 35.143193 ], [ -83.648549, 35.140644 ], [ -83.649566, 35.140357 ], [ -83.653292, 35.140658 ], [ -83.657073, 35.140139 ], [ -83.657092, 35.138981 ], [ -83.655011, 35.137518 ], [ -83.654454, 35.135556 ], [ -83.651855, 35.135547 ], [ -83.649146, 35.134697 ], [ -83.647201, 35.136038 ], [ -83.643702, 35.136999 ], [ -83.64132, 35.139203 ], [ -83.639871, 35.138493 ], [ -83.638715, 35.136121 ], [ -83.637022, 35.134608 ], [ -83.637717, 35.132841 ], [ -83.639342, 35.132375 ], [ -83.642743, 35.132953 ], [ -83.64375, 35.132005 ], [ -83.640177, 35.1306 ], [ -83.637245, 35.126092 ], [ -83.637207, 35.123474 ], [ -83.634745, 35.12118 ], [ -83.633814, 35.121567 ], [ -83.633375, 35.124047 ], [ -83.632386, 35.125087 ], [ -83.629931, 35.125583 ], [ -83.626985, 35.124591 ], [ -83.624793, 35.125416 ], [ -83.624787, 35.126815 ], [ -83.627005, 35.129729 ], [ -83.626548, 35.131383 ], [ -83.625152, 35.130694 ], [ -83.623253, 35.12866 ], [ -83.618928, 35.12825 ], [ -83.62006, 35.126277 ], [ -83.618891, 35.119408 ], [ -83.617277, 35.11936 ], [ -83.616856, 35.115376 ], [ -83.614648, 35.113422 ], [ -83.61626, 35.111811 ], [ -83.617155, 35.109676 ], [ -83.618487, 35.108658 ], [ -83.618299, 35.106798 ], [ -83.617321, 35.105594 ], [ -83.612623, 35.102752 ], [ -83.608587, 35.101574 ], [ -83.605616, 35.101866 ], [ -83.600265, 35.099489 ], [ -83.596013, 35.094382 ], [ -83.593057, 35.094221 ], [ -83.591408, 35.092588 ], [ -83.587521, 35.092332 ], [ -83.586358, 35.091339 ], [ -83.583375, 35.086718 ], [ -83.584213, 35.085561 ], [ -83.58512, 35.081903 ], [ -83.583367, 35.080354 ], [ -83.581847, 35.078075 ], [ -83.580493, 35.077111 ], [ -83.578729, 35.077126 ], [ -83.57787, 35.075087 ], [ -83.57531, 35.071651 ], [ -83.570925, 35.07151 ], [ -83.567308, 35.07109 ], [ -83.566949, 35.069759 ], [ -83.568195, 35.067573 ], [ -83.567018, 35.06555 ], [ -83.563678, 35.062613 ], [ -83.562232, 35.059424 ], [ -83.563978, 35.058219 ], [ -83.564127, 35.056764 ], [ -83.566142, 35.054217 ], [ -83.566717, 35.051281 ], [ -83.56466, 35.049839 ], [ -83.562876, 35.047846 ], [ -83.562236, 35.046151 ], [ -83.561055, 35.045072 ], [ -83.559977, 35.041588 ], [ -83.558573, 35.03952 ], [ -83.557359, 35.038636 ], [ -83.552816, 35.039478 ], [ -83.543474, 35.038746 ], [ -83.541193, 35.037045 ], [ -83.537859, 35.035332 ], [ -83.53626, 35.032109 ], [ -83.534155, 35.029749 ], [ -83.532088, 35.028051 ], [ -83.530775, 35.025912 ], [ -83.5292, 35.025086 ], [ -83.526347, 35.022068 ], [ -83.524907, 35.021238 ], [ -83.521173, 35.018044 ], [ -83.521827, 35.013427 ], [ -83.52279, 35.012109 ], [ -83.524384, 35.011488 ], [ -83.52708, 35.009214 ], [ -83.524408, 35.007471 ], [ -83.522005, 35.003619 ], [ -83.521837, 35.002861 ], [ -83.522549, 34.999111 ], [ -83.520457, 34.996576 ], [ -83.519049, 34.996604 ], [ -83.517005, 34.999183 ], [ -83.51685, 35.001375 ], [ -83.51457, 35.003067 ], [ -83.514082, 35.004144 ], [ -83.511203, 35.005058 ], [ -83.509387, 35.004926 ], [ -83.507308, 35.001908 ], [ -83.504599, 35.000659 ], [ -83.503247, 35.001119 ], [ -83.501667, 35.00077 ], [ -83.50007, 35.001609 ], [ -83.49873, 35.000419 ], [ -83.496984, 35.000221 ], [ -83.49328, 34.998889 ], [ -83.490483, 34.998583 ], [ -83.486818, 34.998667 ], [ -83.485188, 34.996888 ], [ -83.482952428347602, 34.993483388090397 ], [ -83.549381, 34.992492 ], [ -83.557577263808398, 34.992445580281 ], [ -83.620185, 34.992091 ], [ -83.619987750572903, 34.986667627002198 ], [ -83.619985, 34.986592 ], [ -83.718538788891195, 34.987425748606597 ], [ -83.749893, 34.987691 ], [ -83.790863196468806, 34.987488177245197 ], [ -83.790893490233998, 34.9874880272761 ], [ -83.800139648312097, 34.987442254216297 ], [ -83.831097, 34.987289 ], [ -83.858319093246294, 34.987339550268302 ], [ -83.892041563296601, 34.987402171459699 ], [ -83.892400593042296, 34.987402838162701 ], [ -83.9224214646691, 34.987458585643402 ], [ -83.936427258766003, 34.987484593806798 ], [ -83.936646, 34.987485 ], [ -83.963270085517394, 34.987467713877699 ], [ -84.005259348445094, 34.987440451663097 ], [ -84.005821, 34.989088 ] ] ] } },
{ "type": "Feature", "properties": { "STATEFP": "37", "COUNTYFP": "029", "COUNTYNS": "01026335", "GEOIDFQ": "0500000US37029", "GEOID": 37029, "NAME": "Camden", "NAMELSAD": "Camden County", "STUSPS": "NC", "STATE_NAME": "North Carolina", "LSAD": "06", "ALAND": 622438924, "AWATER": 181122666, "state": "NC", "county": "Camden", "fips": 37029, "adult_pop": "8,653", "observed_distress": 16.1, "loneliness_rate": 30.7, "access_to_exercise": 31.51134718, "social_associations_per_10k": 10.014566642, "air_pollution": 6.6, "uninsured": 15.09603842, "unemployment_rate": 3.94328755, "providers_per_100k": 36.9174, "log_median_hh_income": 11.279251664682835, "rucc_category": "metro" }, "geometry": { "type": "Polygon", "coordinates": [ [ [ -76.491482764956999, 36.550731797513599 ], [ -76.465268, 36.550951 ], [ -76.376692738589597, 36.550717988454302 ], [ -76.313302917841099, 36.5505512312821 ], [ -76.313303, 36.55052 ], [ -76.250507, 36.500283 ], [ -76.187919, 36.449308 ], [ -76.164866, 36.430504 ], [ -76.158532, 36.425333 ], [ -76.157472, 36.398178 ], [ -76.148037, 36.394618 ], [ -76.147626, 36.394463 ], [ -76.12181, 36.371088 ], [ -76.117731, 36.363431 ], [ -76.115589, 36.359266 ], [ -76.114361, 36.357583 ], [ -76.112034, 36.357051 ], [ -76.111088, 36.356142 ], [ -76.108637, 36.355781 ], [ -76.108494, 36.355102 ], [ -76.105605, 36.354331 ], [ -76.103666, 36.354515 ], [ -76.101206, 36.353474 ], [ -76.09914, 36.353822 ], [ -76.099161, 36.352751 ], [ -76.097681, 36.353488 ], [ -76.096755, 36.35194 ], [ -76.093141, 36.351616 ], [ -76.093033, 36.350763 ], [ -76.090549, 36.352124 ], [ -76.086329, 36.349704 ], [ -76.085473, 36.350529 ], [ -76.086143, 36.351615 ], [ -76.084983, 36.352153 ], [ -76.083425, 36.349493 ], [ -76.082698, 36.350458 ], [ -76.081065, 36.348081 ], [ -76.080232, 36.348884 ], [ -76.079089, 36.348347 ], [ -76.079553, 36.347356 ], [ -76.078284, 36.347064 ], [ -76.076846, 36.34838 ], [ -76.074797, 36.348557 ], [ -76.075895, 36.346677 ], [ -76.074133, 36.346139 ], [ -76.073012, 36.346691 ], [ -76.07304, 36.349469 ], [ -76.071876, 36.349971 ], [ -76.069804, 36.349389 ], [ -76.068355, 36.349565 ], [ -76.069292, 36.348457 ], [ -76.068736, 36.347829 ], [ -76.066612, 36.348035 ], [ -76.064227, 36.347308 ], [ -76.06282, 36.349175 ], [ -76.064475, 36.350318 ], [ -76.063958, 36.352033 ], [ -76.060652, 36.351503 ], [ -76.05901, 36.352171 ], [ -76.058379, 36.354361 ], [ -76.055696, 36.355225 ], [ -76.055321, 36.355868 ], [ -76.055997, 36.35819 ], [ -76.054416, 36.359797 ], [ -76.052798, 36.3603 ], [ -76.051492, 36.360158 ], [ -76.050112, 36.359096 ], [ -76.050318, 36.357347 ], [ -76.049261, 36.356448 ], [ -76.047605, 36.356895 ], [ -76.047116, 36.357839 ], [ -76.04543, 36.358157 ], [ -76.041775, 36.355386 ], [ -76.038636, 36.355678 ], [ -76.036413, 36.355174 ], [ -76.034468, 36.353592 ], [ -76.032663, 36.350839 ], [ -76.028796, 36.34913 ], [ -76.028173, 36.345624 ], [ -76.028683, 36.34408 ], [ -76.030131, 36.343054 ], [ -76.032773, 36.342241 ], [ -76.033398, 36.34051 ], [ -76.031674, 36.338597 ], [ -76.030798, 36.338501 ], [ -76.027351, 36.339648 ], [ -76.024908, 36.341008 ], [ -76.02451, 36.34359 ], [ -76.023282, 36.344997 ], [ -76.020616, 36.345832 ], [ -76.019189, 36.345818 ], [ -76.01698, 36.34463 ], [ -76.016873, 36.338598 ], [ -76.017139, 36.337758 ], [ -76.020414, 36.334159 ], [ -76.020496, 36.332942 ], [ -76.018239, 36.330826 ], [ -76.017226, 36.327949 ], [ -76.01639, 36.327256 ], [ -76.013558, 36.326799 ], [ -76.009965, 36.328517 ], [ -76.007914, 36.328648 ], [ -76.001737, 36.323469 ], [ -76.001297, 36.321182 ], [ -76.001877, 36.317249 ], [ -76.001872, 36.315127 ], [ -76.001012, 36.312764 ], [ -75.999651, 36.311174 ], [ -75.995404, 36.309056 ], [ -75.990608, 36.308287 ], [ -75.982522, 36.308763 ], [ -75.978318, 36.310056 ], [ -75.975849, 36.310345 ], [ -75.972873, 36.309652 ], [ -75.971076, 36.308359 ], [ -75.969625, 36.306312 ], [ -75.969414, 36.304411 ], [ -75.969839, 36.298052 ], [ -75.969661, 36.295381 ], [ -75.967846, 36.291112 ], [ -75.966631, 36.289557 ], [ -75.964851, 36.288443 ], [ -75.962068, 36.287531 ], [ -75.960439, 36.287635 ], [ -75.956407, 36.289405 ], [ -75.955098, 36.289323 ], [ -75.951574, 36.287856 ], [ -75.948426, 36.285268 ], [ -75.948566, 36.283296 ], [ -75.950358, 36.280839 ], [ -75.95027, 36.278328 ], [ -75.949014, 36.275839 ], [ -75.948885, 36.274377 ], [ -75.949549, 36.273218 ], [ -75.951666, 36.271491 ], [ -75.959884, 36.268858 ], [ -75.962505270859793, 36.266818079293301 ], [ -75.965252, 36.266843 ], [ -75.96891, 36.264221 ], [ -75.967077, 36.254995 ], [ -75.960659, 36.251012 ], [ -75.95723, 36.245722 ], [ -75.950968, 36.235463 ], [ -75.947873, 36.224387 ], [ -75.949837, 36.215404 ], [ -75.955474, 36.204947 ], [ -75.958603, 36.202403 ], [ -75.959952, 36.198875 ], [ -75.94408, 36.187367 ], [ -75.941943, 36.184628 ], [ -75.942572, 36.181434 ], [ -75.936431, 36.177559 ], [ -75.917189, 36.172631 ], [ -75.912563, 36.167818 ], [ -75.91338, 36.16544 ], [ -75.924635, 36.16455 ], [ -75.934642, 36.165904 ], [ -75.961652, 36.171973 ], [ -76.000714, 36.180128 ], [ -76.016985, 36.186367 ], [ -76.018937, 36.188318 ], [ -76.02439, 36.195688 ], [ -76.026157, 36.202005 ], [ -76.042319, 36.211019 ], [ -76.044168, 36.219746 ], [ -76.046598, 36.220799 ], [ -76.050014, 36.231074 ], [ -76.05396, 36.234825 ], [ -76.056440547924097, 36.234762213006199 ], [ -76.059333, 36.234689 ], [ -76.064842, 36.23713 ], [ -76.079581, 36.23824 ], [ -76.084151, 36.248214 ], [ -76.097684, 36.255688 ], [ -76.101578, 36.2592 ], [ -76.105679, 36.27244 ], [ -76.112404, 36.275558 ], [ -76.126548, 36.285525 ], [ -76.128229, 36.289192 ], [ -76.131018, 36.290991 ], [ -76.132496044975795, 36.290645947239597 ], [ -76.1345182248957, 36.290173865012903 ], [ -76.134946, 36.290074 ], [ -76.135975, 36.288844 ], [ -76.154424, 36.289422 ], [ -76.164382, 36.292295 ], [ -76.165231, 36.297123 ], [ -76.172831, 36.302388 ], [ -76.185402, 36.301099 ], [ -76.195471, 36.296496 ], [ -76.201797, 36.299637 ], [ -76.202304723485597, 36.299675000094602 ], [ -76.206935963916806, 36.300021621 ], [ -76.212468782271003, 36.300435719671 ], [ -76.214784, 36.300609 ], [ -76.215812006426205, 36.300225466813899 ], [ -76.21612, 36.301051 ], [ -76.217054, 36.301201 ], [ -76.213793, 36.304046 ], [ -76.212525, 36.304524 ], [ -76.208976, 36.305007 ], [ -76.204839, 36.304399 ], [ -76.202061, 36.304709 ], [ -76.200654, 36.306051 ], [ -76.200555, 36.307112 ], [ -76.201163, 36.313001 ], [ -76.200948, 36.315477 ], [ -76.199222, 36.317533 ], [ -76.19745, 36.317695 ], [ -76.192735, 36.314378 ], [ -76.1876, 36.314564 ], [ -76.185193, 36.315446 ], [ -76.182327, 36.317811 ], [ -76.181198, 36.321039 ], [ -76.181749, 36.32271 ], [ -76.185044, 36.325064 ], [ -76.189714, 36.327425 ], [ -76.192207, 36.32814 ], [ -76.197456, 36.327824 ], [ -76.204315, 36.328417 ], [ -76.208986, 36.327207 ], [ -76.213635, 36.326859 ], [ -76.215978, 36.327675 ], [ -76.217527, 36.329806 ], [ -76.218083, 36.333617 ], [ -76.217497, 36.336085 ], [ -76.214874, 36.33957 ], [ -76.214178, 36.341599 ], [ -76.218009, 36.344775 ], [ -76.21924, 36.34536 ], [ -76.225115, 36.34643 ], [ -76.22704, 36.34774 ], [ -76.227801, 36.350016 ], [ -76.225774, 36.354141 ], [ -76.227601, 36.357641 ], [ -76.230547, 36.360581 ], [ -76.231523, 36.362728 ], [ -76.231063, 36.365957 ], [ -76.230851, 36.3709 ], [ -76.231329, 36.37208 ], [ -76.233223, 36.372746 ], [ -76.235424, 36.372694 ], [ -76.238244, 36.371588 ], [ -76.239571, 36.37046 ], [ -76.241257, 36.367815 ], [ -76.243953, 36.365714 ], [ -76.248309, 36.365138 ], [ -76.250653, 36.363678 ], [ -76.252168, 36.363457 ], [ -76.25361, 36.363539 ], [ -76.254704, 36.362827 ], [ -76.256744, 36.363344 ], [ -76.260101, 36.366496 ], [ -76.259496, 36.368474 ], [ -76.257303, 36.369993 ], [ -76.257618, 36.370878 ], [ -76.256477, 36.373675 ], [ -76.258997, 36.376498 ], [ -76.257921, 36.377924 ], [ -76.257997, 36.379631 ], [ -76.257108, 36.38217 ], [ -76.258891, 36.384274 ], [ -76.262375, 36.385225 ], [ -76.265193, 36.385735 ], [ -76.267968, 36.38722 ], [ -76.27174, 36.388041 ], [ -76.274126, 36.388227 ], [ -76.27876, 36.386353 ], [ -76.27987, 36.386415 ], [ -76.281832, 36.388228 ], [ -76.285256, 36.388827 ], [ -76.285988, 36.387959 ], [ -76.286627, 36.38537 ], [ -76.288101, 36.384886 ], [ -76.290366, 36.386647 ], [ -76.291542, 36.386629 ], [ -76.293597, 36.389048 ], [ -76.29604, 36.391086 ], [ -76.296829, 36.392401 ], [ -76.299755, 36.394672 ], [ -76.300474, 36.395401 ], [ -76.30091, 36.398699 ], [ -76.302236, 36.400874 ], [ -76.303958, 36.400351 ], [ -76.308913, 36.401286 ], [ -76.310541, 36.401926 ], [ -76.310455, 36.404358 ], [ -76.309845, 36.404875 ], [ -76.311665, 36.407695 ], [ -76.313565, 36.407847 ], [ -76.314813, 36.410993 ], [ -76.31652, 36.411613 ], [ -76.320571, 36.414658 ], [ -76.323099, 36.417316 ], [ -76.323056, 36.420228 ], [ -76.32001, 36.423125 ], [ -76.320574, 36.426301 ], [ -76.320884, 36.426433 ], [ -76.322596, 36.427606 ], [ -76.324999, 36.425675 ], [ -76.330685, 36.423874 ], [ -76.333523, 36.425447 ], [ -76.336979, 36.424328 ], [ -76.339413, 36.424343 ], [ -76.341287, 36.42184 ], [ -76.342297, 36.421705 ], [ -76.342604, 36.42163 ], [ -76.345569, 36.421402 ], [ -76.347823, 36.422454 ], [ -76.34848, 36.423867 ], [ -76.347321, 36.425222 ], [ -76.347078, 36.427466 ], [ -76.34761, 36.428178 ], [ -76.349106, 36.428579 ], [ -76.352204, 36.427953 ], [ -76.353241, 36.427068 ], [ -76.35579, 36.427337 ], [ -76.356912, 36.426631 ], [ -76.363242, 36.42906 ], [ -76.36756, 36.431387 ], [ -76.367521, 36.433826 ], [ -76.369329, 36.435372 ], [ -76.367354, 36.439353 ], [ -76.368004, 36.440104 ], [ -76.369428, 36.440326 ], [ -76.37192, 36.439436 ], [ -76.372641, 36.44032 ], [ -76.371167, 36.441287 ], [ -76.371869, 36.44204 ], [ -76.373182, 36.441557 ], [ -76.376204, 36.442565 ], [ -76.376805, 36.44594 ], [ -76.379569, 36.446032 ], [ -76.382473, 36.447477 ], [ -76.386817, 36.446892 ], [ -76.388085, 36.448632 ], [ -76.391989, 36.452839 ], [ -76.394749, 36.454549 ], [ -76.396817, 36.454477 ], [ -76.398665, 36.455503 ], [ -76.3996, 36.454815 ], [ -76.404611, 36.45498 ], [ -76.406139, 36.453966 ], [ -76.407893, 36.45474 ], [ -76.407823, 36.455785 ], [ -76.410655, 36.456332 ], [ -76.41164, 36.458174 ], [ -76.414754, 36.460488 ], [ -76.417377, 36.460482 ], [ -76.421131, 36.461868 ], [ -76.42156, 36.463425 ], [ -76.42271, 36.464386 ], [ -76.425766, 36.465526 ], [ -76.426851, 36.465534 ], [ -76.430885, 36.466902 ], [ -76.433024, 36.467315 ], [ -76.434281, 36.466965 ], [ -76.437286, 36.467846 ], [ -76.491336, 36.510677 ], [ -76.541536467652193, 36.5503132587206 ], [ -76.491482764956999, 36.550731797513599 ] ] ] } },
{ "type": "Feature", "properties": { "STATEFP": "37", "COUNTYFP": "103", "COUNTYNS": "01026338", "GEOIDFQ": "0500000US37103", "GEOID": 37103, "NAME": "Jones", "NAMELSAD": "Jones County", "STUSPS": "NC", "STATE_NAME": "North Carolina", "LSAD": "06", "ALAND": 1220836956, "AWATER": 6031825, "state": "NC", "county": "Jones", "fips": 37103, "adult_pop": "7,647", "observed_distress": 17.6, "loneliness_rate": 32.5, "access_to_exercise": 48.40819887, "social_associations_per_10k": 7.5675675676000003, "air_pollution": 6.4, "uninsured": 19.80444785, "unemployment_rate": 4.23586041, "providers_per_100k": 54.02485, "log_median_hh_income": 10.770924118192765, "rucc_category": "rural" }, "geometry": { "type": "Polygon", "coordinates": [ [ [ -77.731026, 35.008138 ], [ -77.678797, 35.033619 ], [ -77.601282, 35.071368 ], [ -77.598044, 35.074875 ], [ -77.597821, 35.075115 ], [ -77.573513, 35.101412 ], [ -77.55359, 35.122999 ], [ -77.534681, 35.143434 ], [ -77.529952, 35.148554 ], [ -77.507463, 35.172814 ], [ -77.527182, 35.243001 ], [ -77.473692, 35.228985 ], [ -77.452337, 35.218993 ], [ -77.4471, 35.216112 ], [ -77.429647, 35.206309 ], [ -77.338886, 35.155254 ], [ -77.329244, 35.149829 ], [ -77.281162, 35.126513 ], [ -77.253645, 35.113154 ], [ -77.209028, 35.09147 ], [ -77.187679, 35.081086 ], [ -77.191025, 35.076544 ], [ -77.190741, 35.0729 ], [ -77.189134, 35.070543 ], [ -77.189422, 35.06667 ], [ -77.188744, 35.066038 ], [ -77.187506, 35.064459 ], [ -77.186375, 35.064532 ], [ -77.185423, 35.063168 ], [ -77.182384, 35.062615 ], [ -77.181431, 35.060717 ], [ -77.179259, 35.058345 ], [ -77.176806, 35.057989 ], [ -77.173874, 35.05912 ], [ -77.175042, 35.058073 ], [ -77.1804, 35.055342 ], [ -77.179456, 35.055158 ], [ -77.173852, 35.058159 ], [ -77.172317, 35.060531 ], [ -77.169547, 35.05997 ], [ -77.168445, 35.060562 ], [ -77.167767, 35.062848 ], [ -77.166724, 35.063132 ], [ -77.164511, 35.065485 ], [ -77.162886, 35.063755 ], [ -77.158485, 35.062031 ], [ -77.155254, 35.062647 ], [ -77.149857, 35.057609 ], [ -77.150919, 35.057093 ], [ -77.151939, 35.054826 ], [ -77.150654, 35.055314 ], [ -77.148345, 35.054675 ], [ -77.149903, 35.055745 ], [ -77.149594, 35.056572 ], [ -77.147468, 35.056345 ], [ -77.14636, 35.057265 ], [ -77.145191, 35.060066 ], [ -77.141663, 35.061981 ], [ -77.139205, 35.061133 ], [ -77.135354, 35.06411 ], [ -77.132644, 35.066955 ], [ -77.130959, 35.071177 ], [ -77.130521, 35.072304 ], [ -77.128085, 35.07251 ], [ -77.123644, 35.072595 ], [ -77.122787, 35.072951 ], [ -77.118139, 35.071639 ], [ -77.118226, 35.073136 ], [ -77.116065, 35.074107 ], [ -77.115555, 35.073208 ], [ -77.113574, 35.07257 ], [ -77.112892, 35.070895 ], [ -77.109618, 35.068537 ], [ -77.109089, 35.066833 ], [ -77.110357, 35.065154 ], [ -77.109213, 35.064169 ], [ -77.108573, 35.060533 ], [ -77.108929, 35.057255 ], [ -77.107869, 35.054254 ], [ -77.110237, 35.046694 ], [ -77.110185, 35.045512 ], [ -77.10839, 35.044104 ], [ -77.1072, 35.039513 ], [ -77.107871, 35.038119 ], [ -77.106708, 35.036545 ], [ -77.106465, 35.034295 ], [ -77.103359, 35.031153 ], [ -77.098889, 35.027152 ], [ -77.099586, 35.025614 ], [ -77.101727, 35.024201 ], [ -77.102356, 35.023359 ], [ -77.10211, 35.021891 ], [ -77.102756, 35.020388 ], [ -77.103101, 35.01707 ], [ -77.104849, 34.942057 ], [ -77.105202, 34.933211 ], [ -77.106894, 34.893249 ], [ -77.107171, 34.887211 ], [ -77.108851, 34.83078 ], [ -77.047249, 34.836416 ], [ -77.049341, 34.834794 ], [ -77.049812, 34.833524 ], [ -77.067007, 34.821011 ], [ -77.069111, 34.819716 ], [ -77.073102, 34.817677 ], [ -77.074182, 34.816868 ], [ -77.075507, 34.814323 ], [ -77.07696, 34.813942 ], [ -77.078263, 34.811322 ], [ -77.079829, 34.810041 ], [ -77.084952, 34.811148 ], [ -77.08805, 34.809241 ], [ -77.089715, 34.809037 ], [ -77.089349, 34.807944 ], [ -77.090282, 34.806069 ], [ -77.08966, 34.804652 ], [ -77.090393, 34.803981 ], [ -77.089977, 34.800103 ], [ -77.090731, 34.799316 ], [ -77.092409, 34.798981 ], [ -77.09615, 34.799243 ], [ -77.098785, 34.801023 ], [ -77.101563, 34.800715 ], [ -77.103668, 34.802411 ], [ -77.107382, 34.803106 ], [ -77.11027, 34.801025 ], [ -77.111163, 34.798208 ], [ -77.112698, 34.796468 ], [ -77.115651, 34.797113 ], [ -77.116163, 34.793965 ], [ -77.120033, 34.794501 ], [ -77.120665, 34.79337 ], [ -77.123754, 34.792738 ], [ -77.125107, 34.79314 ], [ -77.125699, 34.796206 ], [ -77.128126, 34.795898 ], [ -77.12924, 34.797421 ], [ -77.131679, 34.798138 ], [ -77.13288, 34.79699 ], [ -77.13489, 34.797062 ], [ -77.135714, 34.797993 ], [ -77.137479, 34.797127 ], [ -77.137614, 34.797857 ], [ -77.139731, 34.796986 ], [ -77.14223, 34.797004 ], [ -77.143456, 34.793857 ], [ -77.145464, 34.794053 ], [ -77.147047, 34.793415 ], [ -77.1487, 34.793889 ], [ -77.149815, 34.792702 ], [ -77.152557, 34.793309 ], [ -77.153303, 34.792571 ], [ -77.15657, 34.793207 ], [ -77.156803, 34.794187 ], [ -77.158264, 34.793513 ], [ -77.159156, 34.794244 ], [ -77.161733, 34.794845 ], [ -77.161502, 34.793435 ], [ -77.164699, 34.790316 ], [ -77.16642, 34.791435 ], [ -77.167769, 34.791 ], [ -77.165714, 34.788146 ], [ -77.162731, 34.787678 ], [ -77.162101, 34.786702 ], [ -77.162995, 34.785526 ], [ -77.165986, 34.785032 ], [ -77.167312, 34.785186 ], [ -77.168005, 34.784185 ], [ -77.168928, 34.781173 ], [ -77.17069, 34.780337 ], [ -77.172743, 34.780612 ], [ -77.17309, 34.782362 ], [ -77.170694, 34.783956 ], [ -77.17097, 34.785512 ], [ -77.174044, 34.785742 ], [ -77.175152, 34.786744 ], [ -77.175016, 34.787885 ], [ -77.171333, 34.789151 ], [ -77.171134, 34.790721 ], [ -77.175818, 34.791969 ], [ -77.176048, 34.79349 ], [ -77.175131, 34.795534 ], [ -77.176399, 34.797193 ], [ -77.180081, 34.798022 ], [ -77.182482, 34.799657 ], [ -77.185245, 34.800614 ], [ -77.188015, 34.802199 ], [ -77.190841, 34.802669 ], [ -77.189121, 34.806166 ], [ -77.191858, 34.806356 ], [ -77.193104, 34.806871 ], [ -77.195813, 34.809354 ], [ -77.196257, 34.810991 ], [ -77.194322, 34.811791 ], [ -77.193132, 34.814258 ], [ -77.194762, 34.815085 ], [ -77.19595, 34.81703 ], [ -77.195053, 34.818168 ], [ -77.192892, 34.817219 ], [ -77.189343, 34.817846 ], [ -77.186202, 34.819883 ], [ -77.186325, 34.821019 ], [ -77.184682, 34.821957 ], [ -77.185941, 34.823139 ], [ -77.183939, 34.826616 ], [ -77.18201, 34.827101 ], [ -77.18168, 34.828378 ], [ -77.18041, 34.828464 ], [ -77.1794, 34.829931 ], [ -77.180079, 34.833386 ], [ -77.181253, 34.836211 ], [ -77.182309, 34.837204 ], [ -77.185162, 34.836296 ], [ -77.185024, 34.8355 ], [ -77.187679, 34.834303 ], [ -77.188683, 34.833341 ], [ -77.191707, 34.833796 ], [ -77.191054, 34.832234 ], [ -77.193296, 34.831945 ], [ -77.194092, 34.832768 ], [ -77.195342, 34.832604 ], [ -77.195945, 34.834017 ], [ -77.197442, 34.832628 ], [ -77.198434, 34.833557 ], [ -77.200266, 34.833284 ], [ -77.201964, 34.834778 ], [ -77.201384, 34.836374 ], [ -77.203244, 34.83689 ], [ -77.201533, 34.838051 ], [ -77.202071, 34.839035 ], [ -77.200626, 34.841072 ], [ -77.200936, 34.842156 ], [ -77.203139, 34.8424 ], [ -77.202385, 34.843681 ], [ -77.202772, 34.845386 ], [ -77.204922, 34.845915 ], [ -77.204994, 34.84793 ], [ -77.207817, 34.85058 ], [ -77.210302, 34.851523 ], [ -77.211357, 34.852838 ], [ -77.211262, 34.85547 ], [ -77.210346, 34.856015 ], [ -77.209964, 34.858747 ], [ -77.211717, 34.859332 ], [ -77.21378, 34.861673 ], [ -77.212848, 34.86247 ], [ -77.216702, 34.865876 ], [ -77.216591, 34.867095 ], [ -77.218311, 34.868219 ], [ -77.219577, 34.870279 ], [ -77.219466, 34.871498 ], [ -77.216276, 34.872794 ], [ -77.2162, 34.874345 ], [ -77.217096, 34.87591 ], [ -77.219588, 34.877684 ], [ -77.219498, 34.878638 ], [ -77.221153, 34.880358 ], [ -77.222849, 34.883439 ], [ -77.221326, 34.883553 ], [ -77.22083, 34.884589 ], [ -77.222444, 34.887127 ], [ -77.225299, 34.887329 ], [ -77.228892, 34.885759 ], [ -77.231444, 34.885226 ], [ -77.233177, 34.885779 ], [ -77.234165, 34.886331 ], [ -77.233438, 34.889303 ], [ -77.232409, 34.890986 ], [ -77.231969, 34.893189 ], [ -77.23334, 34.893876 ], [ -77.23392, 34.891789 ], [ -77.2353, 34.891938 ], [ -77.236324, 34.893434 ], [ -77.238752, 34.893785 ], [ -77.23702, 34.898412 ], [ -77.237353, 34.899949 ], [ -77.237357, 34.899962 ], [ -77.23742, 34.900005 ], [ -77.237437, 34.900018 ], [ -77.237527, 34.900079 ], [ -77.237615, 34.900009 ], [ -77.23761, 34.899953 ], [ -77.239962, 34.898938 ], [ -77.244858, 34.900178 ], [ -77.246076, 34.899634 ], [ -77.246332, 34.900353 ], [ -77.248333, 34.900101 ], [ -77.248733, 34.901037 ], [ -77.250622, 34.901666 ], [ -77.250509, 34.903323 ], [ -77.251474, 34.902663 ], [ -77.252099, 34.904477 ], [ -77.251102, 34.905663 ], [ -77.251477, 34.908242 ], [ -77.249999, 34.909095 ], [ -77.253215, 34.91071 ], [ -77.257181, 34.909874 ], [ -77.258139, 34.908521 ], [ -77.260151, 34.909625 ], [ -77.260731, 34.911439 ], [ -77.259269, 34.913624 ], [ -77.262148, 34.918656 ], [ -77.264429, 34.918971 ], [ -77.26512, 34.919852 ], [ -77.264247, 34.92125 ], [ -77.265462, 34.921713 ], [ -77.265527, 34.92302 ], [ -77.267242, 34.923318 ], [ -77.267647, 34.92579 ], [ -77.270685, 34.926587 ], [ -77.277007, 34.926557 ], [ -77.278954, 34.928062 ], [ -77.281602, 34.927564 ], [ -77.28387, 34.928037 ], [ -77.284764, 34.929075 ], [ -77.284697, 34.930943 ], [ -77.286772, 34.93023 ], [ -77.289538, 34.931669 ], [ -77.29321, 34.930192 ], [ -77.294638, 34.930467 ], [ -77.296105, 34.932555 ], [ -77.297888, 34.933863 ], [ -77.30341, 34.934638 ], [ -77.304304, 34.934275 ], [ -77.307466, 34.937237 ], [ -77.309381, 34.937517 ], [ -77.311556, 34.93644 ], [ -77.311009, 34.935275 ], [ -77.313444, 34.932644 ], [ -77.317253, 34.932386 ], [ -77.319201, 34.934902 ], [ -77.323109, 34.935003 ], [ -77.325507, 34.937154 ], [ -77.326881, 34.937171 ], [ -77.32816, 34.938464 ], [ -77.331554, 34.93915 ], [ -77.334625, 34.938244 ], [ -77.335608, 34.936708 ], [ -77.3388, 34.935895 ], [ -77.339643, 34.934508 ], [ -77.341738, 34.934477 ], [ -77.343091, 34.93137 ], [ -77.345366, 34.930471 ], [ -77.34764, 34.930875 ], [ -77.35193, 34.93044 ], [ -77.35441, 34.929103 ], [ -77.356986, 34.929174 ], [ -77.360026, 34.926733 ], [ -77.360352, 34.925904 ], [ -77.363314, 34.92554 ], [ -77.3635, 34.924254 ], [ -77.365167, 34.92355 ], [ -77.365063, 34.919084 ], [ -77.366442, 34.916171 ], [ -77.365861, 34.914309 ], [ -77.366768, 34.90865 ], [ -77.416434, 34.930951 ], [ -77.452144, 34.946963 ], [ -77.502745, 34.969623 ], [ -77.502792, 34.969637 ], [ -77.545734, 34.97477 ], [ -77.567828, 34.977404 ], [ -77.577572, 34.978371 ], [ -77.638967, 34.98446 ], [ -77.674805, 34.9739 ], [ -77.690735, 34.983609 ], [ -77.699468, 34.988925 ], [ -77.72436, 35.00408 ], [ -77.731026, 35.008138 ] ] ] } },
{ "type": "Feature", "properties": { "STATEFP": "37", "COUNTYFP": "095", "COUNTYNS": "01008564", "GEOIDFQ": "0500000US37095", "GEOID": 37095, "NAME": "Hyde", "NAMELSAD": "Hyde County", "STUSPS": "NC", "STATE_NAME": "North Carolina", "LSAD": "06", "ALAND": 1585958032, "AWATER": 2192938302, "state": "NC", "county": "Hyde", "fips": 37095, "adult_pop": "3,922", "observed_distress": 17.2, "loneliness_rate": 32.7, "access_to_exercise": 52.47330573, "social_associations_per_10k": 8.2593433822000009, "air_pollution": 5.7, "uninsured": 20.26633375, "unemployment_rate": 6.508206, "providers_per_100k": 22.18279, "log_median_hh_income": 10.711747540196578, "rucc_category": "rural" }, "geometry": { "type": "MultiPolygon", "coordinates": [ [ [ [ -76.01528, 35.070655 ], [ -76.010764, 35.075907 ], [ -76.007199, 35.077853 ], [ -76.000068, 35.080187 ], [ -75.999046526981104, 35.0813363362263 ], [ -75.997572764620699, 35.082994577255299 ], [ -75.994364, 35.086605 ], [ -75.98866, 35.09419 ], [ -75.9870575472127, 35.096206808702199 ], [ -75.98557, 35.098079 ], [ -75.985896143223002, 35.098968460725203 ], [ -75.986843492693396, 35.101552080704501 ], [ -75.986996, 35.101968 ], [ -75.9877481108647, 35.102583507278503 ], [ -75.989848, 35.104302 ], [ -75.987946, 35.107413 ], [ -75.988422, 35.113829 ], [ -75.988422, 35.116356 ], [ -75.982328052304794, 35.120382146996697 ], [ -75.982242, 35.120439 ], [ -75.980064246005895, 35.120528346103299 ], [ -75.977489, 35.120634 ], [ -75.973448, 35.119078 ], [ -75.973029097951695, 35.118879680119697 ], [ -75.968932, 35.11694 ], [ -75.968841874844799, 35.116964576304603 ], [ -75.964360157842094, 35.118186699494501 ], [ -75.963941, 35.118301 ], [ -75.962246558344305, 35.117434622031602 ], [ -75.958740269617095, 35.115641836016302 ], [ -75.958236, 35.115384 ], [ -75.947303, 35.119273 ], [ -75.935419, 35.12666 ], [ -75.931323297050795, 35.129205511779098 ], [ -75.929477, 35.130353 ], [ -75.925230440079602, 35.131137414773598 ], [ -75.922109, 35.131714 ], [ -75.9196940740662, 35.132842594418101 ], [ -75.912783789857599, 35.136072055030503 ], [ -75.912127, 35.136379 ], [ -75.910695542315906, 35.136964334489299 ], [ -75.910059778420404, 35.137224303427999 ], [ -75.9074391903427, 35.138295882840502 ], [ -75.904440183943507, 35.139522200529399 ], [ -75.902472746646794, 35.140326701366597 ], [ -75.901193, 35.14085 ], [ -75.895026072689404, 35.1435136700402 ], [ -75.893382677307997, 35.144223498909803 ], [ -75.890582415808694, 35.145433010921998 ], [ -75.888596, 35.146291 ], [ -75.888111, 35.1464990435232 ], [ -75.883224797180802, 35.148595008161998 ], [ -75.8789170965713, 35.15044282097 ], [ -75.877584095362394, 35.151014619460703 ], [ -75.876334349413696, 35.151550705131498 ], [ -75.874098, 35.15251 ], [ -75.870264416769302, 35.153319069207903 ], [ -75.868891411673204, 35.153608838877297 ], [ -75.867708490429905, 35.153858491772702 ], [ -75.86673, 35.154065 ], [ -75.8541246285764, 35.158000020330398 ], [ -75.853657, 35.158146 ], [ -75.850444865165599, 35.160681871392001 ], [ -75.846765, 35.163587 ], [ -75.8430184424397, 35.164667875945298 ], [ -75.840865277097507, 35.165289060749501 ], [ -75.838893178826197, 35.165858007989399 ], [ -75.835230806865894, 35.166914596521899 ], [ -75.832724, 35.167637806347798 ], [ -75.830602, 35.16825 ], [ -75.828789202454502, 35.168779266060199 ], [ -75.822092826664104, 35.170734346174498 ], [ -75.821024090235298, 35.171046375457998 ], [ -75.817292, 35.172136 ], [ -75.810210813960396, 35.1755403321079 ], [ -75.809211, 35.176021 ], [ -75.805408, 35.178935 ], [ -75.803508965141802, 35.178676313098698 ], [ -75.7998214194604, 35.178173994901897 ], [ -75.799704, 35.178158 ], [ -75.785681, 35.182626 ], [ -75.780452, 35.188454 ], [ -75.777203, 35.189472 ], [ -75.77361, 35.187281 ], [ -75.775737, 35.184102 ], [ -75.781252, 35.181033 ], [ -75.797565, 35.175438 ], [ -75.818956, 35.167667 ], [ -75.847478, 35.156008 ], [ -75.869107, 35.147458 ], [ -75.89026, 35.138128 ], [ -75.920208, 35.124716 ], [ -75.945877, 35.110913 ], [ -75.965129, 35.099635 ], [ -75.983906, 35.086605 ], [ -75.996503, 35.077463 ], [ -76.00197, 35.07299 ], [ -76.00292, 35.067932 ], [ -76.0091, 35.065987 ], [ -76.011915161703001, 35.067796928128203 ], [ -76.012427, 35.068126 ], [ -76.01528, 35.070655 ] ] ], [ [ [ -76.281512, 35.317335 ], [ -76.282403, 35.319274 ], [ -76.280027, 35.321052 ], [ -76.278046, 35.324446 ], [ -76.277848, 35.32687 ], [ -76.279135, 35.328243 ], [ -76.27963, 35.330506 ], [ -76.277749, 35.330586 ], [ -76.274184, 35.330182 ], [ -76.27349, 35.328001 ], [ -76.270618, 35.326223 ], [ -76.268341, 35.324931 ], [ -76.26735, 35.323072 ], [ -76.266558, 35.320163 ], [ -76.26537, 35.318143 ], [ -76.263785, 35.3158 ], [ -76.262399, 35.31386 ], [ -76.264676, 35.312163 ], [ -76.266756, 35.311517 ], [ -76.26943, 35.309981 ], [ -76.271213, 35.310305 ], [ -76.276659, 35.312244 ], [ -76.28072, 35.31378 ], [ -76.282502, 35.315072 ], [ -76.281512, 35.317335 ] ] ], [ [ [ -76.637513, 35.705215 ], [ -76.559242, 35.705103 ], [ -76.545621, 35.705084 ], [ -76.531496, 35.704447 ], [ -76.405971, 35.697579 ], [ -76.317053, 35.693048 ], [ -76.269247, 35.690754 ], [ -76.297853, 35.609027 ], [ -76.297447, 35.608664 ], [ -76.296006, 35.608691 ], [ -76.292783, 35.60637 ], [ -76.290568, 35.606206 ], [ -76.289165, 35.605289 ], [ -76.287535, 35.605473 ], [ -76.285839, 35.604464 ], [ -76.284117, 35.605694 ], [ -76.28141, 35.606326 ], [ -76.278833, 35.605023 ], [ -76.276834, 35.605176 ], [ -76.272876, 35.607048 ], [ -76.269711, 35.607978 ], [ -76.26627, 35.604624 ], [ -76.265358, 35.603257 ], [ -76.262415, 35.604372 ], [ -76.260631, 35.603639 ], [ -76.259051, 35.604226 ], [ -76.256136, 35.603767 ], [ -76.253008, 35.605184 ], [ -76.253007, 35.606045 ], [ -76.248439, 35.604242 ], [ -76.246671, 35.602523 ], [ -76.242142, 35.602944 ], [ -76.239027, 35.602606 ], [ -76.237282, 35.601553 ], [ -76.236441, 35.601988 ], [ -76.233005, 35.600608 ], [ -76.231679, 35.599951 ], [ -76.229427, 35.599783 ], [ -76.225536, 35.601839 ], [ -76.224005, 35.601001 ], [ -76.224272, 35.599872 ], [ -76.221947, 35.600168 ], [ -76.220452, 35.598929 ], [ -76.218007, 35.598791 ], [ -76.215465, 35.598049 ], [ -76.213704, 35.598408 ], [ -76.212361, 35.599876 ], [ -76.212342, 35.600853 ], [ -76.210097, 35.601613 ], [ -76.207878, 35.604007 ], [ -76.20759, 35.60586 ], [ -76.205836, 35.60705 ], [ -76.205332, 35.608368 ], [ -76.207522, 35.609915 ], [ -76.206421, 35.611263 ], [ -76.205085, 35.610449 ], [ -76.2044, 35.610911 ], [ -76.203193, 35.609652 ], [ -76.202225, 35.609732 ], [ -76.203275, 35.611298 ], [ -76.201433, 35.61246 ], [ -76.201517, 35.615204 ], [ -76.199071, 35.615594 ], [ -76.198155, 35.617041 ], [ -76.200263, 35.617689 ], [ -76.199912, 35.618979 ], [ -76.19909, 35.61843 ], [ -76.198471, 35.61944 ], [ -76.195848, 35.620119 ], [ -76.195779, 35.621695 ], [ -76.197831, 35.622283 ], [ -76.199454, 35.622128 ], [ -76.199218, 35.622973 ], [ -76.196456, 35.623238 ], [ -76.196676, 35.625932 ], [ -76.19586, 35.62706 ], [ -76.196199, 35.628592 ], [ -76.194777, 35.628734 ], [ -76.195426, 35.629846 ], [ -76.194801, 35.630905 ], [ -76.196707, 35.631008 ], [ -76.198754, 35.634029 ], [ -76.196756, 35.633284 ], [ -76.195876, 35.633619 ], [ -76.197537, 35.635546 ], [ -76.19735, 35.636319 ], [ -76.195288, 35.635453 ], [ -76.194346, 35.635711 ], [ -76.194425, 35.637462 ], [ -76.193405, 35.637904 ], [ -76.193922, 35.639525 ], [ -76.193016, 35.640898 ], [ -76.194715, 35.641318 ], [ -76.193334, 35.643227 ], [ -76.193626, 35.644995 ], [ -76.192606, 35.646359 ], [ -76.190078, 35.646216 ], [ -76.188203, 35.64819 ], [ -76.18488, 35.648468 ], [ -76.183537, 35.649385 ], [ -76.18169, 35.652497 ], [ -76.177748, 35.655176 ], [ -76.179916, 35.656163 ], [ -76.180255, 35.657067 ], [ -76.178862, 35.659206 ], [ -76.179082, 35.660283 ], [ -76.180429, 35.661291 ], [ -76.181778, 35.665513 ], [ -76.181116, 35.666917 ], [ -76.179832, 35.666969 ], [ -76.1779, 35.665143 ], [ -76.17551, 35.665095 ], [ -76.176382, 35.667797 ], [ -76.175668, 35.669456 ], [ -76.175905, 35.672069 ], [ -76.175006, 35.67291 ], [ -76.173068, 35.672876 ], [ -76.171635, 35.671889 ], [ -76.169503, 35.672514 ], [ -76.169902, 35.673746 ], [ -76.174305, 35.676857 ], [ -76.175492, 35.678601 ], [ -76.175235, 35.679818 ], [ -76.172773, 35.680936 ], [ -76.171881, 35.681974 ], [ -76.172334, 35.68287 ], [ -76.175509, 35.684439 ], [ -76.176558, 35.686244 ], [ -76.176471, 35.688949 ], [ -76.175861, 35.690698 ], [ -76.174329, 35.691303 ], [ -76.169159, 35.690501 ], [ -76.166874, 35.691426 ], [ -76.167269, 35.692355 ], [ -76.171741, 35.694339 ], [ -76.172964, 35.696066 ], [ -76.171712, 35.697632 ], [ -76.169553, 35.698618 ], [ -76.168217, 35.698901 ], [ -76.164278, 35.695917 ], [ -76.161582, 35.696162 ], [ -76.154624, 35.698368 ], [ -76.150023, 35.699628 ], [ -76.144653, 35.702488 ], [ -76.141555, 35.70277 ], [ -76.139868, 35.702102 ], [ -76.137045, 35.699853 ], [ -76.133507, 35.694267 ], [ -76.131898, 35.692173 ], [ -76.130072, 35.690779 ], [ -76.127511, 35.691013 ], [ -76.123715, 35.69312 ], [ -76.120847, 35.69318 ], [ -76.118268, 35.691908 ], [ -76.11788, 35.690013 ], [ -76.12067, 35.683316 ], [ -76.120211, 35.680593 ], [ -76.117361, 35.678535 ], [ -76.114615, 35.677981 ], [ -76.108187, 35.679132 ], [ -76.105081, 35.678674 ], [ -76.103285, 35.677863 ], [ -76.101952, 35.67647 ], [ -76.099707, 35.671097 ], [ -76.096682, 35.669581 ], [ -76.092627, 35.669764 ], [ -76.090819, 35.670884 ], [ -76.087395, 35.674108 ], [ -76.083883, 35.675048 ], [ -76.080657, 35.674366 ], [ -76.07652, 35.672078 ], [ -76.073393, 35.671817 ], [ -76.069599, 35.672656 ], [ -76.064706, 35.674704 ], [ -76.061095, 35.675222 ], [ -76.058886, 35.674796 ], [ -76.056976, 35.674005 ], [ -76.053633, 35.671828 ], [ -76.04984, 35.668733 ], [ -76.045130030984694, 35.665578984181103 ], [ -76.046362, 35.659067 ], [ -76.047548, 35.652911 ], [ -76.043983, 35.647696 ], [ -76.038041, 35.645765 ], [ -76.032812, 35.646344 ], [ -76.028534, 35.649434 ], [ -76.02378, 35.650207 ], [ -76.018789, 35.653683 ], [ -76.012847, 35.660829 ], [ -76.012999281831995, 35.668866 ], [ -75.901342, 35.668952 ], [ -75.901421, 35.666886 ], [ -75.9003, 35.664021 ], [ -75.898014, 35.660417 ], [ -75.895254, 35.656919 ], [ -75.891258, 35.653518 ], [ -75.890496, 35.652259 ], [ -75.890303, 35.646523 ], [ -75.892191, 35.643757 ], [ -75.889586, 35.642518 ], [ -75.888906874174907, 35.640466900695699 ], [ -75.889622, 35.640637 ], [ -75.890559, 35.639121 ], [ -75.887947, 35.636771 ], [ -75.88655, 35.630525 ], [ -75.883725, 35.628931 ], [ -75.883853, 35.623615 ], [ -75.892807, 35.600829 ], [ -75.897393, 35.598053 ], [ -75.896737, 35.595262 ], [ -75.890042, 35.591747 ], [ -75.88732, 35.585391 ], [ -75.883074, 35.58258 ], [ -75.883297, 35.579479 ], [ -75.88237, 35.576117 ], [ -75.886101, 35.57457 ], [ -75.894062, 35.575418 ], [ -75.897097, 35.572528 ], [ -75.902896, 35.570802 ], [ -75.904456, 35.564687 ], [ -75.913497, 35.563635 ], [ -75.919677, 35.561508 ], [ -75.92134, 35.556481 ], [ -75.920152, 35.553 ], [ -75.913972, 35.553194 ], [ -75.908535, 35.552807 ], [ -75.912784, 35.549713 ], [ -75.912784, 35.544685 ], [ -75.918013, 35.54159 ], [ -75.929897, 35.537529 ], [ -75.943682, 35.536175 ], [ -75.951763, 35.532113 ], [ -75.956279, 35.528632 ], [ -75.957468, 35.526117 ], [ -75.955329, 35.522442 ], [ -75.961652, 35.515339 ], [ -75.96745, 35.518766 ], [ -75.971728, 35.518766 ], [ -75.974581, 35.515477 ], [ -75.978383, 35.512962 ], [ -75.980285, 35.507932 ], [ -75.976482, 35.508319 ], [ -75.97054, 35.506771 ], [ -75.967979, 35.50378 ], [ -75.963446, 35.500958 ], [ -75.96193, 35.496713 ], [ -75.963054, 35.493903 ], [ -75.972917, 35.491291 ], [ -75.984563, 35.48684 ], [ -75.988841, 35.484905 ], [ -75.995653, 35.475355 ], [ -75.997636, 35.46884 ], [ -75.996447, 35.463613 ], [ -75.999062, 35.457418 ], [ -76.002389, 35.452965 ], [ -76.005241, 35.449867 ], [ -76.011659, 35.446188 ], [ -76.015699, 35.441735 ], [ -76.015145, 35.43595 ], [ -76.013466, 35.427753 ], [ -76.015585, 35.42211 ], [ -76.021217, 35.417478 ], [ -76.022659, 35.412194 ], [ -76.02794, 35.41185 ], [ -76.031715, 35.413138 ], [ -76.033763, 35.417914 ], [ -76.032574, 35.421594 ], [ -76.035427, 35.425855 ], [ -76.038697, 35.426889 ], [ -76.039706, 35.430809 ], [ -76.047677, 35.43296 ], [ -76.052581, 35.435287 ], [ -76.058711, 35.43465 ], [ -76.06052, 35.430906 ], [ -76.057531, 35.425274 ], [ -76.053293, 35.422778 ], [ -76.053947, 35.421225 ], [ -76.062284, 35.420044 ], [ -76.064899, 35.41772 ], [ -76.06141, 35.413343 ], [ -76.0645, 35.410631 ], [ -76.071222, 35.409846 ], [ -76.072187, 35.406674 ], [ -76.068763, 35.401238 ], [ -76.069379, 35.397649 ], [ -76.079635, 35.396798 ], [ -76.081061, 35.39331 ], [ -76.083438, 35.390985 ], [ -76.081061, 35.387885 ], [ -76.07803, 35.387296 ], [ -76.07607, 35.384397 ], [ -76.071079, 35.385366 ], [ -76.063948, 35.38556 ], [ -76.061809, 35.383235 ], [ -76.062931, 35.381369 ], [ -76.066563, 35.380522 ], [ -76.070841, 35.370638 ], [ -76.078684, 35.372382 ], [ -76.091281, 35.369475 ], [ -76.096035, 35.360947 ], [ -76.10269, 35.361334 ], [ -76.109345, 35.358621 ], [ -76.112503, 35.355012 ], [ -76.121942, 35.354162 ], [ -76.130736, 35.357845 ], [ -76.136916, 35.358039 ], [ -76.14262, 35.354938 ], [ -76.141669, 35.349122 ], [ -76.137361, 35.344746 ], [ -76.139771, 35.342155 ], [ -76.145146, 35.341457 ], [ -76.150856, 35.336891 ], [ -76.151921, 35.331372 ], [ -76.155672, 35.331564 ], [ -76.156168, 35.337684 ], [ -76.161635, 35.342918 ], [ -76.174232, 35.34699 ], [ -76.183501, 35.346602 ], [ -76.187542, 35.341755 ], [ -76.197286, 35.341755 ], [ -76.200139, 35.339428 ], [ -76.203466, 35.337684 ], [ -76.205843, 35.339622 ], [ -76.204892, 35.345826 ], [ -76.212023, 35.345826 ], [ -76.216301, 35.343694 ], [ -76.221054, 35.340398 ], [ -76.222956, 35.342918 ], [ -76.223194, 35.346408 ], [ -76.229611, 35.352999 ], [ -76.231512, 35.358815 ], [ -76.238405, 35.363273 ], [ -76.243159, 35.366568 ], [ -76.249814, 35.367731 ], [ -76.255917236858807, 35.366341946288301 ], [ -76.260034, 35.365405 ], [ -76.260034, 35.364883852349003 ], [ -76.260034, 35.358815 ], [ -76.254567, 35.354356 ], [ -76.253073, 35.350017 ], [ -76.25757, 35.344397 ], [ -76.263599, 35.342724 ], [ -76.268115, 35.34001 ], [ -76.278811, 35.342918 ], [ -76.290905, 35.349393 ], [ -76.30139, 35.352805 ], [ -76.305668, 35.354938 ], [ -76.305193, 35.360171 ], [ -76.308758, 35.369669 ], [ -76.315889, 35.3687 ], [ -76.32088, 35.370056 ], [ -76.323257, 35.372382 ], [ -76.322544, 35.380328 ], [ -76.326109, 35.386335 ], [ -76.332526, 35.388079 ], [ -76.344886, 35.392535 ], [ -76.350115, 35.389823 ], [ -76.352016, 35.385947 ], [ -76.357483, 35.383622 ], [ -76.356057, 35.378002 ], [ -76.353204, 35.375483 ], [ -76.351541, 35.374126 ], [ -76.347738, 35.365211 ], [ -76.343935, 35.356876 ], [ -76.343935, 35.349316 ], [ -76.341558, 35.342337 ], [ -76.35059, 35.339816 ], [ -76.361048, 35.341561 ], [ -76.370555, 35.33749 ], [ -76.376022, 35.335551 ], [ -76.379587, 35.341561 ], [ -76.37721, 35.358427 ], [ -76.382439, 35.359008 ], [ -76.389332, 35.360365 ], [ -76.392219, 35.357012 ], [ -76.39361, 35.35203 ], [ -76.399207, 35.348893 ], [ -76.408346, 35.34699 ], [ -76.411911, 35.346408 ], [ -76.412149, 35.350673 ], [ -76.411436, 35.361334 ], [ -76.422131, 35.362691 ], [ -76.424297, 35.36505 ], [ -76.420705, 35.371026 ], [ -76.419992, 35.374902 ], [ -76.412862, 35.375677 ], [ -76.40692, 35.373933 ], [ -76.382201, 35.368118 ], [ -76.375309, 35.363854 ], [ -76.368178, 35.361141 ], [ -76.363662, 35.364242 ], [ -76.365326, 35.369669 ], [ -76.361523, 35.373739 ], [ -76.368416, 35.379165 ], [ -76.367941, 35.382266 ], [ -76.375784, 35.385366 ], [ -76.380538, 35.386141 ], [ -76.385053, 35.384203 ], [ -76.387193, 35.394473 ], [ -76.395987, 35.40106 ], [ -76.396224, 35.406872 ], [ -76.388381, 35.407841 ], [ -76.385291, 35.415008 ], [ -76.388856, 35.425661 ], [ -76.395511, 35.431665 ], [ -76.403221877399801, 35.430148665411899 ], [ -76.409297, 35.428954 ], [ -76.417616, 35.42508 ], [ -76.419517, 35.417914 ], [ -76.423558, 35.413846 ], [ -76.428073, 35.408809 ], [ -76.432352, 35.404935 ], [ -76.437343, 35.403385 ], [ -76.438056, 35.398542 ], [ -76.434966, 35.392729 ], [ -76.438294, 35.388273 ], [ -76.443523, 35.395054 ], [ -76.450178, 35.394085 ], [ -76.449702, 35.389629 ], [ -76.454931, 35.391179 ], [ -76.45707, 35.396992 ], [ -76.456595, 35.400092 ], [ -76.460873, 35.403966 ], [ -76.464201, 35.403579 ], [ -76.465627, 35.399704 ], [ -76.471331, 35.404354 ], [ -76.475609, 35.404548 ], [ -76.480838, 35.404548 ], [ -76.48274, 35.402223 ], [ -76.477511, 35.396604 ], [ -76.475372, 35.389048 ], [ -76.471094, 35.379359 ], [ -76.469629, 35.373726 ], [ -76.472274, 35.371375 ], [ -76.483453, 35.374514 ], [ -76.490346, 35.377615 ], [ -76.496288, 35.381684 ], [ -76.501517, 35.388079 ], [ -76.504606, 35.390985 ], [ -76.510311, 35.397379 ], [ -76.515302, 35.396217 ], [ -76.517103, 35.394179 ], [ -76.532177, 35.401254 ], [ -76.540293, 35.410657 ], [ -76.533762, 35.421999 ], [ -76.533075, 35.43231 ], [ -76.538119, 35.435538 ], [ -76.541447, 35.434957 ], [ -76.552455, 35.436869 ], [ -76.565452, 35.44948 ], [ -76.558084, 35.455288 ], [ -76.552855, 35.456063 ], [ -76.550003, 35.456256 ], [ -76.545725, 35.460903 ], [ -76.551667, 35.463419 ], [ -76.556289, 35.46716 ], [ -76.562838, 35.475034 ], [ -76.561412, 35.485872 ], [ -76.562125, 35.491291 ], [ -76.566878, 35.495355 ], [ -76.580559, 35.500603 ], [ -76.587081, 35.508899 ], [ -76.57591, 35.508513 ], [ -76.570206, 35.510254 ], [ -76.563789, 35.510269 ], [ -76.556658, 35.507352 ], [ -76.545487, 35.508126 ], [ -76.536218, 35.50948 ], [ -76.525058, 35.507878 ], [ -76.515777, 35.503675 ], [ -76.507459, 35.503288 ], [ -76.499048, 35.504145 ], [ -76.495988, 35.505181 ], [ -76.490821, 35.504449 ], [ -76.485354, 35.506578 ], [ -76.476707, 35.511707 ], [ -76.472044, 35.516251 ], [ -76.46943, 35.519347 ], [ -76.469884, 35.525938 ], [ -76.468159, 35.527139 ], [ -76.466307, 35.53163 ], [ -76.468159, 35.534714 ], [ -76.466875, 35.535763 ], [ -76.46752, 35.537187 ], [ -76.46697, 35.538931 ], [ -76.463935, 35.540106 ], [ -76.463995, 35.542343 ], [ -76.460785, 35.546024 ], [ -76.455249, 35.549199 ], [ -76.452401538325205, 35.553043121085302 ], [ -76.452272, 35.553218 ], [ -76.454407, 35.554906 ], [ -76.457929, 35.553285 ], [ -76.463866, 35.55668 ], [ -76.465389, 35.558414 ], [ -76.468928861468896, 35.557809321824998 ], [ -76.470398, 35.558781 ], [ -76.475125, 35.560991 ], [ -76.476768, 35.562038 ], [ -76.479933, 35.562852 ], [ -76.481231, 35.563783 ], [ -76.482631, 35.567322 ], [ -76.483483, 35.567821 ], [ -76.486992, 35.568501 ], [ -76.488365, 35.569699 ], [ -76.489081, 35.571317 ], [ -76.492147, 35.572908 ], [ -76.493437, 35.572731 ], [ -76.496101, 35.570953 ], [ -76.499257, 35.570318 ], [ -76.501356, 35.571612 ], [ -76.501565, 35.573039 ], [ -76.502965, 35.575613 ], [ -76.50261, 35.577006 ], [ -76.500449, 35.578936 ], [ -76.501593, 35.579723 ], [ -76.504199, 35.580177 ], [ -76.506019, 35.581014 ], [ -76.509072, 35.579489 ], [ -76.510038, 35.577754 ], [ -76.512678, 35.576265 ], [ -76.515564, 35.576675 ], [ -76.519078, 35.578802 ], [ -76.519779, 35.581054 ], [ -76.51923, 35.58203 ], [ -76.519287, 35.584839 ], [ -76.520868, 35.584652 ], [ -76.524873, 35.585341 ], [ -76.525768, 35.58473 ], [ -76.525357, 35.583552 ], [ -76.527744, 35.581575 ], [ -76.530014, 35.58225 ], [ -76.532542, 35.580912 ], [ -76.534101, 35.581989 ], [ -76.538359, 35.582616 ], [ -76.539011, 35.582937 ], [ -76.538754, 35.584921 ], [ -76.539571, 35.585734 ], [ -76.537343, 35.587138 ], [ -76.535966, 35.588944 ], [ -76.534445, 35.589528 ], [ -76.532545, 35.593123 ], [ -76.534313, 35.595594 ], [ -76.535567, 35.595784 ], [ -76.539769, 35.597497 ], [ -76.542294, 35.599201 ], [ -76.544449, 35.598367 ], [ -76.545708, 35.598772 ], [ -76.546351, 35.597615 ], [ -76.547589, 35.598116 ], [ -76.551061, 35.596632 ], [ -76.554558, 35.597879 ], [ -76.554872, 35.600226 ], [ -76.556716, 35.600819 ], [ -76.560194, 35.600029 ], [ -76.560063, 35.601109 ], [ -76.563412, 35.601055 ], [ -76.564183, 35.601305 ], [ -76.564327, 35.603659 ], [ -76.565704, 35.603401 ], [ -76.569841, 35.6057 ], [ -76.570564, 35.605758 ], [ -76.574286, 35.609393 ], [ -76.574082, 35.611137 ], [ -76.575309, 35.611703 ], [ -76.577569, 35.611243 ], [ -76.578747, 35.612557 ], [ -76.578547, 35.614155 ], [ -76.580521, 35.615189 ], [ -76.580864, 35.616 ], [ -76.588191, 35.620654 ], [ -76.591579, 35.624114 ], [ -76.593236, 35.6277 ], [ -76.595805, 35.630702 ], [ -76.60052, 35.635654 ], [ -76.601966, 35.638863 ], [ -76.606194, 35.646939 ], [ -76.60543, 35.649754 ], [ -76.600308, 35.663963 ], [ -76.600664, 35.667356 ], [ -76.601982, 35.670055 ], [ -76.619676, 35.688175 ], [ -76.622785, 35.689224 ], [ -76.623946, 35.690269 ], [ -76.625127, 35.693696 ], [ -76.631767, 35.70045 ], [ -76.636125, 35.70378 ], [ -76.637513, 35.705215 ] ] ] ] } },
{ "type": "Feature", "properties": { "STATEFP": "37", "COUNTYFP": "179", "COUNTYNS": "01008590", "GEOIDFQ": "0500000US37179", "GEOID": 37179, "NAME": "Union", "NAMELSAD": "Union County", "STUSPS": "NC", "STATE_NAME": "North Carolina", "LSAD": "06", "ALAND": 1638781797, "AWATER": 17888591, "state": "NC", "county": "Union", "fips": 37179, "adult_pop": "191,719", "observed_distress": 15.8, "loneliness_rate": 30.8, "access_to_exercise": 73.61069724000001, "social_associations_per_10k": 8.1369959356, "air_pollution": 9.1, "uninsured": 13.37104812, "unemployment_rate": 3.90755961, "providers_per_100k": 136.26215, "log_median_hh_income": 11.379999603260565, "rucc_category": "metro" }, "geometry": { "type": "Polygon", "coordinates": [ [ [ -80.838018, 35.005027 ], [ -80.833984, 35.007486 ], [ -80.831232, 35.007811 ], [ -80.828051, 35.010383 ], [ -80.827919, 35.010464 ], [ -80.825059, 35.011972 ], [ -80.822206, 35.01465 ], [ -80.82232, 35.016139 ], [ -80.82101, 35.017326 ], [ -80.815686, 35.019465 ], [ -80.814603, 35.020438 ], [ -80.811173, 35.021453 ], [ -80.811156, 35.02148 ], [ -80.810867, 35.021999 ], [ -80.808696, 35.023233 ], [ -80.805909, 35.025506 ], [ -80.804506, 35.027749 ], [ -80.800369, 35.027946 ], [ -80.796894, 35.029831 ], [ -80.792806, 35.029914 ], [ -80.790224, 35.030726 ], [ -80.789952, 35.031162 ], [ -80.780961, 35.033281 ], [ -80.779795, 35.032738 ], [ -80.776664, 35.03307 ], [ -80.773162, 35.032949 ], [ -80.767555, 35.036286 ], [ -80.752817, 35.047519 ], [ -80.751695, 35.048377 ], [ -80.741806, 35.055916 ], [ -80.741579, 35.056094 ], [ -80.740373, 35.057042 ], [ -80.736466, 35.060113 ], [ -80.735736, 35.060685 ], [ -80.733809, 35.062199 ], [ -80.728414, 35.06635 ], [ -80.727633, 35.066959 ], [ -80.72548, 35.068627 ], [ -80.723992, 35.069768 ], [ -80.718027, 35.074359 ], [ -80.717636, 35.074663 ], [ -80.710014, 35.080655 ], [ -80.705512, 35.084163 ], [ -80.705195, 35.084402 ], [ -80.698585, 35.089569 ], [ -80.694918, 35.092523 ], [ -80.692734, 35.094282 ], [ -80.690942, 35.095726 ], [ -80.681398, 35.103409 ], [ -80.68109, 35.103656 ], [ -80.676887, 35.106986 ], [ -80.659272, 35.120955 ], [ -80.654172, 35.125048 ], [ -80.653779, 35.125357 ], [ -80.636181, 35.139382 ], [ -80.632564, 35.142295 ], [ -80.632481, 35.142362 ], [ -80.628302, 35.145725 ], [ -80.616253, 35.155418 ], [ -80.6125, 35.158464 ], [ -80.612373, 35.158568 ], [ -80.611808, 35.159034 ], [ -80.610093, 35.160415 ], [ -80.608498, 35.161691 ], [ -80.6034, 35.16573 ], [ -80.602156, 35.166718 ], [ -80.601052, 35.167597 ], [ -80.599735, 35.168645 ], [ -80.579387, 35.185016 ], [ -80.550349, 35.208412 ], [ -80.528015, 35.196961 ], [ -80.527913, 35.196918 ], [ -80.524571, 35.195178 ], [ -80.521514, 35.193589 ], [ -80.520159, 35.192885 ], [ -80.504985, 35.184998 ], [ -80.505297, 35.183299 ], [ -80.503581, 35.181741 ], [ -80.50095, 35.180578 ], [ -80.495856, 35.179676 ], [ -80.493136, 35.178739 ], [ -80.489843, 35.175795 ], [ -80.488414, 35.175493 ], [ -80.486012, 35.176255 ], [ -80.484655, 35.17731 ], [ -80.483197, 35.179561 ], [ -80.481141, 35.180075 ], [ -80.478975, 35.179314 ], [ -80.477531, 35.178239 ], [ -80.476721, 35.17622 ], [ -80.477003, 35.173088 ], [ -80.476224, 35.171801 ], [ -80.474478, 35.170499 ], [ -80.472731, 35.169878 ], [ -80.471435, 35.169159 ], [ -80.47038, 35.167251 ], [ -80.468186, 35.166694 ], [ -80.467425, 35.167111 ], [ -80.464968, 35.17014 ], [ -80.463543, 35.170327 ], [ -80.461648, 35.168986 ], [ -80.460127, 35.165733 ], [ -80.459347, 35.165077 ], [ -80.456441, 35.164281 ], [ -80.455143, 35.164395 ], [ -80.453106, 35.165505 ], [ -80.447229, 35.164796 ], [ -80.44418, 35.163556 ], [ -80.441769, 35.161508 ], [ -80.439865, 35.161042 ], [ -80.437498, 35.163073 ], [ -80.436931, 35.164213 ], [ -80.435205, 35.165387 ], [ -80.432868, 35.166086 ], [ -80.430676, 35.166082 ], [ -80.428192, 35.167578 ], [ -80.425689, 35.17006 ], [ -80.419262, 35.172864 ], [ -80.417782, 35.172352 ], [ -80.416426, 35.17059 ], [ -80.41567, 35.168685 ], [ -80.415744, 35.166492 ], [ -80.413004, 35.163816 ], [ -80.411497, 35.163318 ], [ -80.408556, 35.163747 ], [ -80.405435, 35.16649 ], [ -80.403267, 35.167244 ], [ -80.400947, 35.167268 ], [ -80.398295, 35.165582 ], [ -80.396278, 35.165489 ], [ -80.394437, 35.165776 ], [ -80.390262, 35.165643 ], [ -80.388328, 35.165862 ], [ -80.385152, 35.168033 ], [ -80.379593, 35.172784 ], [ -80.378155, 35.175933 ], [ -80.376772, 35.177507 ], [ -80.374633, 35.178686 ], [ -80.370975, 35.179702 ], [ -80.368574, 35.179077 ], [ -80.366011, 35.17574 ], [ -80.36504, 35.17206 ], [ -80.36418, 35.170271 ], [ -80.3625, 35.169062 ], [ -80.360568, 35.166627 ], [ -80.357627, 35.164882 ], [ -80.354661, 35.165495 ], [ -80.35336, 35.166713 ], [ -80.352078, 35.168896 ], [ -80.350644, 35.169392 ], [ -80.34753, 35.168854 ], [ -80.345199, 35.169647 ], [ -80.343211, 35.170988 ], [ -80.340355, 35.174148 ], [ -80.338862, 35.174266 ], [ -80.335946, 35.173642 ], [ -80.334601, 35.17378 ], [ -80.330203, 35.176432 ], [ -80.328245, 35.176664 ], [ -80.325293, 35.175719 ], [ -80.323379, 35.173609 ], [ -80.321668, 35.173069 ], [ -80.320468, 35.174216 ], [ -80.321281, 35.17714 ], [ -80.320931, 35.178725 ], [ -80.318956, 35.179996 ], [ -80.317396, 35.180359 ], [ -80.314972, 35.180141 ], [ -80.31315, 35.180595 ], [ -80.310172, 35.180614 ], [ -80.305713, 35.181761 ], [ -80.304347, 35.183101 ], [ -80.30417, 35.187456 ], [ -80.303134, 35.188725 ], [ -80.300222, 35.18974 ], [ -80.298448, 35.191095 ], [ -80.296702, 35.193379 ], [ -80.294405, 35.19437 ], [ -80.291819, 35.193864 ], [ -80.289475, 35.192011 ], [ -80.287094, 35.191427 ], [ -80.284024, 35.192393 ], [ -80.282907, 35.194444 ], [ -80.281385, 35.195857 ], [ -80.276829, 35.195722 ], [ -80.290088, 35.08104 ], [ -80.291062, 35.072596 ], [ -80.293211, 35.053983 ], [ -80.293441, 35.051986 ], [ -80.297285, 35.018699 ], [ -80.300703, 34.988991 ], [ -80.301865, 34.978905 ], [ -80.302359, 34.974598 ], [ -80.307024, 34.934104 ], [ -80.309379, 34.91355 ], [ -80.310201, 34.906453 ], [ -80.320807360455802, 34.814081463211998 ], [ -80.350068, 34.814469 ], [ -80.399871, 34.815128 ], [ -80.417014, 34.815508 ], [ -80.417150258636696, 34.815518946782603 ], [ -80.417153305960298, 34.8155191915993 ], [ -80.418433, 34.815622 ], [ -80.419586, 34.815581 ], [ -80.425902, 34.81581 ], [ -80.434843, 34.815968 ], [ -80.445748612717296, 34.816253114058 ], [ -80.448766, 34.816332 ], [ -80.45166, 34.816396 ], [ -80.485234, 34.816732 ], [ -80.491814, 34.816798 ], [ -80.499788, 34.817261 ], [ -80.526635596596705, 34.817356467378701 ], [ -80.561657, 34.817481 ], [ -80.561709387922704, 34.817481609499403 ], [ -80.590580645615802, 34.817817507788298 ], [ -80.621222, 34.818174 ], [ -80.625993, 34.818239 ], [ -80.626077, 34.818217 ], [ -80.626289999545605, 34.8182210240508 ], [ -80.644656, 34.818568 ], [ -80.646601, 34.818592 ], [ -80.664566858947694, 34.818743021951001 ], [ -80.684074, 34.818907 ], [ -80.692654972263, 34.818979292328898 ], [ -80.693719705764906, 34.818988262415502 ], [ -80.726949, 34.819268210070902 ], [ -80.771792, 34.819646 ], [ -80.777712, 34.819697 ], [ -80.797486368217903, 34.819785745840903 ], [ -80.797543, 34.819786 ], [ -80.796997, 34.823874 ], [ -80.796331751203596, 34.828851033500897 ], [ -80.7956144941177, 34.834217165035902 ], [ -80.795519950603406, 34.834924488732199 ], [ -80.795446463486897, 34.835474279792102 ], [ -80.795109, 34.837999 ], [ -80.7934189408561, 34.850646053896497 ], [ -80.793202124440896, 34.852268534919901 ], [ -80.793029150963704, 34.853562930382999 ], [ -80.791240693313696, 34.866946320173497 ], [ -80.790906379784403, 34.869448055830603 ], [ -80.790597521436297, 34.871759305226497 ], [ -80.786517350476004, 34.902292048549903 ], [ -80.784095804074198, 34.920412969328403 ], [ -80.784063158017204, 34.920657266366199 ], [ -80.782239819665506, 34.934301675491298 ], [ -80.782042, 34.935782 ], [ -80.788281515738305, 34.942709628105099 ], [ -80.788284633521101, 34.942713089726197 ], [ -80.795327581070595, 34.950532754493899 ], [ -80.798107542976695, 34.9536192988732 ], [ -80.806461, 34.962894 ], [ -80.806784, 34.963249 ], [ -80.813553993892697, 34.9707841461532 ], [ -80.816779859430795, 34.974374602612301 ], [ -80.819001641525801, 34.976847492997699 ], [ -80.8214239517349, 34.9795435754083 ], [ -80.82156, 34.979695 ], [ -80.831541835926103, 34.991329993271101 ], [ -80.8403664538681, 35.001616114094602 ], [ -80.838018, 35.005027 ] ] ] } },
{ "type": "Feature", "properties": { "STATEFP": "37", "COUNTYFP": "187", "COUNTYNS": "01026331", "GEOIDFQ": "0500000US37187", "GEOID": 37187, "NAME": "Washington", "NAMELSAD": "Washington County", "STUSPS": "NC", "STATE_NAME": "North Carolina", "LSAD": "06", "ALAND": 897456201, "AWATER": 195282199, "state": "NC", "county": "Washington", "fips": 37187, "adult_pop": "8,617", "observed_distress": 17.7, "loneliness_rate": 34.3, "access_to_exercise": 63.18276834, "social_associations_per_10k": 20.026121027, "air_pollution": 6.4, "uninsured": 15.76032226, "unemployment_rate": 6.92721741, "providers_per_100k": 119.35365, "log_median_hh_income": 10.659186907753035, "rucc_category": "rural" }, "geometry": { "type": "Polygon", "coordinates": [ [ [ -76.847264, 35.719982 ], [ -76.84362, 35.722266 ], [ -76.831328, 35.730702 ], [ -76.833602, 35.733007 ], [ -76.832566, 35.736741 ], [ -76.831045, 35.7382 ], [ -76.829182, 35.738805 ], [ -76.828267, 35.738443 ], [ -76.825926, 35.740172 ], [ -76.826191, 35.742042 ], [ -76.825264, 35.744841 ], [ -76.822481, 35.745678 ], [ -76.820176, 35.746894 ], [ -76.818569, 35.74705 ], [ -76.817399, 35.748075 ], [ -76.817146, 35.749182 ], [ -76.81838, 35.749871 ], [ -76.819991, 35.752566 ], [ -76.819759, 35.755022 ], [ -76.818516, 35.75649 ], [ -76.818034, 35.758615 ], [ -76.815097, 35.761421 ], [ -76.812952, 35.76135 ], [ -76.810265, 35.7622 ], [ -76.808603, 35.763914 ], [ -76.808623, 35.765203 ], [ -76.807365, 35.768664 ], [ -76.804919, 35.770768 ], [ -76.803325, 35.772952 ], [ -76.803315, 35.774771 ], [ -76.802263, 35.776323 ], [ -76.803443, 35.777569 ], [ -76.803974, 35.779523 ], [ -76.803493, 35.78077 ], [ -76.804288, 35.781952 ], [ -76.803457, 35.78393 ], [ -76.802133, 35.784858 ], [ -76.798788, 35.784582 ], [ -76.797492, 35.785184 ], [ -76.795605, 35.787428 ], [ -76.795372, 35.788628 ], [ -76.79347, 35.78889 ], [ -76.792961, 35.789905 ], [ -76.794105, 35.791193 ], [ -76.792855, 35.792715 ], [ -76.793667, 35.79559 ], [ -76.795416, 35.796287 ], [ -76.796278, 35.79829 ], [ -76.798556, 35.799635 ], [ -76.799336, 35.801919 ], [ -76.802205, 35.804168 ], [ -76.802573, 35.805238 ], [ -76.801291, 35.807487 ], [ -76.801356, 35.808577 ], [ -76.799466, 35.813435 ], [ -76.797753, 35.814692 ], [ -76.796551, 35.816437 ], [ -76.794676, 35.817073 ], [ -76.792085, 35.81986 ], [ -76.788486, 35.821364 ], [ -76.78662, 35.82109 ], [ -76.785289, 35.821833 ], [ -76.783938, 35.823796 ], [ -76.78273, 35.824194 ], [ -76.781901, 35.826676 ], [ -76.783374, 35.828472 ], [ -76.784822, 35.828937 ], [ -76.784556, 35.830469 ], [ -76.785404, 35.831398 ], [ -76.784708, 35.832957 ], [ -76.786639, 35.834162 ], [ -76.789211, 35.8376 ], [ -76.786951, 35.839742 ], [ -76.786248, 35.840873 ], [ -76.785731, 35.843915 ], [ -76.784495, 35.844616 ], [ -76.784718, 35.846083 ], [ -76.783483, 35.849225 ], [ -76.782224, 35.85067 ], [ -76.780713, 35.850729 ], [ -76.779993, 35.851962 ], [ -76.781003, 35.853051 ], [ -76.780623, 35.85387 ], [ -76.778438, 35.854108 ], [ -76.778699, 35.856608 ], [ -76.776895, 35.856705 ], [ -76.777404, 35.857839 ], [ -76.776404, 35.858689 ], [ -76.774883, 35.859203 ], [ -76.774437, 35.857865 ], [ -76.771517, 35.85905 ], [ -76.771382, 35.861089 ], [ -76.765018, 35.861608 ], [ -76.76317, 35.864104 ], [ -76.761309, 35.862916 ], [ -76.760598, 35.864887 ], [ -76.758595, 35.86537 ], [ -76.752999, 35.8668 ], [ -76.747443, 35.869926 ], [ -76.745411, 35.870829 ], [ -76.739135, 35.876594 ], [ -76.736984, 35.878786 ], [ -76.735497, 35.882007 ], [ -76.733952, 35.884902 ], [ -76.731067, 35.888425 ], [ -76.730201, 35.890657 ], [ -76.72926, 35.894883 ], [ -76.72768, 35.899091 ], [ -76.724801, 35.903288 ], [ -76.723616, 35.906168 ], [ -76.723199, 35.912046 ], [ -76.719989, 35.917259 ], [ -76.718138, 35.918818 ], [ -76.711061, 35.922779 ], [ -76.708495, 35.923317 ], [ -76.706785, 35.923163 ], [ -76.701374, 35.92302 ], [ -76.699924, 35.924546 ], [ -76.698976, 35.927879 ], [ -76.694534, 35.933967 ], [ -76.693159, 35.938151 ], [ -76.693049337625297, 35.942447772357298 ], [ -76.692849, 35.942464 ], [ -76.683587, 35.940236 ], [ -76.679063, 35.936499 ], [ -76.662426, 35.932072 ], [ -76.653869, 35.934382 ], [ -76.639808, 35.936457 ], [ -76.609592, 35.935692 ], [ -76.603841, 35.939827 ], [ -76.602999649991602, 35.939910357935297 ], [ -76.587167, 35.941479 ], [ -76.573932, 35.941956 ], [ -76.560397, 35.941048 ], [ -76.555484997690499, 35.940382483680402 ], [ -76.553806, 35.940155 ], [ -76.528552, 35.944039 ], [ -76.520017980219194, 35.9463860580518 ], [ -76.507492, 35.949831 ], [ -76.490108, 35.959781 ], [ -76.484335, 35.958253 ], [ -76.47448, 35.960173 ], [ -76.464478, 35.964205 ], [ -76.458496, 35.96786 ], [ -76.423599, 35.977392 ], [ -76.406445, 35.981517 ], [ -76.399552, 35.982094 ], [ -76.392422, 35.979209 ], [ -76.384103, 35.971515 ], [ -76.384103, 35.966321 ], [ -76.374892, 35.955412 ], [ -76.378398, 35.952277 ], [ -76.382677, 35.950353 ], [ -76.382201, 35.948237 ], [ -76.379111, 35.94535 ], [ -76.374596, 35.943619 ], [ -76.372694, 35.940925 ], [ -76.371391444683994, 35.9364417704193 ], [ -76.370793, 35.934382 ], [ -76.367227, 35.934382 ], [ -76.366220934087096, 35.934757849810097 ], [ -76.367419, 35.932364 ], [ -76.367786, 35.92992 ], [ -76.36921, 35.929384 ], [ -76.370715, 35.927182 ], [ -76.370654, 35.925931 ], [ -76.380009, 35.914666 ], [ -76.373104, 35.899227 ], [ -76.369646, 35.883233 ], [ -76.360222, 35.87557 ], [ -76.353669, 35.861365 ], [ -76.353554, 35.861301 ], [ -76.404937, 35.787132 ], [ -76.405603, 35.786294 ], [ -76.405971, 35.697579 ], [ -76.531496, 35.704447 ], [ -76.545621, 35.705084 ], [ -76.559242, 35.705103 ], [ -76.637513, 35.705215 ], [ -76.655444, 35.705283 ], [ -76.715179, 35.705416 ], [ -76.754903, 35.705507 ], [ -76.763301, 35.705523 ], [ -76.829536, 35.705632 ], [ -76.84462, 35.705719 ], [ -76.847264, 35.719982 ] ] ] } },
{ "type": "Feature", "properties": { "STATEFP": "37", "COUNTYFP": "171", "COUNTYNS": "01008587", "GEOIDFQ": "0500000US37171", "GEOID": 37171, "NAME": "Surry", "NAMELSAD": "Surry County", "STUSPS": "NC", "STATE_NAME": "North Carolina", "LSAD": "06", "ALAND": 1379541810, "AWATER": 10392706, "state": "NC", "county": "Surry", "fips": 37171, "adult_pop": "56,528", "observed_distress": 17.7, "loneliness_rate": 32.0, "access_to_exercise": 47.54410796, "social_associations_per_10k": 12.694781189, "air_pollution": 8.1, "uninsured": 17.66234397, "unemployment_rate": 4.35162913, "providers_per_100k": 130.70609, "log_median_hh_income": 10.8555314541161, "rucc_category": "mid" }, "geometry": { "type": "Polygon", "coordinates": [ [ [ -80.973643, 36.453474 ], [ -80.963878, 36.459276 ], [ -80.963215, 36.460013 ], [ -80.929708, 36.498401 ], [ -80.92792, 36.500128 ], [ -80.927048, 36.5011 ], [ -80.925998, 36.505244 ], [ -80.921387, 36.525847 ], [ -80.918256, 36.525471 ], [ -80.917535, 36.524113 ], [ -80.914431, 36.531569 ], [ -80.902437, 36.560283 ], [ -80.901664788923597, 36.561748485078198 ], [ -80.898456669966194, 36.561616676118 ], [ -80.837954497946797, 36.559130880394697 ], [ -80.837641, 36.559118 ], [ -80.837089, 36.559154 ], [ -80.823013258207993, 36.559858020489997 ], [ -80.80392, 36.560813 ], [ -80.799615943967794, 36.560741021537098 ], [ -80.773663, 36.560307 ], [ -80.745053464850798, 36.561655833366601 ], [ -80.745052606952498, 36.561655873813301 ], [ -80.730351, 36.562349 ], [ -80.704831, 36.562319 ], [ -80.696047282430698, 36.561790427741201 ], [ -80.671856641447604, 36.560334722722601 ], [ -80.663709048472199, 36.559844430134198 ], [ -80.653384584439607, 36.5592231413425 ], [ -80.653382417739394, 36.559223010958299 ], [ -80.653349, 36.559221 ], [ -80.632959250305206, 36.558640597825601 ], [ -80.632904657071094, 36.558639043807901 ], [ -80.624788, 36.558408 ], [ -80.612058099622104, 36.557871889559003 ], [ -80.612045106594493, 36.5578713423671 ], [ -80.570999691425001, 36.556142744736498 ], [ -80.563845673903501, 36.5558414585226 ], [ -80.563495627298707, 36.555826716565903 ], [ -80.529121365827393, 36.5543790696927 ], [ -80.526497990152805, 36.554268588145497 ], [ -80.510933438625997, 36.553613098445098 ], [ -80.480487563646093, 36.552330892694897 ], [ -80.480264811705695, 36.552321511659898 ], [ -80.440341154191302, 36.550640156032301 ], [ -80.441868, 36.52224 ], [ -80.444674, 36.475522 ], [ -80.444729, 36.474689 ], [ -80.444906, 36.472058 ], [ -80.446035, 36.454605 ], [ -80.447632, 36.423699 ], [ -80.447656, 36.423057 ], [ -80.448305, 36.405852 ], [ -80.448998, 36.377261 ], [ -80.449906, 36.338994 ], [ -80.450202, 36.328398 ], [ -80.451925, 36.261515 ], [ -80.452656, 36.241651 ], [ -80.460213, 36.246999 ], [ -80.461269, 36.248544 ], [ -80.461518, 36.25115 ], [ -80.461294, 36.253617 ], [ -80.462233, 36.256069 ], [ -80.464377, 36.258399 ], [ -80.466728, 36.25982 ], [ -80.471041, 36.260964 ], [ -80.473637, 36.261114 ], [ -80.477072, 36.260675 ], [ -80.478888, 36.259475 ], [ -80.480097, 36.257721 ], [ -80.48305, 36.256037 ], [ -80.486222, 36.256225 ], [ -80.501394, 36.258857 ], [ -80.50517, 36.259916 ], [ -80.508587, 36.25856 ], [ -80.516611, 36.258354 ], [ -80.522927, 36.258519 ], [ -80.528519, 36.258069 ], [ -80.531801, 36.258016 ], [ -80.534177, 36.258505 ], [ -80.53704, 36.261214 ], [ -80.537411, 36.26381 ], [ -80.53707, 36.266559 ], [ -80.535737, 36.269936 ], [ -80.535498, 36.273535 ], [ -80.536308, 36.278145 ], [ -80.53703, 36.279957 ], [ -80.538633, 36.281649 ], [ -80.540115, 36.282554 ], [ -80.548004, 36.285419 ], [ -80.550065, 36.285074 ], [ -80.553494, 36.282558 ], [ -80.559567, 36.282961 ], [ -80.562188, 36.282506 ], [ -80.566253, 36.281526 ], [ -80.570012, 36.281043 ], [ -80.575179, 36.279427 ], [ -80.57973, 36.27772 ], [ -80.589825, 36.271747 ], [ -80.592795, 36.26986 ], [ -80.595499, 36.270323 ], [ -80.598769, 36.271476 ], [ -80.601935, 36.274089 ], [ -80.604455, 36.275714 ], [ -80.608917, 36.277739 ], [ -80.614292, 36.279281 ], [ -80.616181, 36.280361 ], [ -80.620057, 36.284144 ], [ -80.624245, 36.286822 ], [ -80.628209, 36.287929 ], [ -80.630456, 36.287111 ], [ -80.631438, 36.285879 ], [ -80.631421, 36.284218 ], [ -80.629011, 36.280065 ], [ -80.62681, 36.278237 ], [ -80.626185, 36.276352 ], [ -80.626721, 36.274913 ], [ -80.628505, 36.273033 ], [ -80.632258, 36.272322 ], [ -80.637062, 36.273263 ], [ -80.640697, 36.273332 ], [ -80.642986, 36.272649 ], [ -80.644124, 36.271447 ], [ -80.645611, 36.268682 ], [ -80.647859, 36.263036 ], [ -80.647509, 36.259834 ], [ -80.647725, 36.257312 ], [ -80.648721, 36.255983 ], [ -80.651099, 36.25396 ], [ -80.65329, 36.252635 ], [ -80.65732, 36.25182 ], [ -80.663276, 36.252056 ], [ -80.667546, 36.250993 ], [ -80.669783, 36.251035 ], [ -80.673155, 36.252221 ], [ -80.674036, 36.252925 ], [ -80.676823, 36.256881 ], [ -80.677638, 36.261677 ], [ -80.678402, 36.263708 ], [ -80.680142, 36.265687 ], [ -80.683614, 36.268366 ], [ -80.684583, 36.268751 ], [ -80.687573, 36.268456 ], [ -80.690319, 36.267204 ], [ -80.692286, 36.266852 ], [ -80.695309, 36.266329 ], [ -80.697972, 36.266428 ], [ -80.701507, 36.266035 ], [ -80.705428, 36.266162 ], [ -80.7097, 36.266727 ], [ -80.713036, 36.266717 ], [ -80.715873, 36.267873 ], [ -80.719535, 36.270005 ], [ -80.72177, 36.269974 ], [ -80.724559, 36.269192 ], [ -80.729935, 36.267041 ], [ -80.732057, 36.266948 ], [ -80.733992, 36.267528 ], [ -80.734407, 36.269388 ], [ -80.732133, 36.275924 ], [ -80.732278, 36.277138 ], [ -80.733611, 36.278261 ], [ -80.737283, 36.280363 ], [ -80.739036, 36.279985 ], [ -80.741811, 36.277798 ], [ -80.742624, 36.276319 ], [ -80.743466, 36.272367 ], [ -80.74455, 36.270539 ], [ -80.748586, 36.266722 ], [ -80.749635, 36.264578 ], [ -80.752346, 36.263308 ], [ -80.754935, 36.263869 ], [ -80.757225, 36.265584 ], [ -80.759894, 36.269287 ], [ -80.765119, 36.272383 ], [ -80.768729, 36.275003 ], [ -80.769556, 36.275119 ], [ -80.773821, 36.274712 ], [ -80.776458, 36.273614 ], [ -80.778697, 36.27177 ], [ -80.779673, 36.270116 ], [ -80.780161, 36.267672 ], [ -80.779591, 36.262652 ], [ -80.778101, 36.258724 ], [ -80.77838, 36.256927 ], [ -80.779558, 36.255897 ], [ -80.783973, 36.252832 ], [ -80.797168, 36.247959 ], [ -80.80036, 36.249738 ], [ -80.802256, 36.252586 ], [ -80.803879, 36.25328 ], [ -80.808357, 36.254341 ], [ -80.810883, 36.253804 ], [ -80.815902, 36.251363 ], [ -80.818271, 36.250497 ], [ -80.821, 36.250231 ], [ -80.824951, 36.250005 ], [ -80.830867, 36.247587 ], [ -80.836028, 36.244924 ], [ -80.841089, 36.243844 ], [ -80.84456, 36.242791 ], [ -80.846935, 36.241607 ], [ -80.850123, 36.240772 ], [ -80.852852, 36.240944 ], [ -80.856271, 36.240824 ], [ -80.869092, 36.23855 ], [ -80.873205, 36.236305 ], [ -80.873198, 36.236414 ], [ -80.872902, 36.242107 ], [ -80.872741, 36.242879 ], [ -80.872767, 36.244708 ], [ -80.872448, 36.250826 ], [ -80.872126, 36.257014 ], [ -80.871543, 36.268767 ], [ -80.870961, 36.281346 ], [ -80.868746, 36.326447 ], [ -80.875726, 36.33087 ], [ -80.876752, 36.333526 ], [ -80.878964, 36.334712 ], [ -80.880136, 36.333943 ], [ -80.882978, 36.335572 ], [ -80.88709, 36.338686 ], [ -80.890797, 36.339909 ], [ -80.893075, 36.340945 ], [ -80.897186, 36.348481 ], [ -80.898306, 36.349334 ], [ -80.898793, 36.351485 ], [ -80.90121, 36.355432 ], [ -80.905784, 36.361099 ], [ -80.907228, 36.361861 ], [ -80.910562, 36.362372 ], [ -80.912292, 36.363401 ], [ -80.915323, 36.36689 ], [ -80.917634, 36.367615 ], [ -80.920263, 36.367268 ], [ -80.920438, 36.36591 ], [ -80.922285, 36.36472 ], [ -80.924798, 36.364625 ], [ -80.926934, 36.366139 ], [ -80.931386, 36.366939 ], [ -80.932612, 36.369347 ], [ -80.935371, 36.370586 ], [ -80.942136, 36.373604 ], [ -80.94531, 36.376322 ], [ -80.946643, 36.378315 ], [ -80.949434, 36.381174 ], [ -80.950812, 36.381907 ], [ -80.951829, 36.383493 ], [ -80.955437, 36.384462 ], [ -80.956622, 36.385924 ], [ -80.957294, 36.387705 ], [ -80.957023, 36.390275 ], [ -80.954905, 36.39369 ], [ -80.957394, 36.397373 ], [ -80.959567, 36.398564 ], [ -80.963821, 36.398808 ], [ -80.96512, 36.399384 ], [ -80.967153, 36.40202 ], [ -80.947182, 36.419074 ], [ -80.961589, 36.436891 ], [ -80.970179, 36.447926 ], [ -80.973643, 36.453474 ] ] ] } },
{ "type": "Feature", "properties": { "STATEFP": "37", "COUNTYFP": "033", "COUNTYNS": "01008542", "GEOIDFQ": "0500000US37033", "GEOID": 37033, "NAME": "Caswell", "NAMELSAD": "Caswell County", "STUSPS": "NC", "STATE_NAME": "North Carolina", "LSAD": "06", "ALAND": 1101995790, "AWATER": 8340796, "state": "NC", "county": "Caswell", "fips": 37033, "adult_pop": "18,569", "observed_distress": 17.2, "loneliness_rate": 33.9, "access_to_exercise": 39.74313863, "social_associations_per_10k": 13.812770129, "air_pollution": 8.0, "uninsured": 16.10873395, "unemployment_rate": 5.30982793, "providers_per_100k": 44.02571, "log_median_hh_income": 10.837205543732807, "rucc_category": "rural" }, "geometry": { "type": "Polygon", "coordinates": [ [ [ -79.527196, 36.324501 ], [ -79.525352, 36.353994 ], [ -79.523054, 36.390722 ], [ -79.522531, 36.399088 ], [ -79.520236, 36.435732 ], [ -79.519392, 36.449185 ], [ -79.519194, 36.452371 ], [ -79.517914, 36.47278 ], [ -79.514161, 36.532536 ], [ -79.513647055786294, 36.540757862067402 ], [ -79.510647, 36.540738 ], [ -79.496458323476304, 36.540838241554198 ], [ -79.4700322670177, 36.541024938950898 ], [ -79.465726588916695, 36.541055358127998 ], [ -79.465667216832102, 36.541055777585697 ], [ -79.456901829356397, 36.541117704155198 ], [ -79.445961, 36.541195 ], [ -79.445687, 36.541218 ], [ -79.4007901536486, 36.541199898927502 ], [ -79.400754248072303, 36.541199884451402 ], [ -79.389320213392693, 36.541195274588802 ], [ -79.343117166651695, 36.541176646895103 ], [ -79.342815985410098, 36.541176525467797 ], [ -79.263087111943307, 36.541144381158396 ], [ -79.263058066777305, 36.541144369448197 ], [ -79.24974, 36.541139 ], [ -79.218454186982896, 36.541492577866997 ], [ -79.213007503469299, 36.541554133778497 ], [ -79.20948, 36.541594 ], [ -79.208686, 36.541571 ], [ -79.2068992493043, 36.541575242743697 ], [ -79.187441114781507, 36.541621447218603 ], [ -79.146772655728995, 36.541718016845699 ], [ -79.138331187163899, 36.541738061605002 ], [ -79.140664, 36.492689 ], [ -79.14192, 36.469718 ], [ -79.142942, 36.451077 ], [ -79.143161, 36.447067 ], [ -79.143179, 36.446747 ], [ -79.146026, 36.394768 ], [ -79.148239, 36.35237 ], [ -79.148669, 36.344129 ], [ -79.152946, 36.262071 ], [ -79.153997, 36.241875 ], [ -79.190135, 36.242428 ], [ -79.257952, 36.243445 ], [ -79.275036, 36.243833 ], [ -79.298447, 36.244366 ], [ -79.323005, 36.244924 ], [ -79.324478, 36.244949 ], [ -79.3452, 36.245431 ], [ -79.365367, 36.245887 ], [ -79.376211, 36.246131 ], [ -79.394207, 36.246544 ], [ -79.432187, 36.247406 ], [ -79.44268, 36.247647 ], [ -79.458685, 36.24801 ], [ -79.531865, 36.249673 ], [ -79.527196, 36.324501 ] ] ] } },
{ "type": "Feature", "properties": { "STATEFP": "37", "COUNTYFP": "059", "COUNTYNS": "01008549", "GEOIDFQ": "0500000US37059", "GEOID": 37059, "NAME": "Davie", "NAMELSAD": "Davie County", "STUSPS": "NC", "STATE_NAME": "North Carolina", "LSAD": "06", "ALAND": 682977541, "AWATER": 7511429, "state": "NC", "county": "Davie", "fips": 37059, "adult_pop": "35,409", "observed_distress": 15.8, "loneliness_rate": 31.4, "access_to_exercise": 66.83133546, "social_associations_per_10k": 10.626992561, "air_pollution": 9.2, "uninsured": 15.9502995, "unemployment_rate": 4.27719821, "providers_per_100k": 75.80456, "log_median_hh_income": 11.115785605608052, "rucc_category": "metro" }, "geometry": { "type": "Polygon", "coordinates": [ [ [ -80.707629, 35.855593 ], [ -80.706555, 35.870174 ], [ -80.700976, 35.945811 ], [ -80.699777, 35.962172 ], [ -80.693197, 36.05126 ], [ -80.680372, 36.050728 ], [ -80.66371, 36.050037 ], [ -80.626089, 36.048668 ], [ -80.598372, 36.047743 ], [ -80.579201, 36.047506 ], [ -80.528153, 36.046952 ], [ -80.496283, 36.046545 ], [ -80.49313, 36.043994 ], [ -80.491909, 36.043366 ], [ -80.490207, 36.043023 ], [ -80.487161, 36.043246 ], [ -80.483503, 36.046296 ], [ -80.474722, 36.050394 ], [ -80.474055, 36.052319 ], [ -80.475006, 36.054929 ], [ -80.474619, 36.058258 ], [ -80.473021, 36.060316 ], [ -80.471612, 36.06128 ], [ -80.467671, 36.062625 ], [ -80.463795, 36.062578 ], [ -80.459196, 36.058626 ], [ -80.458519, 36.057068 ], [ -80.45792, 36.051627 ], [ -80.455889, 36.047526 ], [ -80.453148, 36.043865 ], [ -80.45235, 36.042957 ], [ -80.44688, 36.03858 ], [ -80.444981, 36.034671 ], [ -80.441892, 36.030643 ], [ -80.436442, 36.027661 ], [ -80.432395, 36.024431 ], [ -80.431083, 36.023526 ], [ -80.425562, 36.02112 ], [ -80.422405, 36.019489 ], [ -80.418483, 36.016425 ], [ -80.418378, 36.016286 ], [ -80.417916, 36.015549 ], [ -80.417642, 36.014125 ], [ -80.41669, 36.011053 ], [ -80.41387, 36.004973 ], [ -80.413533, 36.000978 ], [ -80.414749, 35.999641 ], [ -80.418462, 35.997365 ], [ -80.421773, 35.994232 ], [ -80.422486, 35.992368 ], [ -80.422535, 35.989649 ], [ -80.421164, 35.987273 ], [ -80.419556, 35.985715 ], [ -80.410466, 35.979632 ], [ -80.400178, 35.974717 ], [ -80.398357, 35.974481 ], [ -80.394307, 35.972762 ], [ -80.392445, 35.971337 ], [ -80.391005, 35.967776 ], [ -80.390054, 35.966952 ], [ -80.385287, 35.966151 ], [ -80.381553, 35.964775 ], [ -80.378001, 35.962207 ], [ -80.375296, 35.956584 ], [ -80.374166, 35.953123 ], [ -80.374812, 35.949621 ], [ -80.374824, 35.9462 ], [ -80.375576, 35.941435 ], [ -80.375024, 35.938781 ], [ -80.374161, 35.937028 ], [ -80.373897, 35.936582 ], [ -80.369065, 35.930402 ], [ -80.368344, 35.92758 ], [ -80.368862, 35.924669 ], [ -80.374024, 35.916934 ], [ -80.374944, 35.914117 ], [ -80.374875, 35.911331 ], [ -80.372488, 35.906874 ], [ -80.371193, 35.903426 ], [ -80.366269, 35.896725 ], [ -80.36523, 35.894814 ], [ -80.365225, 35.893395 ], [ -80.36756, 35.88916 ], [ -80.370009, 35.885747 ], [ -80.372646, 35.884466 ], [ -80.375935, 35.884669 ], [ -80.378032, 35.885156 ], [ -80.380297, 35.886873 ], [ -80.38559, 35.889401 ], [ -80.389889, 35.891854 ], [ -80.392832, 35.89248 ], [ -80.396311, 35.892751 ], [ -80.40067, 35.892482 ], [ -80.407859, 35.891481 ], [ -80.409359, 35.890965 ], [ -80.410661, 35.890103 ], [ -80.413852, 35.886127 ], [ -80.416004, 35.883272 ], [ -80.416533, 35.880469 ], [ -80.411476, 35.877023 ], [ -80.407203, 35.874788 ], [ -80.400663, 35.873134 ], [ -80.393396, 35.870805 ], [ -80.391086, 35.869434 ], [ -80.389674, 35.867593 ], [ -80.387629, 35.86094 ], [ -80.387282, 35.858315 ], [ -80.386531, 35.856994 ], [ -80.385976, 35.855712 ], [ -80.385768, 35.853628 ], [ -80.388413, 35.845482 ], [ -80.389501, 35.843969 ], [ -80.392453, 35.842129 ], [ -80.394515, 35.841407 ], [ -80.397617, 35.841204 ], [ -80.401362, 35.842288 ], [ -80.407596, 35.84546 ], [ -80.409481, 35.847097 ], [ -80.413211, 35.850966 ], [ -80.416636, 35.852376 ], [ -80.420733, 35.852662 ], [ -80.42332, 35.851964 ], [ -80.424194, 35.851047 ], [ -80.425764, 35.847481 ], [ -80.426919, 35.841073 ], [ -80.427203, 35.835395 ], [ -80.428734, 35.830787 ], [ -80.430141, 35.829139 ], [ -80.432642, 35.828126 ], [ -80.435848, 35.828325 ], [ -80.438354, 35.832124 ], [ -80.442766, 35.834701 ], [ -80.445328, 35.836517 ], [ -80.446444, 35.83666 ], [ -80.448264, 35.835303 ], [ -80.448989, 35.83326 ], [ -80.450669, 35.830945 ], [ -80.455168, 35.827282 ], [ -80.458404, 35.82643 ], [ -80.462556, 35.826964 ], [ -80.464568, 35.828171 ], [ -80.465535, 35.830976 ], [ -80.469177, 35.835554 ], [ -80.470034, 35.83721 ], [ -80.472016, 35.84062 ], [ -80.473813, 35.842633 ], [ -80.476813, 35.843848 ], [ -80.478391, 35.843329 ], [ -80.482511, 35.840326 ], [ -80.487419, 35.833601 ], [ -80.487341, 35.831807 ], [ -80.48577, 35.830616 ], [ -80.481118, 35.831382 ], [ -80.478932, 35.831232 ], [ -80.476527, 35.829957 ], [ -80.472337, 35.825543 ], [ -80.471327, 35.823854 ], [ -80.470879, 35.821753 ], [ -80.468722, 35.817877 ], [ -80.466943, 35.813939 ], [ -80.466023, 35.811306 ], [ -80.464449, 35.804983 ], [ -80.464647, 35.802821 ], [ -80.467055, 35.800487 ], [ -80.470641, 35.79988 ], [ -80.473851, 35.797995 ], [ -80.475967, 35.79437 ], [ -80.476955, 35.790999 ], [ -80.476702, 35.789093 ], [ -80.474893, 35.787091 ], [ -80.473345, 35.784638 ], [ -80.471647, 35.783104 ], [ -80.466737, 35.780106 ], [ -80.462942, 35.777221 ], [ -80.459705, 35.77511 ], [ -80.455834, 35.773623 ], [ -80.453489, 35.771648 ], [ -80.451618, 35.768979 ], [ -80.450625, 35.766049 ], [ -80.452082, 35.762057 ], [ -80.452777, 35.758001 ], [ -80.455477, 35.756269 ], [ -80.457418, 35.754046 ], [ -80.458616, 35.75088 ], [ -80.459525, 35.745976 ], [ -80.458923, 35.742758 ], [ -80.460232, 35.745519 ], [ -80.461415, 35.749865 ], [ -80.462424, 35.751402 ], [ -80.468511, 35.756962 ], [ -80.469055, 35.759266 ], [ -80.468856, 35.761308 ], [ -80.470944, 35.765742 ], [ -80.47182, 35.768356 ], [ -80.474586, 35.771812 ], [ -80.478299, 35.774771 ], [ -80.483362, 35.776311 ], [ -80.484775, 35.775586 ], [ -80.486972, 35.771662 ], [ -80.487164, 35.770215 ], [ -80.4864, 35.767083 ], [ -80.486886, 35.766269 ], [ -80.487831, 35.766607 ], [ -80.489637, 35.769716 ], [ -80.490278, 35.772793 ], [ -80.492001, 35.776025 ], [ -80.491704, 35.778247 ], [ -80.492602, 35.779707 ], [ -80.495758, 35.782288 ], [ -80.497393, 35.782967 ], [ -80.500291, 35.783453 ], [ -80.501692, 35.783133 ], [ -80.503834, 35.781338 ], [ -80.50666, 35.777701 ], [ -80.507469, 35.774779 ], [ -80.508629, 35.77458 ], [ -80.509922, 35.775682 ], [ -80.514936, 35.778107 ], [ -80.516299, 35.780036 ], [ -80.518433, 35.781788 ], [ -80.519266, 35.783258 ], [ -80.52096, 35.784443 ], [ -80.522517, 35.784752 ], [ -80.528429, 35.783478 ], [ -80.530734, 35.784701 ], [ -80.532884, 35.785248 ], [ -80.534108, 35.786166 ], [ -80.534092, 35.789583 ], [ -80.533404, 35.790807 ], [ -80.535374, 35.791589 ], [ -80.537356, 35.78994 ], [ -80.542972, 35.792254 ], [ -80.544439, 35.793766 ], [ -80.546671, 35.798218 ], [ -80.554624, 35.800279 ], [ -80.556222, 35.802501 ], [ -80.556973, 35.803953 ], [ -80.558434, 35.804951 ], [ -80.559393, 35.806804 ], [ -80.562687, 35.810247 ], [ -80.567939, 35.812024 ], [ -80.569543, 35.815548 ], [ -80.574347, 35.817999 ], [ -80.57737, 35.818133 ], [ -80.580517, 35.820088 ], [ -80.583492, 35.822012 ], [ -80.587097, 35.823022 ], [ -80.589539, 35.821946 ], [ -80.589675, 35.820594 ], [ -80.587254, 35.819339 ], [ -80.591043, 35.81724 ], [ -80.593153, 35.820622 ], [ -80.594414, 35.824404 ], [ -80.593626, 35.826877 ], [ -80.59472, 35.827404 ], [ -80.599334, 35.827279 ], [ -80.599839, 35.824635 ], [ -80.601712, 35.823316 ], [ -80.602221, 35.823563 ], [ -80.602558, 35.825709 ], [ -80.603786, 35.825583 ], [ -80.603405, 35.824214 ], [ -80.605921, 35.823423 ], [ -80.607995, 35.824184 ], [ -80.609171, 35.823083 ], [ -80.612253, 35.825077 ], [ -80.612138, 35.826623 ], [ -80.610527, 35.82752 ], [ -80.609906, 35.828976 ], [ -80.611236, 35.831473 ], [ -80.61417, 35.832389 ], [ -80.61612, 35.834006 ], [ -80.620868, 35.836926 ], [ -80.622171, 35.838826 ], [ -80.625246, 35.839127 ], [ -80.627025, 35.838435 ], [ -80.63067, 35.838272 ], [ -80.631408, 35.839138 ], [ -80.631374, 35.842353 ], [ -80.630899, 35.844375 ], [ -80.632024, 35.845714 ], [ -80.636755, 35.845078 ], [ -80.640157, 35.8449 ], [ -80.642046, 35.844141 ], [ -80.645495, 35.844514 ], [ -80.649321, 35.846206 ], [ -80.650935, 35.846256 ], [ -80.653829, 35.845339 ], [ -80.655871, 35.845597 ], [ -80.659354, 35.844694 ], [ -80.664395, 35.844784 ], [ -80.669893, 35.84652 ], [ -80.671296, 35.846531 ], [ -80.672975, 35.849638 ], [ -80.670053, 35.851515 ], [ -80.668408, 35.85505 ], [ -80.668765, 35.856306 ], [ -80.672162, 35.855776 ], [ -80.673242, 35.857352 ], [ -80.674447, 35.85767 ], [ -80.675453, 35.856149 ], [ -80.676845, 35.855845 ], [ -80.679197, 35.857262 ], [ -80.682057, 35.857603 ], [ -80.684343, 35.858964 ], [ -80.687366, 35.859767 ], [ -80.691794, 35.863497 ], [ -80.692499, 35.862266 ], [ -80.69286, 35.85425 ], [ -80.693411, 35.853639 ], [ -80.696095, 35.854676 ], [ -80.698476, 35.853316 ], [ -80.699075, 35.850838 ], [ -80.700233, 35.850463 ], [ -80.70519, 35.852217 ], [ -80.707275, 35.851932 ], [ -80.707824, 35.852961 ], [ -80.707629, 35.855593 ] ] ] } },
{ "type": "Feature", "properties": { "STATEFP": "37", "COUNTYFP": "069", "COUNTYNS": "01008553", "GEOIDFQ": "0500000US37069", "GEOID": 37069, "NAME": "Franklin", "NAMELSAD": "Franklin County", "STUSPS": "NC", "STATE_NAME": "North Carolina", "LSAD": "06", "ALAND": 1273761680, "AWATER": 7173998, "state": "NC", "county": "Franklin", "fips": 37069, "adult_pop": "60,292", "observed_distress": 16.8, "loneliness_rate": 33.7, "access_to_exercise": 61.52129847, "social_associations_per_10k": 8.0713619728000001, "air_pollution": 8.5, "uninsured": 17.39223117, "unemployment_rate": 4.70298573, "providers_per_100k": 115.75527, "log_median_hh_income": 11.061735739100111, "rucc_category": "metro" }, "geometry": { "type": "Polygon", "coordinates": [ [ [ -78.545513, 36.056699 ], [ -78.544931, 36.077247 ], [ -78.544817, 36.080673 ], [ -78.542635, 36.085118 ], [ -78.522557, 36.124393 ], [ -78.496614, 36.175199 ], [ -78.49546, 36.175786 ], [ -78.495338, 36.17732 ], [ -78.495932, 36.179658 ], [ -78.494611, 36.182085 ], [ -78.492795, 36.183944 ], [ -78.489522, 36.18169 ], [ -78.487581, 36.179985 ], [ -78.484958, 36.179384 ], [ -78.484492, 36.177864 ], [ -78.48574, 36.175353 ], [ -78.484668, 36.174758 ], [ -78.480943, 36.173943 ], [ -78.476207, 36.173665 ], [ -78.473963, 36.172582 ], [ -78.469665, 36.172244 ], [ -78.466928, 36.172575 ], [ -78.462287, 36.170291 ], [ -78.460686, 36.169965 ], [ -78.460993, 36.168165 ], [ -78.460416, 36.165948 ], [ -78.457611, 36.16366 ], [ -78.455421, 36.165083 ], [ -78.454013, 36.167997 ], [ -78.449707, 36.169088 ], [ -78.44808, 36.168163 ], [ -78.446401, 36.168396 ], [ -78.440762, 36.167799 ], [ -78.438965, 36.166972 ], [ -78.435673, 36.166294 ], [ -78.432329, 36.166761 ], [ -78.431352, 36.166365 ], [ -78.432644, 36.164643 ], [ -78.430815, 36.164646 ], [ -78.424678, 36.163678 ], [ -78.421404, 36.164488 ], [ -78.422126, 36.16578 ], [ -78.422204, 36.167827 ], [ -78.417622, 36.167751 ], [ -78.416836, 36.169204 ], [ -78.412095, 36.169597 ], [ -78.411412, 36.170916 ], [ -78.393092, 36.206256 ], [ -78.37814, 36.235065 ], [ -78.356708, 36.234719 ], [ -78.338135, 36.234448 ], [ -78.333344, 36.240852 ], [ -78.328052, 36.245479 ], [ -78.314801, 36.256171 ], [ -78.309838, 36.263106 ], [ -78.308551, 36.264925 ], [ -78.306965, 36.266191 ], [ -78.261027, 36.260592 ], [ -78.247194, 36.258922 ], [ -78.241191, 36.258242 ], [ -78.240535, 36.257844 ], [ -78.237045, 36.258442 ], [ -78.232675, 36.257672 ], [ -78.230258, 36.255935 ], [ -78.22488, 36.256553 ], [ -78.218748, 36.254162 ], [ -78.215844, 36.251925 ], [ -78.209777, 36.252487 ], [ -78.206534, 36.25134 ], [ -78.200656, 36.250731 ], [ -78.198481, 36.251611 ], [ -78.197877, 36.249755 ], [ -78.19428, 36.246839 ], [ -78.189124, 36.247651 ], [ -78.182325, 36.251342 ], [ -78.180916, 36.251426 ], [ -78.179523, 36.2529 ], [ -78.178369, 36.252363 ], [ -78.176015, 36.253496 ], [ -78.174384, 36.255082 ], [ -78.172845, 36.255342 ], [ -78.171621, 36.253993 ], [ -78.169798, 36.253614 ], [ -78.166463, 36.251462 ], [ -78.164315, 36.249086 ], [ -78.16214, 36.247928 ], [ -78.160874, 36.245603 ], [ -78.156983, 36.244416 ], [ -78.151094, 36.245465 ], [ -78.149375, 36.246839 ], [ -78.145997, 36.24704 ], [ -78.142341, 36.246038 ], [ -78.140652, 36.247126 ], [ -78.13793, 36.247567 ], [ -78.135532, 36.245784 ], [ -78.132739, 36.246281 ], [ -78.132769, 36.244595 ], [ -78.131543, 36.243603 ], [ -78.13076, 36.240425 ], [ -78.129693, 36.239551 ], [ -78.126769, 36.236014 ], [ -78.12497, 36.235242 ], [ -78.12662, 36.233281 ], [ -78.126189, 36.2318 ], [ -78.126845, 36.229935 ], [ -78.125307, 36.229093 ], [ -78.126224, 36.228376 ], [ -78.125704, 36.226325 ], [ -78.124641, 36.225648 ], [ -78.1233, 36.226312 ], [ -78.1217, 36.223994 ], [ -78.119523, 36.224421 ], [ -78.118845, 36.223176 ], [ -78.117347, 36.222585 ], [ -78.116493, 36.218604 ], [ -78.114214, 36.216187 ], [ -78.11301, 36.217487 ], [ -78.110935, 36.216419 ], [ -78.110413, 36.213966 ], [ -78.109383, 36.213003 ], [ -78.110703, 36.212088 ], [ -78.109778, 36.210163 ], [ -78.108277, 36.209876 ], [ -78.10417, 36.210368 ], [ -78.103078, 36.209046 ], [ -78.099298, 36.209879 ], [ -78.098244, 36.210767 ], [ -78.097093, 36.209548 ], [ -78.094683, 36.210229 ], [ -78.091664, 36.208977 ], [ -78.091751, 36.207738 ], [ -78.0873, 36.20863 ], [ -78.08533, 36.210022 ], [ -78.083226, 36.212623 ], [ -78.080742, 36.212319 ], [ -78.078873, 36.211282 ], [ -78.077258, 36.211417 ], [ -78.076385, 36.213448 ], [ -78.075393, 36.213224 ], [ -78.074511, 36.214988 ], [ -78.071267, 36.21638 ], [ -78.068771, 36.215018 ], [ -78.066147, 36.216464 ], [ -78.064201, 36.215652 ], [ -78.063783, 36.214006 ], [ -78.061111, 36.214261 ], [ -78.058617, 36.211694 ], [ -78.057071, 36.211082 ], [ -78.053481, 36.213022 ], [ -78.049133, 36.213293 ], [ -78.048237, 36.214231 ], [ -78.044909, 36.215464 ], [ -78.043449, 36.21376 ], [ -78.045429, 36.212546 ], [ -78.043948, 36.21157 ], [ -78.041994, 36.211663 ], [ -78.040535, 36.210845 ], [ -78.037253, 36.210367 ], [ -78.038794, 36.209306 ], [ -78.037125, 36.208836 ], [ -78.035919, 36.207203 ], [ -78.0328, 36.207257 ], [ -78.032418, 36.208818 ], [ -78.031178, 36.209005 ], [ -78.030255, 36.211035 ], [ -78.031536, 36.213524 ], [ -78.030785, 36.214404 ], [ -78.02971, 36.213982 ], [ -78.02876, 36.21028 ], [ -78.024693, 36.20948 ], [ -78.02517, 36.208126 ], [ -78.023793, 36.20791 ], [ -78.022338, 36.205445 ], [ -78.021011, 36.204905 ], [ -78.018226, 36.205493 ], [ -78.018496, 36.206213 ], [ -78.016875, 36.207794 ], [ -78.01602, 36.206282 ], [ -78.014472, 36.207217 ], [ -78.014092, 36.20516 ], [ -78.0118, 36.206086 ], [ -78.010761, 36.204715 ], [ -78.00872, 36.204983 ], [ -78.006551, 36.202633 ], [ -78.010749, 36.196191 ], [ -78.052353, 36.134327 ], [ -78.052673, 36.133858 ], [ -78.078131, 36.095924 ], [ -78.091812, 36.075528 ], [ -78.117289, 36.037517 ], [ -78.122005, 36.030478 ], [ -78.131228, 36.016798 ], [ -78.171707, 35.954873 ], [ -78.182182, 35.938758 ], [ -78.184197, 35.935489 ], [ -78.197522, 35.913902 ], [ -78.216911, 35.882443 ], [ -78.232393, 35.857458 ], [ -78.255973, 35.81812 ], [ -78.256491, 35.820637 ], [ -78.255196, 35.822159 ], [ -78.256662, 35.823942 ], [ -78.254712, 35.824363 ], [ -78.254714, 35.826518 ], [ -78.253766, 35.827365 ], [ -78.254434, 35.82911 ], [ -78.257783, 35.830755 ], [ -78.260925, 35.83473 ], [ -78.262646, 35.836117 ], [ -78.262486, 35.837381 ], [ -78.262944, 35.837515 ], [ -78.264425, 35.83924 ], [ -78.265993, 35.83962 ], [ -78.267572, 35.842421 ], [ -78.269417, 35.844442 ], [ -78.269769, 35.84688 ], [ -78.270559, 35.847833 ], [ -78.270169, 35.850445 ], [ -78.271595, 35.852905 ], [ -78.272974, 35.857734 ], [ -78.275126, 35.859198 ], [ -78.275286, 35.862284 ], [ -78.278014, 35.867335 ], [ -78.281102, 35.868545 ], [ -78.281607, 35.871162 ], [ -78.284316, 35.874578 ], [ -78.286335, 35.874808 ], [ -78.289941, 35.876597 ], [ -78.290608, 35.879775 ], [ -78.291295, 35.880682 ], [ -78.295054, 35.881115 ], [ -78.29615, 35.883559 ], [ -78.295802, 35.884878 ], [ -78.297694, 35.886283 ], [ -78.296986, 35.886593 ], [ -78.30133, 35.887771 ], [ -78.303023, 35.890588 ], [ -78.305, 35.891313 ], [ -78.307597, 35.894871 ], [ -78.307207, 35.896588 ], [ -78.310488, 35.896337 ], [ -78.31299, 35.897321 ], [ -78.314623, 35.896183 ], [ -78.316857, 35.895515 ], [ -78.317456, 35.894563 ], [ -78.319631, 35.894529 ], [ -78.319332, 35.895332 ], [ -78.321268, 35.896083 ], [ -78.3285, 35.896726 ], [ -78.331521, 35.897934 ], [ -78.332199, 35.899369 ], [ -78.332073, 35.901008 ], [ -78.335508, 35.905819 ], [ -78.338338, 35.905851 ], [ -78.340798, 35.907407 ], [ -78.343904, 35.906798 ], [ -78.350974, 35.910124 ], [ -78.351206, 35.910845 ], [ -78.353277, 35.931056 ], [ -78.354268, 35.931196 ], [ -78.391939, 35.936538 ], [ -78.394331, 35.936876 ], [ -78.412203, 35.957832 ], [ -78.418732, 35.96549 ], [ -78.41914, 35.965959 ], [ -78.426864, 35.975012 ], [ -78.435073, 35.97843 ], [ -78.469482, 35.992739 ], [ -78.475667, 35.995314 ], [ -78.485393, 35.99935 ], [ -78.485853, 35.999541 ], [ -78.487167, 36.00008 ], [ -78.493542, 36.002668 ], [ -78.496369, 36.003716 ], [ -78.502294, 36.005893 ], [ -78.512912, 36.009747 ], [ -78.517898, 36.011549 ], [ -78.518106, 36.011624 ], [ -78.518317, 36.011699 ], [ -78.518497, 36.011764 ], [ -78.546414, 36.021826 ], [ -78.545513, 36.056699 ] ] ] } },
{ "type": "Feature", "properties": { "STATEFP": "37", "COUNTYFP": "143", "COUNTYNS": "01025841", "GEOIDFQ": "0500000US37143", "GEOID": 37143, "NAME": "Perquimans", "NAMELSAD": "Perquimans County", "STUSPS": "NC", "STATE_NAME": "North Carolina", "LSAD": "06", "ALAND": 640173980, "AWATER": 211755191, "state": "NC", "county": "Perquimans", "fips": 37143, "adult_pop": "10,937", "observed_distress": 15.9, "loneliness_rate": 31.4, "access_to_exercise": 22.21453287, "social_associations_per_10k": 9.5119631228999992, "air_pollution": 6.5, "uninsured": 13.85002798, "unemployment_rate": 5.30679934, "providers_per_100k": 60.92917, "log_median_hh_income": 10.892284975197031, "rucc_category": "rural" }, "geometry": { "type": "Polygon", "coordinates": [ [ [ -76.588159, 36.241786 ], [ -76.588235, 36.244842 ], [ -76.587079, 36.24892 ], [ -76.582674, 36.250824 ], [ -76.57728, 36.254991 ], [ -76.573178, 36.257223 ], [ -76.572613, 36.258073 ], [ -76.572542, 36.259731 ], [ -76.571457, 36.264505 ], [ -76.5715, 36.267187 ], [ -76.568333, 36.273838 ], [ -76.567586, 36.277393 ], [ -76.567324, 36.282316 ], [ -76.568032, 36.286879 ], [ -76.565631, 36.292992 ], [ -76.565622, 36.294093 ], [ -76.567235, 36.297319 ], [ -76.567743, 36.302061 ], [ -76.567531, 36.304212 ], [ -76.568748, 36.309269 ], [ -76.567893, 36.314554 ], [ -76.567343, 36.315607 ], [ -76.562029, 36.321584 ], [ -76.561654, 36.322545 ], [ -76.563273, 36.324864 ], [ -76.563344, 36.326739 ], [ -76.559803, 36.335963 ], [ -76.560445, 36.338786 ], [ -76.561247, 36.344521 ], [ -76.559645, 36.348167 ], [ -76.559646, 36.351056 ], [ -76.556881, 36.355204 ], [ -76.539177, 36.357281 ], [ -76.453711, 36.378092 ], [ -76.447503, 36.363553 ], [ -76.40173, 36.301619 ], [ -76.400297, 36.300866 ], [ -76.397969, 36.300402 ], [ -76.395588, 36.297186 ], [ -76.394252, 36.295715 ], [ -76.394924, 36.29309 ], [ -76.394892, 36.292353 ], [ -76.393603, 36.291621 ], [ -76.391817, 36.290329 ], [ -76.392415, 36.289516 ], [ -76.391771, 36.287307 ], [ -76.389147, 36.284794 ], [ -76.386143, 36.283104 ], [ -76.381218, 36.27585 ], [ -76.377126, 36.27564 ], [ -76.375608, 36.273584 ], [ -76.375848, 36.271858 ], [ -76.377775, 36.270058 ], [ -76.377765, 36.268573 ], [ -76.376044, 36.263187 ], [ -76.37488, 36.258654 ], [ -76.37122, 36.256478 ], [ -76.366246, 36.254304 ], [ -76.362568, 36.253586 ], [ -76.361977, 36.252882 ], [ -76.357411, 36.252263 ], [ -76.355673, 36.251286 ], [ -76.352078, 36.251447 ], [ -76.349308, 36.249784 ], [ -76.347449, 36.249789 ], [ -76.343363, 36.246779 ], [ -76.342779, 36.245717 ], [ -76.343923, 36.244601 ], [ -76.343447, 36.243115 ], [ -76.340612, 36.241425 ], [ -76.337735, 36.240739 ], [ -76.334811, 36.242029 ], [ -76.332545, 36.244414 ], [ -76.330485, 36.24397 ], [ -76.330279, 36.243851 ], [ -76.328471, 36.241907 ], [ -76.324692, 36.240428 ], [ -76.32286, 36.240765 ], [ -76.320216, 36.240129 ], [ -76.317729, 36.240409 ], [ -76.315806, 36.237583 ], [ -76.314674, 36.232711 ], [ -76.312061, 36.232541 ], [ -76.310028, 36.231188 ], [ -76.307319, 36.230391 ], [ -76.307026, 36.227532 ], [ -76.306039, 36.227593 ], [ -76.304159, 36.225871 ], [ -76.304623, 36.223911 ], [ -76.303322, 36.221714 ], [ -76.300696, 36.22282 ], [ -76.299415, 36.221856 ], [ -76.294713, 36.223015 ], [ -76.292823, 36.222555 ], [ -76.290671, 36.223497 ], [ -76.28973, 36.221643 ], [ -76.289603, 36.217882 ], [ -76.28788, 36.217798 ], [ -76.2864, 36.216737 ], [ -76.285035, 36.215788 ], [ -76.28515, 36.214603 ], [ -76.288309, 36.213821 ], [ -76.286521, 36.209826 ], [ -76.284064, 36.208048 ], [ -76.282898, 36.206026 ], [ -76.280101, 36.20319 ], [ -76.280001, 36.199368 ], [ -76.279305, 36.198244 ], [ -76.273284, 36.195179 ], [ -76.272786, 36.194079 ], [ -76.273506961951895, 36.190785639621701 ], [ -76.277147, 36.19088 ], [ -76.278811, 36.188003 ], [ -76.276991, 36.184952 ], [ -76.277147, 36.180713 ], [ -76.2748041691856, 36.180145937037501 ], [ -76.270016, 36.178987 ], [ -76.269066, 36.172847 ], [ -76.264762, 36.170657 ], [ -76.259559, 36.165364 ], [ -76.25124, 36.162102 ], [ -76.246011, 36.158648 ], [ -76.244585, 36.155002 ], [ -76.236433, 36.146113 ], [ -76.236028, 36.137536 ], [ -76.228528, 36.130647 ], [ -76.227472, 36.12525 ], [ -76.218915, 36.118147 ], [ -76.210359, 36.115459 ], [ -76.200376, 36.10893 ], [ -76.191716, 36.107197 ], [ -76.196811, 36.103553 ], [ -76.206556, 36.101441 ], [ -76.213686, 36.096064 ], [ -76.224657, 36.097162 ], [ -76.228898, 36.099905 ], [ -76.233722, 36.097855 ], [ -76.238713, 36.098568 ], [ -76.241733, 36.102017 ], [ -76.249101, 36.104706 ], [ -76.251477, 36.102593 ], [ -76.257895, 36.106434 ], [ -76.263361, 36.105858 ], [ -76.284459, 36.114587 ], [ -76.288555, 36.119683 ], [ -76.296874, 36.122946 ], [ -76.30934, 36.124882 ], [ -76.3147, 36.128514 ], [ -76.318978, 36.132353 ], [ -76.323257, 36.134849 ], [ -76.328961, 36.134273 ], [ -76.336091, 36.135617 ], [ -76.339262489803701, 36.137697690786297 ], [ -76.339894, 36.138112 ], [ -76.3475, 36.138304 ], [ -76.35463, 36.139456 ], [ -76.359384, 36.140031 ], [ -76.365326, 36.137728 ], [ -76.373572, 36.138208 ], [ -76.379379, 36.142886 ], [ -76.382677, 36.149244 ], [ -76.387678, 36.155717 ], [ -76.390282, 36.162486 ], [ -76.393911233065097, 36.164380323020303 ], [ -76.4008, 36.167976 ], [ -76.405019, 36.17208 ], [ -76.416665, 36.177452 ], [ -76.420943, 36.181097 ], [ -76.42736, 36.180713 ], [ -76.434966, 36.189921 ], [ -76.438056, 36.191839 ], [ -76.444711, 36.191648 ], [ -76.44994, 36.193374 ], [ -76.452112889867706, 36.193111187279399 ], [ -76.454002663921699, 36.192882617636698 ], [ -76.454694, 36.192799 ], [ -76.4560427848063, 36.189765754457198 ], [ -76.457758164999206, 36.185908082499601 ], [ -76.458021, 36.185317 ], [ -76.457891093850904, 36.185200817163697 ], [ -76.456819147937495, 36.184242111840803 ], [ -76.449227, 36.177452 ], [ -76.442572, 36.174766 ], [ -76.442541173518606, 36.174738 ], [ -76.441845456391405, 36.1741060732055 ], [ -76.436868, 36.169585 ], [ -76.435679, 36.162486 ], [ -76.430213, 36.160759 ], [ -76.425541, 36.160891 ], [ -76.402879, 36.144638 ], [ -76.396329, 36.139182 ], [ -76.395036, 36.134273 ], [ -76.389192, 36.133236 ], [ -76.38288, 36.127537 ], [ -76.381964, 36.122946 ], [ -76.371743, 36.117763 ], [ -76.365088, 36.119875 ], [ -76.360097, 36.121027 ], [ -76.346419, 36.121023 ], [ -76.345361, 36.113923 ], [ -76.340607, 36.113155 ], [ -76.339657, 36.109122 ], [ -76.336091, 36.108546 ], [ -76.328723, 36.104514 ], [ -76.315889, 36.100865 ], [ -76.309234, 36.101057 ], [ -76.302579, 36.100289 ], [ -76.304005, 36.094527 ], [ -76.311333, 36.090897 ], [ -76.31779, 36.090494 ], [ -76.323257, 36.087805 ], [ -76.323479, 36.084879 ], [ -76.331903, 36.083826 ], [ -76.334893, 36.085321 ], [ -76.336567, 36.088381 ], [ -76.347025, 36.088765 ], [ -76.35507, 36.086458 ], [ -76.369367, 36.085308 ], [ -76.373267642476705, 36.084189371124701 ], [ -76.384103, 36.081082 ], [ -76.404241, 36.07879 ], [ -76.407333521493499, 36.079638143022798 ], [ -76.411198, 36.080698 ], [ -76.411816114973007, 36.0753293042306 ], [ -76.419335, 36.074856 ], [ -76.424694, 36.075637 ], [ -76.43026, 36.075048 ], [ -76.43728, 36.077027 ], [ -76.445591, 36.075903 ], [ -76.447209, 36.077503 ], [ -76.447874, 36.079521 ], [ -76.450212, 36.079933 ], [ -76.453032, 36.079228 ], [ -76.455054, 36.079957 ], [ -76.461046, 36.087658 ], [ -76.462556, 36.088623 ], [ -76.465602, 36.089311 ], [ -76.469581, 36.089257 ], [ -76.473066, 36.089784 ], [ -76.475176, 36.090607 ], [ -76.477338, 36.092899 ], [ -76.478789, 36.093554 ], [ -76.480594, 36.093159 ], [ -76.487942, 36.086832 ], [ -76.490848, 36.08502 ], [ -76.492005, 36.08476 ], [ -76.493158, 36.085955 ], [ -76.49442, 36.08457 ], [ -76.496736, 36.0853 ], [ -76.500165, 36.085592 ], [ -76.501633, 36.086788 ], [ -76.505488, 36.087595 ], [ -76.507017, 36.088482 ], [ -76.510252, 36.093659 ], [ -76.517532, 36.097401 ], [ -76.521569, 36.097301 ], [ -76.523656, 36.096399 ], [ -76.528775, 36.095729 ], [ -76.534082, 36.09669 ], [ -76.539064, 36.094572 ], [ -76.544185, 36.096398 ], [ -76.547537, 36.09919 ], [ -76.54944, 36.099717 ], [ -76.556684, 36.100456 ], [ -76.559778, 36.101096 ], [ -76.564206, 36.103363 ], [ -76.566304, 36.104422 ], [ -76.569893, 36.107001 ], [ -76.572077, 36.109463 ], [ -76.573073, 36.111757 ], [ -76.576691, 36.140273 ], [ -76.586398, 36.213414 ], [ -76.590107, 36.238862 ], [ -76.588159, 36.241786 ] ] ] } },
{ "type": "Feature", "properties": { "STATEFP": "37", "COUNTYFP": "157", "COUNTYNS": "01008582", "GEOIDFQ": "0500000US37157", "GEOID": 37157, "NAME": "Rockingham", "NAMELSAD": "Rockingham County", "STUSPS": "NC", "STATE_NAME": "North Carolina", "LSAD": "06", "ALAND": 1465006551, "AWATER": 18434917, "state": "NC", "county": "Rockingham", "fips": 37157, "adult_pop": "73,816", "observed_distress": 17.8, "loneliness_rate": 33.7, "access_to_exercise": 70.92408009, "social_associations_per_10k": 15.227036205, "air_pollution": 8.2, "uninsured": 16.14601083, "unemployment_rate": 5.53209131, "providers_per_100k": 144.63217, "log_median_hh_income": 10.755090418788049, "rucc_category": "metro" }, "geometry": { "type": "Polygon", "coordinates": [ [ [ -80.03321, 36.327371 ], [ -80.033117, 36.330778 ], [ -80.03273, 36.344982 ], [ -80.032134, 36.366911 ], [ -80.029926, 36.447838 ], [ -80.027338975959196, 36.542495111325699 ], [ -80.027269, 36.542495 ], [ -79.988026006864004, 36.542499596890003 ], [ -79.967511, 36.542502 ], [ -79.966979, 36.542475 ], [ -79.933269124100093, 36.542454985150002 ], [ -79.920080143593097, 36.542447154344899 ], [ -79.910606151089098, 36.542441529271201 ], [ -79.904662, 36.542438 ], [ -79.887262, 36.542838 ], [ -79.865596428123695, 36.542732998024 ], [ -79.841323867760295, 36.542615361304598 ], [ -79.829181590404303, 36.542556513879603 ], [ -79.807715624497405, 36.542452479292002 ], [ -79.775077746527899, 36.542294300145002 ], [ -79.771496604571595, 36.542276944176599 ], [ -79.736234738057405, 36.542106047895501 ], [ -79.731891718905999, 36.5420849994969 ], [ -79.714840196259203, 36.542002359464099 ], [ -79.667309, 36.541772 ], [ -79.666827, 36.541772 ], [ -79.628863631198101, 36.5415206610108 ], [ -79.606028538205294, 36.541369479770196 ], [ -79.517825764493395, 36.540785527484203 ], [ -79.513647055786294, 36.540757862067402 ], [ -79.514161, 36.532536 ], [ -79.517914, 36.47278 ], [ -79.519194, 36.452371 ], [ -79.519392, 36.449185 ], [ -79.520236, 36.435732 ], [ -79.522531, 36.399088 ], [ -79.523054, 36.390722 ], [ -79.525352, 36.353994 ], [ -79.527196, 36.324501 ], [ -79.531865, 36.249673 ], [ -79.53241, 36.241463 ], [ -79.606616, 36.243594 ], [ -79.617461, 36.243941 ], [ -79.646837, 36.244796 ], [ -79.666953, 36.245118 ], [ -79.682841, 36.245486 ], [ -79.685704, 36.245551 ], [ -79.700565, 36.245895 ], [ -79.717412, 36.246591 ], [ -79.720757, 36.246568 ], [ -79.782448, 36.248636 ], [ -79.783951, 36.248687 ], [ -79.808885, 36.249513 ], [ -79.838744, 36.25057 ], [ -79.867407, 36.251783 ], [ -79.881038, 36.252408 ], [ -79.89598, 36.252949 ], [ -79.92309, 36.253916 ], [ -79.945134, 36.25457 ], [ -79.954269, 36.254841 ], [ -79.961101, 36.255041 ], [ -79.985024, 36.255737 ], [ -79.991256, 36.255926 ], [ -80.035119, 36.257184 ], [ -80.03321, 36.327371 ] ] ] } },
{ "type": "Feature", "properties": { "STATEFP": "37", "COUNTYFP": "107", "COUNTYNS": "01008568", "GEOIDFQ": "0500000US37107", "GEOID": 37107, "NAME": "Lenoir", "NAMELSAD": "Lenoir County", "STUSPS": "NC", "STATE_NAME": "North Carolina", "LSAD": "06", "ALAND": 1033630006, "AWATER": 5900299, "state": "NC", "county": "Lenoir", "fips": 37107, "adult_pop": "42,399", "observed_distress": 18.5, "loneliness_rate": 34.0, "access_to_exercise": 64.11777512, "social_associations_per_10k": 13.99856425, "air_pollution": 7.1, "uninsured": 16.67368694, "unemployment_rate": 4.95351432, "providers_per_100k": 151.7201, "log_median_hh_income": 10.697475048022143, "rucc_category": "mid" }, "geometry": { "type": "Polygon", "coordinates": [ [ [ -77.831086, 35.230206 ], [ -77.830886, 35.233455 ], [ -77.826443, 35.306551 ], [ -77.825984, 35.314166 ], [ -77.824979, 35.330669 ], [ -77.82418, 35.343811 ], [ -77.819371, 35.352317 ], [ -77.818068, 35.357366 ], [ -77.814868, 35.361459 ], [ -77.811307, 35.363888 ], [ -77.807785, 35.367796 ], [ -77.806248, 35.368754 ], [ -77.777669, 35.367664 ], [ -77.741176, 35.371966 ], [ -77.701904, 35.376582 ], [ -77.697516, 35.377097 ], [ -77.696658, 35.376465 ], [ -77.696211, 35.375351 ], [ -77.697184, 35.371509 ], [ -77.694702, 35.3686 ], [ -77.694289, 35.365827 ], [ -77.690269, 35.364383 ], [ -77.690028, 35.362534 ], [ -77.690876, 35.361084 ], [ -77.690139, 35.359689 ], [ -77.688155, 35.35876 ], [ -77.686605, 35.357234 ], [ -77.684648, 35.354481 ], [ -77.682332, 35.349749 ], [ -77.681093, 35.348357 ], [ -77.679281, 35.347515 ], [ -77.676719, 35.347344 ], [ -77.673174, 35.347889 ], [ -77.670435, 35.348772 ], [ -77.666664, 35.350636 ], [ -77.664847, 35.351942 ], [ -77.661248, 35.352263 ], [ -77.660842, 35.352814 ], [ -77.659344, 35.353864 ], [ -77.657751, 35.353919 ], [ -77.653223, 35.352492 ], [ -77.651181, 35.353125 ], [ -77.648141, 35.355276 ], [ -77.644812, 35.354503 ], [ -77.642289, 35.354684 ], [ -77.639101, 35.354086 ], [ -77.637314, 35.354455 ], [ -77.634519, 35.357488 ], [ -77.632512, 35.361215 ], [ -77.629583, 35.363308 ], [ -77.628285, 35.365695 ], [ -77.626876, 35.367081 ], [ -77.623433, 35.368841 ], [ -77.618073, 35.372609 ], [ -77.61541, 35.374979 ], [ -77.614381, 35.377563 ], [ -77.610962, 35.378633 ], [ -77.606957, 35.379497 ], [ -77.606224, 35.379142 ], [ -77.603211, 35.375163 ], [ -77.602337, 35.374923 ], [ -77.598697, 35.375669 ], [ -77.595394, 35.375582 ], [ -77.593189, 35.37406 ], [ -77.590675, 35.373599 ], [ -77.589323, 35.373763 ], [ -77.586516, 35.376859 ], [ -77.586093, 35.378383 ], [ -77.584667, 35.3797 ], [ -77.583441, 35.379383 ], [ -77.582753, 35.3782 ], [ -77.581544, 35.377926 ], [ -77.580481, 35.379565 ], [ -77.57872, 35.380164 ], [ -77.576223, 35.37999 ], [ -77.571862, 35.382369 ], [ -77.570146, 35.382363 ], [ -77.567125, 35.383286 ], [ -77.566382, 35.382982 ], [ -77.56488, 35.38411 ], [ -77.565664, 35.385778 ], [ -77.564333, 35.387723 ], [ -77.561462, 35.387277 ], [ -77.540785, 35.395929 ], [ -77.539471, 35.396678 ], [ -77.534173, 35.398104 ], [ -77.531807, 35.401487 ], [ -77.532763, 35.404845 ], [ -77.531154, 35.408171 ], [ -77.530173, 35.407871 ], [ -77.528599, 35.40925 ], [ -77.528259, 35.411993 ], [ -77.527272, 35.412573 ], [ -77.528338, 35.414336 ], [ -77.526581, 35.414756 ], [ -77.520969, 35.414544 ], [ -77.519837, 35.415287 ], [ -77.520857, 35.416792 ], [ -77.519662, 35.416683 ], [ -77.517833, 35.418002 ], [ -77.516245, 35.418242 ], [ -77.512028, 35.420166 ], [ -77.509899, 35.421517 ], [ -77.506701, 35.421896 ], [ -77.505973, 35.42126 ], [ -77.507459, 35.41993 ], [ -77.506365, 35.418857 ], [ -77.504583, 35.419527 ], [ -77.502683, 35.418494 ], [ -77.501109, 35.418424 ], [ -77.498368, 35.416688 ], [ -77.499142, 35.414571 ], [ -77.496588, 35.412528 ], [ -77.494042, 35.411696 ], [ -77.49262, 35.411707 ], [ -77.487745, 35.413305 ], [ -77.48386, 35.413667 ], [ -77.481966, 35.414451 ], [ -77.481225, 35.41548 ], [ -77.482034, 35.41722 ], [ -77.482029, 35.419088 ], [ -77.482665, 35.420415 ], [ -77.482682, 35.422795 ], [ -77.480112, 35.424875 ], [ -77.476642, 35.425913 ], [ -77.475515, 35.426655 ], [ -77.474426, 35.426771 ], [ -77.473647, 35.426524 ], [ -77.472719, 35.425719 ], [ -77.469904, 35.419924 ], [ -77.471218, 35.417173 ], [ -77.470722, 35.409765 ], [ -77.468954, 35.40769 ], [ -77.463475, 35.404023 ], [ -77.464925, 35.402747 ], [ -77.463616, 35.402568 ], [ -77.463261, 35.401176 ], [ -77.461539, 35.401154 ], [ -77.460855, 35.4 ], [ -77.463431, 35.399628 ], [ -77.46043, 35.397132 ], [ -77.45764, 35.396843 ], [ -77.456148, 35.395158 ], [ -77.458019, 35.394008 ], [ -77.455771, 35.392719 ], [ -77.453656, 35.394091 ], [ -77.451201, 35.394037 ], [ -77.452239, 35.392917 ], [ -77.451718, 35.392089 ], [ -77.448488, 35.39273 ], [ -77.450402, 35.391517 ], [ -77.449297, 35.389508 ], [ -77.449902, 35.38888 ], [ -77.454555, 35.386117 ], [ -77.455032, 35.385533 ], [ -77.453628, 35.383286 ], [ -77.451438, 35.382726 ], [ -77.449793, 35.381048 ], [ -77.445916, 35.381071 ], [ -77.445203, 35.379978 ], [ -77.447146, 35.378032 ], [ -77.448832, 35.374308 ], [ -77.448596, 35.37229 ], [ -77.448165, 35.371541 ], [ -77.446041, 35.369923 ], [ -77.439963, 35.366966 ], [ -77.437641, 35.36778 ], [ -77.433057, 35.368051 ], [ -77.432742, 35.367913 ], [ -77.431461, 35.36695 ], [ -77.429017, 35.362951 ], [ -77.427063, 35.359516 ], [ -77.42755, 35.355845 ], [ -77.427022, 35.351437 ], [ -77.426448, 35.349759 ], [ -77.425191, 35.3491 ], [ -77.423446, 35.34961 ], [ -77.421592, 35.348811 ], [ -77.420324, 35.351992 ], [ -77.418839, 35.352574 ], [ -77.416852, 35.351727 ], [ -77.415557, 35.3523 ], [ -77.413255, 35.351703 ], [ -77.411193, 35.352196 ], [ -77.408207, 35.353371 ], [ -77.403785, 35.349419 ], [ -77.400865, 35.34794 ], [ -77.397935, 35.347008 ], [ -77.3934, 35.346984 ], [ -77.391756, 35.345634 ], [ -77.390794, 35.341196 ], [ -77.391026, 35.339533 ], [ -77.391589, 35.339163 ], [ -77.39316, 35.340341 ], [ -77.393934, 35.34263 ], [ -77.395158, 35.343024 ], [ -77.398507, 35.34163 ], [ -77.40862, 35.339407 ], [ -77.410923, 35.337799 ], [ -77.410089, 35.33488 ], [ -77.410498, 35.331868 ], [ -77.411279, 35.333236 ], [ -77.414684, 35.333819 ], [ -77.414062, 35.331004 ], [ -77.415187, 35.330421 ], [ -77.417135, 35.33118 ], [ -77.419602, 35.330572 ], [ -77.421568, 35.331212 ], [ -77.422823, 35.328786 ], [ -77.425122, 35.329953 ], [ -77.428564, 35.329871 ], [ -77.429247, 35.330532 ], [ -77.431253, 35.32983 ], [ -77.43213, 35.327782 ], [ -77.431409, 35.326373 ], [ -77.432257, 35.324338 ], [ -77.431711, 35.323187 ], [ -77.431091, 35.313008 ], [ -77.432037, 35.312289 ], [ -77.438432, 35.311805 ], [ -77.439395, 35.310654 ], [ -77.440227, 35.304258 ], [ -77.440624, 35.303476 ], [ -77.449136, 35.301839 ], [ -77.449613, 35.299457 ], [ -77.448445, 35.297339 ], [ -77.446285, 35.295829 ], [ -77.446673, 35.294706 ], [ -77.446472, 35.293465 ], [ -77.443708, 35.292073 ], [ -77.43993, 35.289593 ], [ -77.440589, 35.284574 ], [ -77.437656, 35.276987 ], [ -77.434554, 35.274366 ], [ -77.431776, 35.271184 ], [ -77.428754, 35.265882 ], [ -77.428609, 35.264076 ], [ -77.426172, 35.262375 ], [ -77.425676, 35.258822 ], [ -77.426975, 35.255869 ], [ -77.432566, 35.250177 ], [ -77.439039, 35.247932 ], [ -77.445907, 35.246579 ], [ -77.464316, 35.239155 ], [ -77.465616, 35.234618 ], [ -77.473294, 35.231064 ], [ -77.473692, 35.228985 ], [ -77.527182, 35.243001 ], [ -77.507463, 35.172814 ], [ -77.529952, 35.148554 ], [ -77.534681, 35.143434 ], [ -77.55359, 35.122999 ], [ -77.573513, 35.101412 ], [ -77.597821, 35.075115 ], [ -77.598044, 35.074875 ], [ -77.601282, 35.071368 ], [ -77.678797, 35.033619 ], [ -77.731026, 35.008138 ], [ -77.746037, 35.02234 ], [ -77.746601, 35.036109 ], [ -77.747098, 35.04825 ], [ -77.747226, 35.051377 ], [ -77.7489, 35.051331 ], [ -77.749089, 35.055965 ], [ -77.749181, 35.058179 ], [ -77.747507, 35.058225 ], [ -77.747617, 35.060924 ], [ -77.74804, 35.071256 ], [ -77.74955, 35.10806 ], [ -77.749572, 35.10861 ], [ -77.767918, 35.143206 ], [ -77.769177, 35.145576 ], [ -77.817001, 35.1693 ], [ -77.834249, 35.177846 ], [ -77.831086, 35.230206 ] ] ] } },
{ "type": "Feature", "properties": { "STATEFP": "37", "COUNTYFP": "045", "COUNTYNS": "01008547", "GEOIDFQ": "0500000US37045", "GEOID": 37045, "NAME": "Cleveland", "NAMELSAD": "Cleveland County", "STUSPS": "NC", "STATE_NAME": "North Carolina", "LSAD": "06", "ALAND": 1202400604, "AWATER": 10177696, "state": "NC", "county": "Cleveland", "fips": 37045, "adult_pop": "78,793", "observed_distress": 17.8, "loneliness_rate": 33.4, "access_to_exercise": 65.03280781000001, "social_associations_per_10k": 18.074418134999998, "air_pollution": 8.9, "uninsured": 16.75597984, "unemployment_rate": 5.31814463, "providers_per_100k": 150.45985, "log_median_hh_income": 10.799759233696244, "rucc_category": "mid" }, "geometry": { "type": "Polygon", "coordinates": [ [ [ -81.768108596181193, 35.180388327917797 ], [ -81.759849, 35.22118 ], [ -81.759541, 35.222646 ], [ -81.758536, 35.224864 ], [ -81.757165, 35.227903 ], [ -81.74929, 35.245864 ], [ -81.743242, 35.259999 ], [ -81.740895, 35.265679 ], [ -81.735212, 35.27945 ], [ -81.728506, 35.295556 ], [ -81.709606, 35.341095 ], [ -81.707302, 35.346602 ], [ -81.702853, 35.357304 ], [ -81.701537, 35.386744 ], [ -81.700971, 35.400656 ], [ -81.700647, 35.403285 ], [ -81.69573, 35.485909 ], [ -81.694537, 35.501867 ], [ -81.69382, 35.51552 ], [ -81.691989, 35.580041 ], [ -81.692673, 35.582981 ], [ -81.691055, 35.584576 ], [ -81.690139, 35.583215 ], [ -81.688327, 35.582523 ], [ -81.688467, 35.581309 ], [ -81.686216, 35.57878 ], [ -81.685084, 35.57888 ], [ -81.6844, 35.577153 ], [ -81.680467, 35.576586 ], [ -81.679735, 35.576009 ], [ -81.677228, 35.572239 ], [ -81.6759, 35.571998 ], [ -81.67448, 35.570041 ], [ -81.674224, 35.568804 ], [ -81.672858, 35.568633 ], [ -81.670969, 35.56677 ], [ -81.668724, 35.566755 ], [ -81.667814, 35.566178 ], [ -81.662862, 35.56752 ], [ -81.660465, 35.566472 ], [ -81.660376, 35.565373 ], [ -81.65709, 35.565391 ], [ -81.653315, 35.562994 ], [ -81.648967, 35.56161 ], [ -81.645354, 35.562132 ], [ -81.638699, 35.563809 ], [ -81.634743, 35.565402 ], [ -81.633429, 35.567293 ], [ -81.633407, 35.565647 ], [ -81.632576, 35.565391 ], [ -81.625497, 35.566365 ], [ -81.620915, 35.566289 ], [ -81.619189, 35.567156 ], [ -81.617912, 35.566792 ], [ -81.61742, 35.565456 ], [ -81.611449, 35.567071 ], [ -81.607193, 35.566831 ], [ -81.60489, 35.567963 ], [ -81.601501, 35.56892 ], [ -81.597911, 35.570965 ], [ -81.596232, 35.57126 ], [ -81.594977, 35.570004 ], [ -81.595592, 35.568265 ], [ -81.594145, 35.566654 ], [ -81.592289, 35.566405 ], [ -81.591379, 35.565073 ], [ -81.590284, 35.565048 ], [ -81.582725, 35.566512 ], [ -81.580543, 35.567518 ], [ -81.577234, 35.566399 ], [ -81.577589, 35.564303 ], [ -81.579063, 35.562246 ], [ -81.577507, 35.561293 ], [ -81.576751, 35.559925 ], [ -81.574188, 35.559724 ], [ -81.573187, 35.558679 ], [ -81.569799, 35.558311 ], [ -81.56678, 35.558448 ], [ -81.566574, 35.559813 ], [ -81.564572, 35.561195 ], [ -81.561061, 35.562932 ], [ -81.555574, 35.562244 ], [ -81.551564, 35.563879 ], [ -81.5492, 35.563894 ], [ -81.547403, 35.564601 ], [ -81.545299, 35.564721 ], [ -81.537599, 35.564228 ], [ -81.515421, 35.558297 ], [ -81.509218, 35.550352 ], [ -81.509111, 35.540023 ], [ -81.509455, 35.536266 ], [ -81.510619, 35.529643 ], [ -81.513004, 35.523317 ], [ -81.506029, 35.511379 ], [ -81.500691, 35.502381 ], [ -81.495244, 35.494098 ], [ -81.49167, 35.486823 ], [ -81.48666, 35.479339 ], [ -81.481383, 35.471503 ], [ -81.475464, 35.460167 ], [ -81.466917, 35.442208 ], [ -81.466612, 35.4398 ], [ -81.465148, 35.438215 ], [ -81.458803, 35.423681 ], [ -81.4556, 35.419811 ], [ -81.455323, 35.418897 ], [ -81.411094, 35.367357 ], [ -81.398924, 35.353138 ], [ -81.388134, 35.348401 ], [ -81.382832, 35.346075 ], [ -81.372054, 35.339698 ], [ -81.366023, 35.336129 ], [ -81.356682, 35.330604 ], [ -81.363631, 35.323695 ], [ -81.365131, 35.320182 ], [ -81.3666, 35.314857 ], [ -81.364925, 35.311225 ], [ -81.359857, 35.301968 ], [ -81.356095, 35.297701 ], [ -81.355128, 35.294384 ], [ -81.356203, 35.288089 ], [ -81.355773, 35.280829 ], [ -81.353507, 35.277351 ], [ -81.348996, 35.274937 ], [ -81.336263, 35.268127 ], [ -81.331534, 35.265599 ], [ -81.326554, 35.262939 ], [ -81.326212, 35.262829 ], [ -81.324483, 35.262338 ], [ -81.321729, 35.260449 ], [ -81.322256, 35.256802 ], [ -81.322778, 35.252749 ], [ -81.323158, 35.249639 ], [ -81.323419, 35.247663 ], [ -81.323624, 35.246109 ], [ -81.323966, 35.24352 ], [ -81.324261, 35.241118 ], [ -81.324147, 35.231275 ], [ -81.324146, 35.231112 ], [ -81.324144, 35.230836 ], [ -81.324013, 35.219558 ], [ -81.324021, 35.218939 ], [ -81.3239, 35.209784 ], [ -81.323883, 35.208351 ], [ -81.323668, 35.189605 ], [ -81.327561, 35.167611 ], [ -81.328039375457294, 35.163405284383998 ], [ -81.366599750283498, 35.164889487764 ], [ -81.366691, 35.164893 ], [ -81.438476719455196, 35.167740383799703 ], [ -81.438940973611693, 35.167758798461797 ], [ -81.442742730023198, 35.167909595301303 ], [ -81.445627, 35.168024 ], [ -81.4503311872068, 35.168210889138798 ], [ -81.452398, 35.168293 ], [ -81.461408, 35.168657 ], [ -81.466866935019198, 35.168877793983498 ], [ -81.470014763943894, 35.169005112166502 ], [ -81.493401, 35.169951 ], [ -81.494265, 35.169882 ], [ -81.516870505989601, 35.170709187818701 ], [ -81.54515, 35.171744 ], [ -81.563885396378694, 35.1724291848994 ], [ -81.572804773189603, 35.172755381483697 ], [ -81.581681, 35.17308 ], [ -81.609005198779499, 35.174252118901698 ], [ -81.609549097521494, 35.1742754503817 ], [ -81.614877, 35.174504 ], [ -81.624783582978594, 35.1749288346141 ], [ -81.646707, 35.175869 ], [ -81.675509923204899, 35.177104110979201 ], [ -81.680801, 35.177331 ], [ -81.716259, 35.178852 ], [ -81.738492, 35.179511 ], [ -81.763413164043001, 35.180249235846702 ], [ -81.768108596181193, 35.180388327917797 ] ] ] } },
{ "type": "Feature", "properties": { "STATEFP": "37", "COUNTYFP": "145", "COUNTYNS": "01008577", "GEOIDFQ": "0500000US37145", "GEOID": 37145, "NAME": "Person", "NAMELSAD": "Person County", "STUSPS": "NC", "STATE_NAME": "North Carolina", "LSAD": "06", "ALAND": 1016154886, "AWATER": 31205409, "state": "NC", "county": "Person", "fips": 37145, "adult_pop": "31,541", "observed_distress": 17.3, "loneliness_rate": 32.6, "access_to_exercise": 44.31286288, "social_associations_per_10k": 13.775829681, "air_pollution": 8.0, "uninsured": 14.27525937, "unemployment_rate": 4.95441719, "providers_per_100k": 99.67542, "log_median_hh_income": 10.920293078500146, "rucc_category": "metro" }, "geometry": { "type": "Polygon", "coordinates": [ [ [ -79.152946, 36.262071 ], [ -79.148669, 36.344129 ], [ -79.148239, 36.35237 ], [ -79.146026, 36.394768 ], [ -79.143179, 36.446747 ], [ -79.143161, 36.447067 ], [ -79.142942, 36.451077 ], [ -79.14192, 36.469718 ], [ -79.140664, 36.492689 ], [ -79.138331187163899, 36.541738061605002 ], [ -79.137936, 36.541739 ], [ -79.126078, 36.541533 ], [ -79.124736, 36.541568 ], [ -78.971814, 36.542123 ], [ -78.970577, 36.542154 ], [ -78.964535425097097, 36.542138001761202 ], [ -78.963324119706101, 36.542134794194801 ], [ -78.942254, 36.542079 ], [ -78.942009, 36.542113 ], [ -78.920211200158207, 36.541999047080402 ], [ -78.91542, 36.541974 ], [ -78.914543, 36.541972 ], [ -78.901712996422006, 36.5419438971023 ], [ -78.848199480397597, 36.541826680855699 ], [ -78.7963, 36.541713 ], [ -78.796271001409096, 36.541713013151302 ], [ -78.794845, 36.526439 ], [ -78.796738, 36.460025 ], [ -78.797099, 36.447661 ], [ -78.79723, 36.442588 ], [ -78.797482, 36.432806 ], [ -78.799546, 36.352579 ], [ -78.799795, 36.341082 ], [ -78.799955, 36.333613 ], [ -78.800497, 36.309889 ], [ -78.80152, 36.266923 ], [ -78.802335, 36.235794 ], [ -78.88861, 36.238039 ], [ -78.906142, 36.238457 ], [ -78.918203, 36.23869 ], [ -78.932939, 36.238976 ], [ -78.936611, 36.239077 ], [ -78.950597, 36.23932 ], [ -78.994098, 36.239896 ], [ -79.032219, 36.240375 ], [ -79.035292, 36.240424 ], [ -79.065924, 36.240909 ], [ -79.071348, 36.240993 ], [ -79.118218, 36.241397 ], [ -79.153997, 36.241875 ], [ -79.152946, 36.262071 ] ] ] } },
{ "type": "Feature", "properties": { "STATEFP": "37", "COUNTYFP": "151", "COUNTYNS": "01008580", "GEOIDFQ": "0500000US37151", "GEOID": 37151, "NAME": "Randolph", "NAMELSAD": "Randolph County", "STUSPS": "NC", "STATE_NAME": "North Carolina", "LSAD": "06", "ALAND": 2026235121, "AWATER": 19710825, "state": "NC", "county": "Randolph", "fips": 37151, "adult_pop": "114,881", "observed_distress": 17.9, "loneliness_rate": 32.5, "access_to_exercise": 53.08765286, "social_associations_per_10k": 10.514883402000001, "air_pollution": 9.0, "uninsured": 18.38615498, "unemployment_rate": 4.67696563, "providers_per_100k": 111.59177, "log_median_hh_income": 10.952349215939682, "rucc_category": "metro" }, "geometry": { "type": "Polygon", "coordinates": [ [ [ -80.064758, 35.561377 ], [ -80.064072, 35.579754 ], [ -80.063023, 35.609519 ], [ -80.062986, 35.610755 ], [ -80.062927, 35.612617 ], [ -80.06036, 35.669402 ], [ -80.058681, 35.704184 ], [ -80.058236, 35.713233 ], [ -80.056352, 35.750132 ], [ -80.055889, 35.75881 ], [ -80.05462, 35.781275 ], [ -80.053361, 35.802998 ], [ -80.052547, 35.816906 ], [ -80.05241, 35.819373 ], [ -80.050546, 35.851237 ], [ -80.049929, 35.861222 ], [ -80.049549, 35.867481 ], [ -80.049177, 35.874985 ], [ -80.048807, 35.881131 ], [ -80.048151, 35.894141 ], [ -80.047697, 35.90299 ], [ -80.047284, 35.911836 ], [ -80.047112, 35.914329 ], [ -80.047094, 35.914479 ], [ -80.047004, 35.916807 ], [ -80.046869, 35.920693 ], [ -80.042023, 35.920489 ], [ -80.041582, 35.92047 ], [ -80.041287, 35.920458 ], [ -80.037566, 35.920301 ], [ -80.034874, 35.920187 ], [ -80.026352, 35.919826 ], [ -80.024973, 35.919768 ], [ -80.010032, 35.919198 ], [ -80.008592, 35.91914 ], [ -80.004992, 35.918989 ], [ -79.999567, 35.918758 ], [ -79.975134, 35.917796 ], [ -79.973355, 35.917725 ], [ -79.972282, 35.91768 ], [ -79.965643, 35.917405 ], [ -79.964029, 35.917338 ], [ -79.962302, 35.917265 ], [ -79.961213, 35.917704 ], [ -79.960937, 35.91721 ], [ -79.958071, 35.917096 ], [ -79.957259, 35.917062 ], [ -79.956529, 35.917034 ], [ -79.952205, 35.916874 ], [ -79.947949, 35.916702 ], [ -79.946152, 35.916629 ], [ -79.940983, 35.916415 ], [ -79.940178, 35.916547 ], [ -79.935931, 35.916372 ], [ -79.934277, 35.916304 ], [ -79.920518, 35.915738 ], [ -79.878932, 35.914018 ], [ -79.854633, 35.912946 ], [ -79.809371, 35.910976 ], [ -79.793324, 35.910198 ], [ -79.791236, 35.910102 ], [ -79.763309, 35.908842 ], [ -79.738305, 35.907793 ], [ -79.713233, 35.90679 ], [ -79.704135, 35.906425 ], [ -79.670774, 35.905087 ], [ -79.667962, 35.904975 ], [ -79.661321, 35.904709 ], [ -79.637776, 35.903764 ], [ -79.629457, 35.903429 ], [ -79.627946, 35.903368 ], [ -79.541728, 35.899851 ], [ -79.541922, 35.883351 ], [ -79.542428, 35.843303 ], [ -79.543094, 35.823342 ], [ -79.543218, 35.817758 ], [ -79.543611, 35.805214 ], [ -79.54412, 35.789044 ], [ -79.544301, 35.782927 ], [ -79.544701, 35.77054 ], [ -79.545541, 35.742601 ], [ -79.546687, 35.708997 ], [ -79.546895, 35.705514 ], [ -79.549608, 35.658758 ], [ -79.551423, 35.631484 ], [ -79.553233, 35.599281 ], [ -79.554038, 35.572834 ], [ -79.554816, 35.547456 ], [ -79.555033, 35.540381 ], [ -79.555804, 35.515039 ], [ -79.57519, 35.514732 ], [ -79.590297, 35.514492 ], [ -79.638149, 35.513717 ], [ -79.685683, 35.512926 ], [ -79.724457, 35.512269 ], [ -79.767957, 35.511484 ], [ -79.804573, 35.511078 ], [ -79.812786, 35.510994 ], [ -79.832229, 35.510781 ], [ -79.861343, 35.510416 ], [ -79.901363, 35.509866 ], [ -79.939811, 35.508705 ], [ -79.970799, 35.507621 ], [ -80.003351, 35.506936 ], [ -80.066842, 35.505661 ], [ -80.064758, 35.561377 ] ] ] } },
{ "type": "Feature", "properties": { "STATEFP": "37", "COUNTYFP": "185", "COUNTYNS": "01008593", "GEOIDFQ": "0500000US37185", "GEOID": 37185, "NAME": "Warren", "NAMELSAD": "Warren County", "STUSPS": "NC", "STATE_NAME": "North Carolina", "LSAD": "06", "ALAND": 1112119289, "AWATER": 38613740, "state": "NC", "county": "Warren", "fips": 37185, "adult_pop": "15,503", "observed_distress": 17.2, "loneliness_rate": 34.1, "access_to_exercise": 28.99367021, "social_associations_per_10k": 13.31830755, "air_pollution": 8.0, "uninsured": 20.35934188, "unemployment_rate": 7.70545285, "providers_per_100k": 69.28899, "log_median_hh_income": 10.709829480862416, "rucc_category": "rural" }, "geometry": { "type": "Polygon", "coordinates": [ [ [ -78.323912, 36.543809 ], [ -78.264423017492703, 36.544218785431902 ], [ -78.246681, 36.544341 ], [ -78.245462, 36.544411 ], [ -78.1983393253484, 36.544173997810702 ], [ -78.133323, 36.543847 ], [ -78.132911, 36.543811 ], [ -78.129685115947098, 36.543824284330697 ], [ -78.105346006918595, 36.543924513839201 ], [ -78.046464536674804, 36.544166990291899 ], [ -78.046218739689607, 36.544168002494601 ], [ -78.046211211925097, 36.544168033494302 ], [ -78.03942, 36.544196 ], [ -78.038938, 36.544173 ], [ -77.900741876411502, 36.544659581593002 ], [ -77.899771, 36.544663 ], [ -77.90008, 36.532999 ], [ -77.899596, 36.507716 ], [ -77.899524, 36.504259 ], [ -77.901895, 36.500148 ], [ -77.905552, 36.490947 ], [ -77.909245, 36.473937 ], [ -77.909558, 36.469836 ], [ -77.911795, 36.442807 ], [ -77.916613, 36.44124 ], [ -77.91944, 36.438237 ], [ -77.920104, 36.436051 ], [ -77.919208, 36.43153 ], [ -77.916402, 36.427659 ], [ -77.912321, 36.424958 ], [ -77.912064, 36.424769 ], [ -77.912069, 36.424551 ], [ -77.911963, 36.382446 ], [ -77.912028, 36.382272 ], [ -77.924714, 36.348349 ], [ -77.932646, 36.328025 ], [ -77.934634, 36.32231 ], [ -77.935883, 36.318703 ], [ -77.942406, 36.298526 ], [ -77.944722, 36.294318 ], [ -77.955132, 36.279105 ], [ -77.961419, 36.269764 ], [ -77.966481, 36.262114 ], [ -77.972549, 36.253705 ], [ -78.006551, 36.202633 ], [ -78.00872, 36.204983 ], [ -78.010761, 36.204715 ], [ -78.0118, 36.206086 ], [ -78.014092, 36.20516 ], [ -78.014472, 36.207217 ], [ -78.01602, 36.206282 ], [ -78.016875, 36.207794 ], [ -78.018496, 36.206213 ], [ -78.018226, 36.205493 ], [ -78.021011, 36.204905 ], [ -78.022338, 36.205445 ], [ -78.023793, 36.20791 ], [ -78.02517, 36.208126 ], [ -78.024693, 36.20948 ], [ -78.02876, 36.21028 ], [ -78.02971, 36.213982 ], [ -78.030785, 36.214404 ], [ -78.031536, 36.213524 ], [ -78.030255, 36.211035 ], [ -78.031178, 36.209005 ], [ -78.032418, 36.208818 ], [ -78.0328, 36.207257 ], [ -78.035919, 36.207203 ], [ -78.037125, 36.208836 ], [ -78.038794, 36.209306 ], [ -78.037253, 36.210367 ], [ -78.040535, 36.210845 ], [ -78.041994, 36.211663 ], [ -78.043948, 36.21157 ], [ -78.045429, 36.212546 ], [ -78.043449, 36.21376 ], [ -78.044909, 36.215464 ], [ -78.048237, 36.214231 ], [ -78.049133, 36.213293 ], [ -78.053481, 36.213022 ], [ -78.057071, 36.211082 ], [ -78.058617, 36.211694 ], [ -78.061111, 36.214261 ], [ -78.063783, 36.214006 ], [ -78.064201, 36.215652 ], [ -78.066147, 36.216464 ], [ -78.068771, 36.215018 ], [ -78.071267, 36.21638 ], [ -78.074511, 36.214988 ], [ -78.075393, 36.213224 ], [ -78.076385, 36.213448 ], [ -78.077258, 36.211417 ], [ -78.078873, 36.211282 ], [ -78.080742, 36.212319 ], [ -78.083226, 36.212623 ], [ -78.08533, 36.210022 ], [ -78.0873, 36.20863 ], [ -78.091751, 36.207738 ], [ -78.091664, 36.208977 ], [ -78.094683, 36.210229 ], [ -78.097093, 36.209548 ], [ -78.098244, 36.210767 ], [ -78.099298, 36.209879 ], [ -78.103078, 36.209046 ], [ -78.10417, 36.210368 ], [ -78.108277, 36.209876 ], [ -78.109778, 36.210163 ], [ -78.110703, 36.212088 ], [ -78.109383, 36.213003 ], [ -78.110413, 36.213966 ], [ -78.110935, 36.216419 ], [ -78.11301, 36.217487 ], [ -78.114214, 36.216187 ], [ -78.116493, 36.218604 ], [ -78.117347, 36.222585 ], [ -78.118845, 36.223176 ], [ -78.119523, 36.224421 ], [ -78.1217, 36.223994 ], [ -78.1233, 36.226312 ], [ -78.124641, 36.225648 ], [ -78.125704, 36.226325 ], [ -78.126224, 36.228376 ], [ -78.125307, 36.229093 ], [ -78.126845, 36.229935 ], [ -78.126189, 36.2318 ], [ -78.12662, 36.233281 ], [ -78.12497, 36.235242 ], [ -78.126769, 36.236014 ], [ -78.129693, 36.239551 ], [ -78.13076, 36.240425 ], [ -78.131543, 36.243603 ], [ -78.132769, 36.244595 ], [ -78.132739, 36.246281 ], [ -78.135532, 36.245784 ], [ -78.13793, 36.247567 ], [ -78.140652, 36.247126 ], [ -78.142341, 36.246038 ], [ -78.145997, 36.24704 ], [ -78.149375, 36.246839 ], [ -78.151094, 36.245465 ], [ -78.156983, 36.244416 ], [ -78.160874, 36.245603 ], [ -78.16214, 36.247928 ], [ -78.164315, 36.249086 ], [ -78.166463, 36.251462 ], [ -78.169798, 36.253614 ], [ -78.171621, 36.253993 ], [ -78.172845, 36.255342 ], [ -78.174384, 36.255082 ], [ -78.176015, 36.253496 ], [ -78.178369, 36.252363 ], [ -78.179523, 36.2529 ], [ -78.180916, 36.251426 ], [ -78.182325, 36.251342 ], [ -78.189124, 36.247651 ], [ -78.19428, 36.246839 ], [ -78.197877, 36.249755 ], [ -78.198481, 36.251611 ], [ -78.200656, 36.250731 ], [ -78.206534, 36.25134 ], [ -78.209777, 36.252487 ], [ -78.215844, 36.251925 ], [ -78.218748, 36.254162 ], [ -78.22488, 36.256553 ], [ -78.230258, 36.255935 ], [ -78.232675, 36.257672 ], [ -78.237045, 36.258442 ], [ -78.240535, 36.257844 ], [ -78.241191, 36.258242 ], [ -78.247194, 36.258922 ], [ -78.261027, 36.260592 ], [ -78.306965, 36.266191 ], [ -78.305807, 36.267018 ], [ -78.304453, 36.269022 ], [ -78.302983, 36.273407 ], [ -78.297758, 36.279674 ], [ -78.292721, 36.284396 ], [ -78.291679, 36.286182 ], [ -78.290926, 36.290221 ], [ -78.277165, 36.306132 ], [ -78.279295, 36.316889 ], [ -78.28744, 36.358357 ], [ -78.294797, 36.395783 ], [ -78.300949, 36.427055 ], [ -78.323988319867695, 36.5438082240453 ], [ -78.323912, 36.543809 ] ] ] } },
{ "type": "Feature", "properties": { "STATEFP": "37", "COUNTYFP": "041", "COUNTYNS": "01025822", "GEOIDFQ": "0500000US37041", "GEOID": 37041, "NAME": "Chowan", "NAMELSAD": "Chowan County", "STUSPS": "NC", "STATE_NAME": "North Carolina", "LSAD": "06", "ALAND": 447179939, "AWATER": 157966156, "state": "NC", "county": "Chowan", "fips": 37041, "adult_pop": "11,123", "observed_distress": 16.7, "loneliness_rate": 32.9, "access_to_exercise": 32.7837759, "social_associations_per_10k": 13.029315961, "air_pollution": 6.6, "uninsured": 12.95491581, "unemployment_rate": 4.93647913, "providers_per_100k": 123.88865, "log_median_hh_income": 10.79072015681027, "rucc_category": "rural" }, "geometry": { "type": "Polygon", "coordinates": [ [ [ -76.722321, 36.160183 ], [ -76.720455, 36.172854 ], [ -76.718518, 36.190497 ], [ -76.718748722366001, 36.196729477107802 ], [ -76.718906, 36.200978 ], [ -76.715441772264299, 36.2117176316602 ], [ -76.714293, 36.215279 ], [ -76.713420541818294, 36.217211043933503 ], [ -76.710675, 36.223291 ], [ -76.704733, 36.229619 ], [ -76.700132, 36.234103 ], [ -76.695732362126506, 36.236595606225798 ], [ -76.694512, 36.237287 ], [ -76.691423, 36.247064 ], [ -76.675463, 36.266882 ], [ -76.672171, 36.271978 ], [ -76.674785, 36.276386 ], [ -76.682866, 36.276577 ], [ -76.693799326979601, 36.282208177701001 ], [ -76.694813, 36.285023 ], [ -76.695568, 36.288403 ], [ -76.696571, 36.296138 ], [ -76.68844, 36.299048 ], [ -76.684217, 36.300534 ], [ -76.683032, 36.301525 ], [ -76.681049, 36.3001 ], [ -76.679149, 36.301284 ], [ -76.677738, 36.300705 ], [ -76.677019, 36.301588 ], [ -76.675576, 36.301262 ], [ -76.6754, 36.303319 ], [ -76.67258, 36.303275 ], [ -76.675633, 36.30466 ], [ -76.675894, 36.306346 ], [ -76.673019, 36.306473 ], [ -76.672315, 36.307786 ], [ -76.674906, 36.308954 ], [ -76.673742, 36.311074 ], [ -76.672028, 36.310682 ], [ -76.672441, 36.312061 ], [ -76.671589, 36.313655 ], [ -76.669975, 36.315214 ], [ -76.667598, 36.314713 ], [ -76.667001, 36.313968 ], [ -76.665084, 36.315976 ], [ -76.664789, 36.314179 ], [ -76.661291, 36.314228 ], [ -76.659376, 36.313124 ], [ -76.658547, 36.314343 ], [ -76.65721, 36.314723 ], [ -76.656892, 36.313744 ], [ -76.654313, 36.314191 ], [ -76.653478, 36.312854 ], [ -76.654739, 36.311418 ], [ -76.654399, 36.310609 ], [ -76.653045, 36.311519 ], [ -76.651565, 36.310615 ], [ -76.650653, 36.311236 ], [ -76.650692, 36.314071 ], [ -76.649884, 36.317751 ], [ -76.646878, 36.320083 ], [ -76.644003, 36.319451 ], [ -76.64255, 36.319544 ], [ -76.642073, 36.320457 ], [ -76.642543, 36.322551 ], [ -76.641269, 36.323793 ], [ -76.640907, 36.326742 ], [ -76.64001, 36.329408 ], [ -76.632887, 36.330344 ], [ -76.626877, 36.328517 ], [ -76.624687, 36.328332 ], [ -76.622593, 36.328788 ], [ -76.620713, 36.327476 ], [ -76.618338, 36.327025 ], [ -76.613072, 36.323966 ], [ -76.60961, 36.323939 ], [ -76.608595, 36.323382 ], [ -76.60554, 36.324173 ], [ -76.6017, 36.322964 ], [ -76.599068, 36.322791 ], [ -76.596603, 36.323259 ], [ -76.594095, 36.324789 ], [ -76.593699, 36.328379 ], [ -76.592786, 36.330292 ], [ -76.590517, 36.331108 ], [ -76.586214, 36.333474 ], [ -76.580948, 36.334565 ], [ -76.580172, 36.335015 ], [ -76.576532, 36.335277 ], [ -76.574174, 36.335099 ], [ -76.570756, 36.334295 ], [ -76.559646, 36.351056 ], [ -76.559645, 36.348167 ], [ -76.561247, 36.344521 ], [ -76.560445, 36.338786 ], [ -76.559803, 36.335963 ], [ -76.563344, 36.326739 ], [ -76.563273, 36.324864 ], [ -76.561654, 36.322545 ], [ -76.562029, 36.321584 ], [ -76.567343, 36.315607 ], [ -76.567893, 36.314554 ], [ -76.568748, 36.309269 ], [ -76.567531, 36.304212 ], [ -76.567743, 36.302061 ], [ -76.567235, 36.297319 ], [ -76.565622, 36.294093 ], [ -76.565631, 36.292992 ], [ -76.568032, 36.286879 ], [ -76.567324, 36.282316 ], [ -76.567586, 36.277393 ], [ -76.568333, 36.273838 ], [ -76.5715, 36.267187 ], [ -76.571457, 36.264505 ], [ -76.572542, 36.259731 ], [ -76.572613, 36.258073 ], [ -76.573178, 36.257223 ], [ -76.57728, 36.254991 ], [ -76.582674, 36.250824 ], [ -76.587079, 36.24892 ], [ -76.588235, 36.244842 ], [ -76.588159, 36.241786 ], [ -76.590107, 36.238862 ], [ -76.586398, 36.213414 ], [ -76.576691, 36.140273 ], [ -76.573073, 36.111757 ], [ -76.572077, 36.109463 ], [ -76.569893, 36.107001 ], [ -76.566304, 36.104422 ], [ -76.564206, 36.103363 ], [ -76.559778, 36.101096 ], [ -76.556684, 36.100456 ], [ -76.54944, 36.099717 ], [ -76.547537, 36.09919 ], [ -76.544185, 36.096398 ], [ -76.539064, 36.094572 ], [ -76.534082, 36.09669 ], [ -76.528775, 36.095729 ], [ -76.523656, 36.096399 ], [ -76.521569, 36.097301 ], [ -76.517532, 36.097401 ], [ -76.510252, 36.093659 ], [ -76.507017, 36.088482 ], [ -76.505488, 36.087595 ], [ -76.501633, 36.086788 ], [ -76.500165, 36.085592 ], [ -76.496736, 36.0853 ], [ -76.49442, 36.08457 ], [ -76.493158, 36.085955 ], [ -76.492005, 36.08476 ], [ -76.490848, 36.08502 ], [ -76.487942, 36.086832 ], [ -76.480594, 36.093159 ], [ -76.478789, 36.093554 ], [ -76.477338, 36.092899 ], [ -76.475176, 36.090607 ], [ -76.473066, 36.089784 ], [ -76.469581, 36.089257 ], [ -76.465602, 36.089311 ], [ -76.462556, 36.088623 ], [ -76.461046, 36.087658 ], [ -76.455054, 36.079957 ], [ -76.453032, 36.079228 ], [ -76.450212, 36.079933 ], [ -76.447874, 36.079521 ], [ -76.447209, 36.077503 ], [ -76.445591, 36.075903 ], [ -76.43728, 36.077027 ], [ -76.43026, 36.075048 ], [ -76.424694, 36.075637 ], [ -76.419335, 36.074856 ], [ -76.411816114973007, 36.0753293042306 ], [ -76.412149, 36.072438 ], [ -76.408108, 36.068019 ], [ -76.414611, 36.064273 ], [ -76.419755, 36.0636 ], [ -76.430926, 36.056107 ], [ -76.438769, 36.047075 ], [ -76.443523, 36.045153 ], [ -76.451419, 36.039073 ], [ -76.45612, 36.033814 ], [ -76.45879, 36.028016 ], [ -76.460321, 36.024137 ], [ -76.491534, 36.017283 ], [ -76.506508, 36.011323 ], [ -76.513686320264597, 36.006786294042598 ], [ -76.514114, 36.006516 ], [ -76.545487, 36.010169 ], [ -76.563313, 36.010938 ], [ -76.569779578788896, 36.009891865764502 ], [ -76.57282, 36.0094 ], [ -76.572915206984206, 36.009414445024902 ], [ -76.580426, 36.010554 ], [ -76.588507, 36.018244 ], [ -76.593374370731993, 36.022934230680796 ], [ -76.593398, 36.022957 ], [ -76.593261, 36.025741 ], [ -76.603243, 36.035352 ], [ -76.605383, 36.047267 ], [ -76.606809, 36.054185 ], [ -76.610053341207802, 36.055265108644697 ], [ -76.610849, 36.05553 ], [ -76.611009821037499, 36.055501730562099 ], [ -76.616316, 36.054569 ], [ -76.620119, 36.049958 ], [ -76.623446, 36.044769 ], [ -76.628438, 36.042271 ], [ -76.635568, 36.037082 ], [ -76.639846, 36.035928 ], [ -76.652234, 36.035285 ], [ -76.661229, 36.038374 ], [ -76.663139, 36.041886 ], [ -76.676485, 36.043612 ], [ -76.683577738772399, 36.053541723222999 ], [ -76.689258, 36.061494 ], [ -76.691898, 36.06629 ], [ -76.692904, 36.07531 ], [ -76.688808, 36.078969 ], [ -76.69071, 36.084924 ], [ -76.692611, 36.09107 ], [ -76.688333, 36.096256 ], [ -76.68857, 36.10701 ], [ -76.690561496422703, 36.109422412070501 ], [ -76.691423, 36.110466 ], [ -76.695226, 36.108738 ], [ -76.70497, 36.10989 ], [ -76.709621, 36.120604 ], [ -76.71115, 36.12813 ], [ -76.710675, 36.134657 ], [ -76.716141, 36.144446 ], [ -76.721446, 36.147838 ], [ -76.722321, 36.160183 ] ] ] } },
{ "type": "Feature", "properties": { "STATEFP": "37", "COUNTYFP": "037", "COUNTYNS": "01008544", "GEOIDFQ": "0500000US37037", "GEOID": 37037, "NAME": "Chatham", "NAMELSAD": "Chatham County", "STUSPS": "NC", "STATE_NAME": "North Carolina", "LSAD": "06", "ALAND": 1765028677, "AWATER": 70582736, "state": "NC", "county": "Chatham", "fips": 37037, "adult_pop": "66,141", "observed_distress": 13.8, "loneliness_rate": 27.8, "access_to_exercise": 71.11620895, "social_associations_per_10k": 10.429318266, "air_pollution": 8.7, "uninsured": 14.03999036, "unemployment_rate": 3.56269743, "providers_per_100k": 159.20091, "log_median_hh_income": 11.323748463219292, "rucc_category": "metro" }, "geometry": { "type": "Polygon", "coordinates": [ [ [ -79.555033, 35.540381 ], [ -79.554816, 35.547456 ], [ -79.554038, 35.572834 ], [ -79.553233, 35.599281 ], [ -79.551423, 35.631484 ], [ -79.549608, 35.658758 ], [ -79.546895, 35.705514 ], [ -79.546687, 35.708997 ], [ -79.545541, 35.742601 ], [ -79.544701, 35.77054 ], [ -79.544301, 35.782927 ], [ -79.54412, 35.789044 ], [ -79.543611, 35.805214 ], [ -79.543218, 35.817758 ], [ -79.543094, 35.823342 ], [ -79.542428, 35.843303 ], [ -79.486839, 35.843509 ], [ -79.432774, 35.843684 ], [ -79.426566, 35.843704 ], [ -79.392517, 35.843805 ], [ -79.350051, 35.843908 ], [ -79.269571, 35.84407 ], [ -79.237316, 35.844247 ], [ -79.237246, 35.84732 ], [ -79.2366, 35.849836 ], [ -79.237502, 35.851123 ], [ -79.240385, 35.852554 ], [ -79.244975, 35.853994 ], [ -79.248089, 35.854514 ], [ -79.250393, 35.856978 ], [ -79.250745, 35.858679 ], [ -79.250501, 35.86094 ], [ -79.249589, 35.862225 ], [ -79.249051, 35.866522 ], [ -79.250818, 35.869678 ], [ -79.250895, 35.871629 ], [ -79.249321, 35.875468 ], [ -79.249538, 35.87681 ], [ -79.239059, 35.875756 ], [ -79.221923, 35.874049 ], [ -79.220412, 35.87538 ], [ -79.218816, 35.875257 ], [ -79.218815, 35.873725 ], [ -79.158733, 35.867861 ], [ -79.148579, 35.866898 ], [ -79.131834, 35.865309 ], [ -79.121541, 35.863986 ], [ -79.121174, 35.864336 ], [ -79.119623, 35.864186 ], [ -79.081938, 35.86078 ], [ -79.045356, 35.862135 ], [ -79.026622, 35.862762 ], [ -79.016305, 35.86321 ], [ -79.007092, 35.863616 ], [ -78.978246, 35.864905 ], [ -78.94373, 35.866432 ], [ -78.935141, 35.866809 ], [ -78.914761, 35.867705 ], [ -78.910785, 35.867883 ], [ -78.906071, 35.868096 ], [ -78.908743, 35.848051 ], [ -78.909416, 35.843001 ], [ -78.913889, 35.831637 ], [ -78.91744, 35.822648 ], [ -78.918303, 35.820463 ], [ -78.918583, 35.819769 ], [ -78.920535, 35.815326 ], [ -78.920599, 35.81518 ], [ -78.92219, 35.811568 ], [ -78.922215, 35.811512 ], [ -78.923271, 35.809104 ], [ -78.926442, 35.801906 ], [ -78.92646, 35.801867 ], [ -78.926609, 35.801528 ], [ -78.930891, 35.794377 ], [ -78.931175, 35.793219 ], [ -78.933454, 35.783687 ], [ -78.934191, 35.780602 ], [ -78.936271, 35.771898 ], [ -78.940139, 35.760848 ], [ -78.943946, 35.749964 ], [ -78.946811, 35.741805 ], [ -78.946923, 35.741562 ], [ -78.946988, 35.741366 ], [ -78.947033, 35.741226 ], [ -78.948268, 35.737709 ], [ -78.948388, 35.737267 ], [ -78.950188, 35.732118 ], [ -78.955933, 35.71608 ], [ -78.971111, 35.676413 ], [ -78.983059, 35.644453 ], [ -78.995048, 35.610166 ], [ -78.949974, 35.595898 ], [ -78.939068, 35.592104 ], [ -78.916067, 35.584102 ], [ -78.968778, 35.522535 ], [ -78.96964, 35.521669 ], [ -78.977239, 35.529586 ], [ -78.978814, 35.530727 ], [ -78.983881, 35.535583 ], [ -78.987503, 35.538161 ], [ -78.990848, 35.54019 ], [ -78.995638, 35.542119 ], [ -79.000544, 35.54262 ], [ -79.002509, 35.542407 ], [ -79.005558, 35.542721 ], [ -79.00923, 35.542708 ], [ -79.014692, 35.543696 ], [ -79.0166, 35.544268 ], [ -79.024001, 35.548377 ], [ -79.02881, 35.553217 ], [ -79.031939, 35.556062 ], [ -79.033765, 35.559197 ], [ -79.036299, 35.561876 ], [ -79.04077, 35.565646 ], [ -79.044877, 35.567855 ], [ -79.045615, 35.568383 ], [ -79.047027, 35.570458 ], [ -79.047373, 35.573182 ], [ -79.046671, 35.576195 ], [ -79.046642, 35.578039 ], [ -79.047623, 35.579591 ], [ -79.050459, 35.582354 ], [ -79.051569, 35.584975 ], [ -79.051891, 35.588606 ], [ -79.051863, 35.594149 ], [ -79.052552, 35.596129 ], [ -79.057988, 35.599447 ], [ -79.061807, 35.602431 ], [ -79.068679, 35.608942 ], [ -79.072518, 35.611454 ], [ -79.077747, 35.614037 ], [ -79.082996, 35.615403 ], [ -79.090693, 35.617845 ], [ -79.09416, 35.619683 ], [ -79.096656, 35.621798 ], [ -79.100144, 35.623613 ], [ -79.103218, 35.623938 ], [ -79.10688, 35.622763 ], [ -79.11226, 35.622948 ], [ -79.114223, 35.625886 ], [ -79.115842, 35.627595 ], [ -79.117096, 35.628164 ], [ -79.119236, 35.628287 ], [ -79.121247, 35.627632 ], [ -79.123645, 35.624779 ], [ -79.127006, 35.623726 ], [ -79.133529, 35.623451 ], [ -79.136945, 35.623988 ], [ -79.139145, 35.62399 ], [ -79.141971, 35.623072 ], [ -79.143885, 35.62094 ], [ -79.145696, 35.619721 ], [ -79.148496, 35.618749 ], [ -79.15006, 35.617059 ], [ -79.151707, 35.613913 ], [ -79.154802, 35.609828 ], [ -79.156314, 35.605908 ], [ -79.157888, 35.603595 ], [ -79.161709, 35.601209 ], [ -79.166931, 35.596137 ], [ -79.171983, 35.59343 ], [ -79.177698, 35.588909 ], [ -79.180234, 35.586446 ], [ -79.182694, 35.58494 ], [ -79.184446, 35.58328 ], [ -79.185507, 35.58099 ], [ -79.186772, 35.579896 ], [ -79.187954, 35.579437 ], [ -79.191554, 35.579039 ], [ -79.194195, 35.578398 ], [ -79.197414, 35.577405 ], [ -79.200234, 35.577085 ], [ -79.201233, 35.576234 ], [ -79.201864, 35.57414 ], [ -79.201568, 35.571445 ], [ -79.199431, 35.565773 ], [ -79.199069, 35.563923 ], [ -79.19928, 35.559208 ], [ -79.199886, 35.558558 ], [ -79.204495, 35.558026 ], [ -79.209047, 35.557109 ], [ -79.214439, 35.555687 ], [ -79.218423, 35.554179 ], [ -79.221443, 35.552569 ], [ -79.223921, 35.550773 ], [ -79.225634, 35.551745 ], [ -79.226585, 35.553666 ], [ -79.226086, 35.555061 ], [ -79.221781, 35.558734 ], [ -79.220243, 35.561433 ], [ -79.21882, 35.565878 ], [ -79.22048, 35.567442 ], [ -79.222772, 35.568586 ], [ -79.224442, 35.56876 ], [ -79.229826, 35.568014 ], [ -79.232436, 35.568146 ], [ -79.237356, 35.569293 ], [ -79.241132, 35.570543 ], [ -79.244565, 35.569323 ], [ -79.244241, 35.56639 ], [ -79.24288, 35.562027 ], [ -79.242838, 35.559928 ], [ -79.243372, 35.55665 ], [ -79.245199, 35.552961 ], [ -79.247092, 35.551046 ], [ -79.249629, 35.54932 ], [ -79.250984, 35.548133 ], [ -79.25324, 35.545331 ], [ -79.26094, 35.537139 ], [ -79.262705, 35.535728 ], [ -79.267621, 35.532686 ], [ -79.27334, 35.532254 ], [ -79.275541, 35.531779 ], [ -79.280143, 35.534112 ], [ -79.284269, 35.537725 ], [ -79.287333, 35.5396 ], [ -79.290087, 35.539737 ], [ -79.291787, 35.54272 ], [ -79.290936, 35.545398 ], [ -79.28851, 35.547869 ], [ -79.282125, 35.551525 ], [ -79.28277, 35.553382 ], [ -79.284598, 35.554999 ], [ -79.287047, 35.55507 ], [ -79.289802, 35.554505 ], [ -79.29295, 35.552993 ], [ -79.294949, 35.552731 ], [ -79.297323, 35.553482 ], [ -79.299932, 35.553286 ], [ -79.30338, 35.552072 ], [ -79.303808, 35.551388 ], [ -79.303015, 35.549845 ], [ -79.304254, 35.548265 ], [ -79.306626, 35.548066 ], [ -79.309604, 35.54692 ], [ -79.312099, 35.545 ], [ -79.317226, 35.543351 ], [ -79.318477, 35.543346 ], [ -79.321224, 35.544492 ], [ -79.323909, 35.543839 ], [ -79.323766, 35.542544 ], [ -79.31585, 35.537351 ], [ -79.314035, 35.535871 ], [ -79.311234, 35.532733 ], [ -79.310982, 35.531973 ], [ -79.312086, 35.53046 ], [ -79.321927, 35.524638 ], [ -79.324677, 35.524046 ], [ -79.329035, 35.524254 ], [ -79.333673, 35.525306 ], [ -79.33648, 35.524167 ], [ -79.338746, 35.521359 ], [ -79.342178, 35.520081 ], [ -79.34513, 35.519576 ], [ -79.348357, 35.51985 ], [ -79.348771, 35.519612 ], [ -79.350073, 35.518002 ], [ -79.391516, 35.517434 ], [ -79.399648, 35.517319 ], [ -79.430041, 35.516891 ], [ -79.439308, 35.516759 ], [ -79.555804, 35.515039 ], [ -79.555033, 35.540381 ] ] ] } },
{ "type": "Feature", "properties": { "STATEFP": "37", "COUNTYFP": "197", "COUNTYNS": "01008597", "GEOIDFQ": "0500000US37197", "GEOID": 37197, "NAME": "Yadkin", "NAMELSAD": "Yadkin County", "STUSPS": "NC", "STATE_NAME": "North Carolina", "LSAD": "06", "ALAND": 867498039, "AWATER": 7176192, "state": "NC", "county": "Yadkin", "fips": 37197, "adult_pop": "30,051", "observed_distress": 17.3, "loneliness_rate": 31.7, "access_to_exercise": 51.8622024, "social_associations_per_10k": 13.820598007, "air_pollution": 8.6, "uninsured": 18.31017991, "unemployment_rate": 4.22617654, "providers_per_100k": 86.04001, "log_median_hh_income": 10.942827429739166, "rucc_category": "metro" }, "geometry": { "type": "Polygon", "coordinates": [ [ [ -80.880984, 36.077634 ], [ -80.880497, 36.08317 ], [ -80.880454, 36.090938 ], [ -80.879686, 36.106188 ], [ -80.878807, 36.120025 ], [ -80.876595, 36.160851 ], [ -80.874927, 36.198794 ], [ -80.87431, 36.208932 ], [ -80.873894, 36.222553 ], [ -80.873205, 36.236305 ], [ -80.869092, 36.23855 ], [ -80.856271, 36.240824 ], [ -80.852852, 36.240944 ], [ -80.850123, 36.240772 ], [ -80.846935, 36.241607 ], [ -80.84456, 36.242791 ], [ -80.841089, 36.243844 ], [ -80.836028, 36.244924 ], [ -80.830867, 36.247587 ], [ -80.824951, 36.250005 ], [ -80.821, 36.250231 ], [ -80.818271, 36.250497 ], [ -80.815902, 36.251363 ], [ -80.810883, 36.253804 ], [ -80.808357, 36.254341 ], [ -80.803879, 36.25328 ], [ -80.802256, 36.252586 ], [ -80.80036, 36.249738 ], [ -80.797168, 36.247959 ], [ -80.783973, 36.252832 ], [ -80.779558, 36.255897 ], [ -80.77838, 36.256927 ], [ -80.778101, 36.258724 ], [ -80.779591, 36.262652 ], [ -80.780161, 36.267672 ], [ -80.779673, 36.270116 ], [ -80.778697, 36.27177 ], [ -80.776458, 36.273614 ], [ -80.773821, 36.274712 ], [ -80.769556, 36.275119 ], [ -80.768729, 36.275003 ], [ -80.765119, 36.272383 ], [ -80.759894, 36.269287 ], [ -80.757225, 36.265584 ], [ -80.754935, 36.263869 ], [ -80.752346, 36.263308 ], [ -80.749635, 36.264578 ], [ -80.748586, 36.266722 ], [ -80.74455, 36.270539 ], [ -80.743466, 36.272367 ], [ -80.742624, 36.276319 ], [ -80.741811, 36.277798 ], [ -80.739036, 36.279985 ], [ -80.737283, 36.280363 ], [ -80.733611, 36.278261 ], [ -80.732278, 36.277138 ], [ -80.732133, 36.275924 ], [ -80.734407, 36.269388 ], [ -80.733992, 36.267528 ], [ -80.732057, 36.266948 ], [ -80.729935, 36.267041 ], [ -80.724559, 36.269192 ], [ -80.72177, 36.269974 ], [ -80.719535, 36.270005 ], [ -80.715873, 36.267873 ], [ -80.713036, 36.266717 ], [ -80.7097, 36.266727 ], [ -80.705428, 36.266162 ], [ -80.701507, 36.266035 ], [ -80.697972, 36.266428 ], [ -80.695309, 36.266329 ], [ -80.692286, 36.266852 ], [ -80.690319, 36.267204 ], [ -80.687573, 36.268456 ], [ -80.684583, 36.268751 ], [ -80.683614, 36.268366 ], [ -80.680142, 36.265687 ], [ -80.678402, 36.263708 ], [ -80.677638, 36.261677 ], [ -80.676823, 36.256881 ], [ -80.674036, 36.252925 ], [ -80.673155, 36.252221 ], [ -80.669783, 36.251035 ], [ -80.667546, 36.250993 ], [ -80.663276, 36.252056 ], [ -80.65732, 36.25182 ], [ -80.65329, 36.252635 ], [ -80.651099, 36.25396 ], [ -80.648721, 36.255983 ], [ -80.647725, 36.257312 ], [ -80.647509, 36.259834 ], [ -80.647859, 36.263036 ], [ -80.645611, 36.268682 ], [ -80.644124, 36.271447 ], [ -80.642986, 36.272649 ], [ -80.640697, 36.273332 ], [ -80.637062, 36.273263 ], [ -80.632258, 36.272322 ], [ -80.628505, 36.273033 ], [ -80.626721, 36.274913 ], [ -80.626185, 36.276352 ], [ -80.62681, 36.278237 ], [ -80.629011, 36.280065 ], [ -80.631421, 36.284218 ], [ -80.631438, 36.285879 ], [ -80.630456, 36.287111 ], [ -80.628209, 36.287929 ], [ -80.624245, 36.286822 ], [ -80.620057, 36.284144 ], [ -80.616181, 36.280361 ], [ -80.614292, 36.279281 ], [ -80.608917, 36.277739 ], [ -80.604455, 36.275714 ], [ -80.601935, 36.274089 ], [ -80.598769, 36.271476 ], [ -80.595499, 36.270323 ], [ -80.592795, 36.26986 ], [ -80.589825, 36.271747 ], [ -80.57973, 36.27772 ], [ -80.575179, 36.279427 ], [ -80.570012, 36.281043 ], [ -80.566253, 36.281526 ], [ -80.562188, 36.282506 ], [ -80.559567, 36.282961 ], [ -80.553494, 36.282558 ], [ -80.550065, 36.285074 ], [ -80.548004, 36.285419 ], [ -80.540115, 36.282554 ], [ -80.538633, 36.281649 ], [ -80.53703, 36.279957 ], [ -80.536308, 36.278145 ], [ -80.535498, 36.273535 ], [ -80.535737, 36.269936 ], [ -80.53707, 36.266559 ], [ -80.537411, 36.26381 ], [ -80.53704, 36.261214 ], [ -80.534177, 36.258505 ], [ -80.531801, 36.258016 ], [ -80.528519, 36.258069 ], [ -80.522927, 36.258519 ], [ -80.516611, 36.258354 ], [ -80.508587, 36.25856 ], [ -80.50517, 36.259916 ], [ -80.501394, 36.258857 ], [ -80.486222, 36.256225 ], [ -80.48305, 36.256037 ], [ -80.480097, 36.257721 ], [ -80.478888, 36.259475 ], [ -80.477072, 36.260675 ], [ -80.473637, 36.261114 ], [ -80.471041, 36.260964 ], [ -80.466728, 36.25982 ], [ -80.464377, 36.258399 ], [ -80.462233, 36.256069 ], [ -80.461294, 36.253617 ], [ -80.461518, 36.25115 ], [ -80.461269, 36.248544 ], [ -80.460213, 36.246999 ], [ -80.452656, 36.241651 ], [ -80.451253, 36.240459 ], [ -80.438708, 36.231007 ], [ -80.437419, 36.229824 ], [ -80.435148, 36.223951 ], [ -80.432241, 36.217995 ], [ -80.432169, 36.216336 ], [ -80.432257, 36.216175 ], [ -80.435844, 36.214803 ], [ -80.441457, 36.213765 ], [ -80.443573, 36.212451 ], [ -80.445483, 36.210412 ], [ -80.446372, 36.206548 ], [ -80.445881, 36.204707 ], [ -80.44456, 36.202253 ], [ -80.441725, 36.195555 ], [ -80.440335, 36.192992 ], [ -80.439587, 36.19048 ], [ -80.440063, 36.186961 ], [ -80.441102, 36.185273 ], [ -80.443188, 36.183782 ], [ -80.443477, 36.183279 ], [ -80.44368, 36.18075 ], [ -80.443046, 36.179008 ], [ -80.438971, 36.176001 ], [ -80.437856, 36.173969 ], [ -80.436996, 36.170612 ], [ -80.436881, 36.168465 ], [ -80.439094, 36.160877 ], [ -80.442537, 36.157234 ], [ -80.442871, 36.155979 ], [ -80.443033, 36.15126 ], [ -80.442833, 36.150314 ], [ -80.439474, 36.140964 ], [ -80.438884, 36.138899 ], [ -80.439437, 36.136925 ], [ -80.442176, 36.134576 ], [ -80.445273, 36.133005 ], [ -80.449206, 36.129743 ], [ -80.45221, 36.125117 ], [ -80.454004, 36.122455 ], [ -80.456223, 36.121243 ], [ -80.463016, 36.117885 ], [ -80.464891, 36.117566 ], [ -80.468126, 36.11818 ], [ -80.473287, 36.11877 ], [ -80.475698, 36.118409 ], [ -80.478802, 36.117265 ], [ -80.482449, 36.116465 ], [ -80.488008, 36.11609 ], [ -80.489473, 36.115653 ], [ -80.494651, 36.113232 ], [ -80.501264, 36.110912 ], [ -80.506468, 36.108578 ], [ -80.50785, 36.106665 ], [ -80.508143, 36.103391 ], [ -80.510729, 36.09711 ], [ -80.514574, 36.094735 ], [ -80.515678, 36.093076 ], [ -80.515969, 36.090803 ], [ -80.51556, 36.087952 ], [ -80.516682, 36.084048 ], [ -80.51546, 36.080522 ], [ -80.513367, 36.077639 ], [ -80.510623, 36.074856 ], [ -80.509515, 36.07223 ], [ -80.508766, 36.066353 ], [ -80.50899, 36.063236 ], [ -80.508545, 36.057954 ], [ -80.506589, 36.053895 ], [ -80.505334, 36.052668 ], [ -80.502055, 36.050862 ], [ -80.496283, 36.046545 ], [ -80.528153, 36.046952 ], [ -80.579201, 36.047506 ], [ -80.598372, 36.047743 ], [ -80.626089, 36.048668 ], [ -80.66371, 36.050037 ], [ -80.680372, 36.050728 ], [ -80.693197, 36.05126 ], [ -80.753924, 36.052744 ], [ -80.80327, 36.053926 ], [ -80.805241, 36.053973 ], [ -80.82286, 36.05439 ], [ -80.831329, 36.054591 ], [ -80.881591, 36.055718 ], [ -80.880984, 36.077634 ] ] ] } },
{ "type": "Feature", "properties": { "STATEFP": "37", "COUNTYFP": "061", "COUNTYNS": "01026132", "GEOIDFQ": "0500000US37061", "GEOID": 37061, "NAME": "Duplin", "NAMELSAD": "Duplin County", "STUSPS": "NC", "STATE_NAME": "North Carolina", "LSAD": "06", "ALAND": 2110115796, "AWATER": 14237879, "state": "NC", "county": "Duplin", "fips": 37061, "adult_pop": "37,683", "observed_distress": 17.3, "loneliness_rate": 33.6, "access_to_exercise": 30.49984604, "social_associations_per_10k": 9.1846106746, "air_pollution": 7.1, "uninsured": 26.23465337, "unemployment_rate": 4.38115649, "providers_per_100k": 86.57116, "log_median_hh_income": 10.717723410205611, "rucc_category": "rural" }, "geometry": { "type": "Polygon", "coordinates": [ [ [ -78.198535, 34.74201 ], [ -78.198481, 34.742197 ], [ -78.185149, 34.785363 ], [ -78.180226, 34.801315 ], [ -78.176774, 34.811326 ], [ -78.173702, 34.81955 ], [ -78.147166, 34.902391 ], [ -78.147129, 34.902506 ], [ -78.149842, 34.939737 ], [ -78.15377, 34.993539 ], [ -78.157057, 35.04038 ], [ -78.158173, 35.056442 ], [ -78.159833, 35.079809 ], [ -78.171845, 35.093528 ], [ -78.170714, 35.114874 ], [ -78.163013, 35.137266 ], [ -78.164628, 35.169057 ], [ -78.164066, 35.178658 ], [ -78.16342, 35.189716 ], [ -78.144499, 35.186509 ], [ -78.097221, 35.178496 ], [ -78.084645, 35.176366 ], [ -78.077389, 35.175135 ], [ -78.068616, 35.179784 ], [ -78.061504, 35.183552 ], [ -78.061445, 35.183584 ], [ -78.060499, 35.184084 ], [ -78.058627, 35.185066 ], [ -78.052567, 35.188186 ], [ -78.052113, 35.188416 ], [ -78.044451, 35.192535 ], [ -78.04292, 35.1927 ], [ -78.036751, 35.191853 ], [ -78.033794, 35.191808 ], [ -78.031271, 35.192747 ], [ -78.025685, 35.193657 ], [ -78.020245, 35.193742 ], [ -78.017662, 35.191352 ], [ -78.014252, 35.190516 ], [ -78.01082, 35.190839 ], [ -78.006444, 35.190792 ], [ -78.003743, 35.189918 ], [ -78.003194, 35.189038 ], [ -78.000899, 35.188971 ], [ -77.998666, 35.187785 ], [ -77.996697, 35.185545 ], [ -77.995927, 35.184063 ], [ -77.994635, 35.183157 ], [ -77.986333, 35.184161 ], [ -77.983992, 35.183569 ], [ -77.981696, 35.180588 ], [ -77.980652, 35.178364 ], [ -77.980582, 35.176106 ], [ -77.97797, 35.170346 ], [ -77.976839, 35.169484 ], [ -77.970109, 35.165922 ], [ -77.966745, 35.16628 ], [ -77.963019, 35.165408 ], [ -77.958712, 35.165722 ], [ -77.953455, 35.165515 ], [ -77.952332, 35.167151 ], [ -77.95056, 35.167778 ], [ -77.946788, 35.171568 ], [ -77.944434, 35.17254 ], [ -77.93921, 35.171937 ], [ -77.936039, 35.170981 ], [ -77.929738, 35.173568 ], [ -77.926045, 35.172991 ], [ -77.923451, 35.171063 ], [ -77.918595, 35.169333 ], [ -77.916916, 35.167597 ], [ -77.914461, 35.166877 ], [ -77.913164, 35.165334 ], [ -77.910257, 35.163156 ], [ -77.909607, 35.162318 ], [ -77.909274, 35.15743 ], [ -77.904233, 35.154798 ], [ -77.900689, 35.151096 ], [ -77.897101, 35.148378 ], [ -77.895648, 35.148513 ], [ -77.89371, 35.14681 ], [ -77.891689, 35.146618 ], [ -77.893448, 35.1496 ], [ -77.893868, 35.151544 ], [ -77.893447, 35.152857 ], [ -77.893928, 35.15412 ], [ -77.892736, 35.15658 ], [ -77.890114, 35.157315 ], [ -77.889451, 35.159259 ], [ -77.887397, 35.160708 ], [ -77.883732, 35.162353 ], [ -77.841123, 35.175646 ], [ -77.834249, 35.177846 ], [ -77.817001, 35.1693 ], [ -77.769177, 35.145576 ], [ -77.767918, 35.143206 ], [ -77.749572, 35.10861 ], [ -77.74955, 35.10806 ], [ -77.74804, 35.071256 ], [ -77.747617, 35.060924 ], [ -77.747507, 35.058225 ], [ -77.749181, 35.058179 ], [ -77.749089, 35.055965 ], [ -77.7489, 35.051331 ], [ -77.747226, 35.051377 ], [ -77.747098, 35.04825 ], [ -77.746601, 35.036109 ], [ -77.746037, 35.02234 ], [ -77.731026, 35.008138 ], [ -77.72436, 35.00408 ], [ -77.699468, 34.988925 ], [ -77.690735, 34.983609 ], [ -77.674805, 34.9739 ], [ -77.680081, 34.971141 ], [ -77.677871, 34.968612 ], [ -77.653352, 34.940535 ], [ -77.651093, 34.923679 ], [ -77.65107, 34.923526 ], [ -77.66606, 34.839651 ], [ -77.67705, 34.799625 ], [ -77.677235, 34.798129 ], [ -77.678882, 34.78455 ], [ -77.679438, 34.760087 ], [ -77.679879, 34.734905 ], [ -77.680127, 34.720595 ], [ -77.848154, 34.720056 ], [ -77.921538, 34.719746 ], [ -77.92327, 34.720002 ], [ -77.926197, 34.721611 ], [ -77.928493, 34.721922 ], [ -77.930558, 34.722992 ], [ -77.932659, 34.722085 ], [ -77.935913, 34.722404 ], [ -77.93533, 34.720866 ], [ -77.937214, 34.720243 ], [ -77.938103, 34.720974 ], [ -77.938001, 34.723227 ], [ -77.938901, 34.723184 ], [ -77.940935, 34.721025 ], [ -77.939574, 34.720135 ], [ -77.944189, 34.71887 ], [ -77.94543, 34.718988 ], [ -77.946516, 34.719073 ], [ -77.949781, 34.71765 ], [ -77.951226, 34.717983 ], [ -77.9523, 34.716504 ], [ -77.951731, 34.715059 ], [ -77.956011, 34.715145 ], [ -77.956006, 34.716388 ], [ -77.957371, 34.716553 ], [ -77.958813, 34.715863 ], [ -77.95879, 34.716896 ], [ -77.960569, 34.718397 ], [ -77.961536, 34.719957 ], [ -77.962481, 34.719218 ], [ -77.96577, 34.718826 ], [ -77.967143, 34.719125 ], [ -77.970148, 34.717736 ], [ -77.970246, 34.71945 ], [ -77.971709, 34.718845 ], [ -77.972617, 34.719359 ], [ -77.975291, 34.718678 ], [ -77.973214, 34.71772 ], [ -77.974499, 34.714706 ], [ -77.975844, 34.714365 ], [ -77.976627, 34.716544 ], [ -77.97908, 34.716947 ], [ -77.9785, 34.715545 ], [ -77.980738, 34.713979 ], [ -77.981896, 34.714455 ], [ -77.981419, 34.71566 ], [ -77.983678, 34.716123 ], [ -77.984504, 34.714879 ], [ -77.986685, 34.716245 ], [ -77.987159, 34.717428 ], [ -77.989272, 34.716931 ], [ -77.992061, 34.715999 ], [ -77.993493, 34.71713 ], [ -77.993525, 34.717152 ], [ -77.994256, 34.717138 ], [ -77.994522, 34.717402 ], [ -77.994627, 34.717768 ], [ -77.995109, 34.717888 ], [ -77.995815, 34.718394 ], [ -77.996322, 34.718531 ], [ -77.996006, 34.71888 ], [ -77.995913, 34.719825 ], [ -77.996644, 34.720642 ], [ -78.0012, 34.723296 ], [ -78.003062, 34.724027 ], [ -78.002237, 34.725637 ], [ -78.004779, 34.727016 ], [ -78.005744, 34.72616 ], [ -78.00788, 34.726215 ], [ -78.007548, 34.728665 ], [ -78.00906, 34.728705 ], [ -78.01041, 34.730058 ], [ -78.00953, 34.731526 ], [ -78.011088, 34.731588 ], [ -78.012681, 34.73263 ], [ -78.014571, 34.731347 ], [ -78.017533, 34.732291 ], [ -78.021458, 34.730472 ], [ -78.023519, 34.730445 ], [ -78.024346, 34.727583 ], [ -78.026122, 34.725892 ], [ -78.028716, 34.726805 ], [ -78.029162, 34.725125 ], [ -78.030748, 34.72481 ], [ -78.031118, 34.72681 ], [ -78.032575, 34.727504 ], [ -78.034747, 34.726858 ], [ -78.036017, 34.725806 ], [ -78.036321, 34.72717 ], [ -78.039454, 34.726309 ], [ -78.040511, 34.727611 ], [ -78.043193, 34.726563 ], [ -78.048255, 34.725217 ], [ -78.052156, 34.725161 ], [ -78.055034, 34.726509 ], [ -78.057762, 34.727002 ], [ -78.059345, 34.727009 ], [ -78.062166, 34.72785 ], [ -78.0646, 34.727114 ], [ -78.066197, 34.727867 ], [ -78.070355, 34.726741 ], [ -78.070741, 34.725587 ], [ -78.074513, 34.72528 ], [ -78.080517, 34.722788 ], [ -78.081567, 34.722579 ], [ -78.083398, 34.723395 ], [ -78.086335, 34.725836 ], [ -78.087616, 34.726111 ], [ -78.091088, 34.72438 ], [ -78.093925, 34.72402 ], [ -78.097457, 34.725595 ], [ -78.099912, 34.725831 ], [ -78.102433, 34.725446 ], [ -78.104661, 34.724137 ], [ -78.107309, 34.723846 ], [ -78.114007, 34.721795 ], [ -78.117283, 34.71962 ], [ -78.118388, 34.717953 ], [ -78.120603, 34.715882 ], [ -78.123801, 34.713887 ], [ -78.128598, 34.711318 ], [ -78.13522, 34.710214 ], [ -78.150553, 34.721964 ], [ -78.188539, 34.737499 ], [ -78.198642, 34.741637 ], [ -78.198535, 34.74201 ] ] ] } },
{ "type": "Feature", "properties": { "STATEFP": "37", "COUNTYFP": "003", "COUNTYNS": "01008532", "GEOIDFQ": "0500000US37003", "GEOID": 37003, "NAME": "Alexander", "NAMELSAD": "Alexander County", "STUSPS": "NC", "STATE_NAME": "North Carolina", "LSAD": "06", "ALAND": 673358185, "AWATER": 9445988, "state": "NC", "county": "Alexander", "fips": 37003, "adult_pop": "29,341", "observed_distress": 17.5, "loneliness_rate": 32.5, "access_to_exercise": 47.2560641, "social_associations_per_10k": 14.689778585000001, "air_pollution": 8.4, "uninsured": 14.91019671, "unemployment_rate": 4.22380374, "providers_per_100k": 62.76607, "log_median_hh_income": 10.877839623823553, "rucc_category": "metro" }, "geometry": { "type": "Polygon", "coordinates": [ [ [ -81.343595, 35.826987 ], [ -81.337773, 35.856948 ], [ -81.334209, 35.875225 ], [ -81.333373, 35.878892 ], [ -81.333379, 35.87915 ], [ -81.339909, 35.909195 ], [ -81.342878, 35.923285 ], [ -81.331362, 35.981346 ], [ -81.328324, 35.996583 ], [ -81.326491, 35.994829 ], [ -81.325179, 35.995071 ], [ -81.321581, 35.996567 ], [ -81.31801, 35.99682 ], [ -81.315841, 36.000698 ], [ -81.313911, 36.001739 ], [ -81.314435, 36.004206 ], [ -81.311368, 36.005256 ], [ -81.308606, 36.005436 ], [ -81.305551, 36.004427 ], [ -81.303512, 36.00505 ], [ -81.301418, 36.004291 ], [ -81.300637, 36.005982 ], [ -81.295437, 36.007234 ], [ -81.292858, 36.009475 ], [ -81.290813, 36.00949 ], [ -81.28876, 36.010523 ], [ -81.286307, 36.012483 ], [ -81.283872, 36.012996 ], [ -81.284465, 36.015427 ], [ -81.281065, 36.018441 ], [ -81.279129, 36.018777 ], [ -81.276923, 36.020252 ], [ -81.271727, 36.021898 ], [ -81.270715, 36.023429 ], [ -81.268451, 36.024983 ], [ -81.266787, 36.024797 ], [ -81.263956, 36.025899 ], [ -81.26154, 36.025343 ], [ -81.26028, 36.025924 ], [ -81.259268, 36.026305 ], [ -81.258437, 36.025294 ], [ -81.256524, 36.026453 ], [ -81.254032, 36.025464 ], [ -81.252147, 36.025793 ], [ -81.249755, 36.027244 ], [ -81.247251, 36.025635 ], [ -81.244251, 36.024899 ], [ -81.241118, 36.026087 ], [ -81.240429, 36.027948 ], [ -81.237999, 36.030845 ], [ -81.235832, 36.030518 ], [ -81.232132, 36.030229 ], [ -81.229706, 36.031366 ], [ -81.227705, 36.030799 ], [ -81.223981, 36.031025 ], [ -81.221332, 36.029832 ], [ -81.21824, 36.030107 ], [ -81.214119, 36.03292 ], [ -81.211114, 36.034247 ], [ -81.209007, 36.032802 ], [ -81.207419, 36.032717 ], [ -81.205028, 36.033764 ], [ -81.204036, 36.035336 ], [ -81.202615, 36.03619 ], [ -81.198554, 36.035087 ], [ -81.195902, 36.035033 ], [ -81.193267, 36.036663 ], [ -81.190236, 36.037187 ], [ -81.189529, 36.035549 ], [ -81.184933, 36.035003 ], [ -81.182482, 36.033061 ], [ -81.180674, 36.033482 ], [ -81.178543, 36.031984 ], [ -81.175731, 36.031105 ], [ -81.173811, 36.02875 ], [ -81.174643, 36.026749 ], [ -81.173107, 36.025867 ], [ -81.170813, 36.025469 ], [ -81.166664, 36.025668 ], [ -81.145832, 36.03376 ], [ -81.142559, 36.036407 ], [ -81.139335, 36.037587 ], [ -81.137454, 36.036424 ], [ -81.13283, 36.036923 ], [ -81.130092, 36.03761 ], [ -81.12911, 36.037378 ], [ -81.124432, 36.037519 ], [ -81.123461, 36.037805 ], [ -81.121509, 36.035621 ], [ -81.119478, 36.035465 ], [ -81.117387, 36.034533 ], [ -81.115562, 36.034332 ], [ -81.114962, 36.035465 ], [ -81.111689, 36.037739 ], [ -81.107923, 36.036916 ], [ -81.104926, 36.035504 ], [ -81.102041, 36.032294 ], [ -81.098584, 36.030891 ], [ -81.098832, 36.029107 ], [ -81.098132, 36.028177 ], [ -81.057543, 36.031572 ], [ -81.048508, 36.04108 ], [ -81.028833, 36.045652 ], [ -81.0034, 35.996737 ], [ -81.00481, 35.971539 ], [ -81.005327, 35.962342 ], [ -81.005541, 35.958287 ], [ -81.029848, 35.890124 ], [ -81.0299, 35.889968 ], [ -81.033698, 35.879302 ], [ -81.038644, 35.865427 ], [ -81.041339, 35.857855 ], [ -81.048074, 35.849828 ], [ -81.052138, 35.844995 ], [ -81.060451, 35.835109 ], [ -81.063265, 35.826557 ], [ -81.064742, 35.824393 ], [ -81.06727, 35.82167 ], [ -81.069682, 35.81854 ], [ -81.070919, 35.817443 ], [ -81.075682, 35.814955 ], [ -81.077505, 35.812734 ], [ -81.079231, 35.809203 ], [ -81.078652, 35.804416 ], [ -81.078943, 35.802775 ], [ -81.086955, 35.796723 ], [ -81.091354, 35.795443 ], [ -81.093699, 35.794033 ], [ -81.101036, 35.787477 ], [ -81.10166, 35.783914 ], [ -81.103059, 35.782562 ], [ -81.105215, 35.782252 ], [ -81.106069, 35.781484 ], [ -81.106559, 35.778409 ], [ -81.109507, 35.776594 ], [ -81.111882, 35.779176 ], [ -81.115753, 35.782308 ], [ -81.120082, 35.784599 ], [ -81.122879, 35.784939 ], [ -81.124802, 35.786354 ], [ -81.12645, 35.788271 ], [ -81.128613, 35.789803 ], [ -81.129515, 35.796752 ], [ -81.129655, 35.800573 ], [ -81.131652, 35.804316 ], [ -81.132858, 35.80529 ], [ -81.138642, 35.808442 ], [ -81.140341, 35.810749 ], [ -81.141534, 35.813555 ], [ -81.142311, 35.819807 ], [ -81.142327, 35.827167 ], [ -81.142729, 35.82773 ], [ -81.145946, 35.827945 ], [ -81.149609, 35.828958 ], [ -81.154857, 35.828311 ], [ -81.156466, 35.827326 ], [ -81.156996, 35.826317 ], [ -81.160303, 35.825087 ], [ -81.161779, 35.824768 ], [ -81.167153, 35.825719 ], [ -81.170728, 35.825033 ], [ -81.175941, 35.823054 ], [ -81.187261, 35.822228 ], [ -81.190407, 35.822385 ], [ -81.192364, 35.822194 ], [ -81.193916, 35.821405 ], [ -81.196081, 35.821161 ], [ -81.201893, 35.823289 ], [ -81.205137, 35.8228 ], [ -81.207664, 35.821649 ], [ -81.216186, 35.817277 ], [ -81.220646, 35.812587 ], [ -81.223227, 35.810509 ], [ -81.225814, 35.809519 ], [ -81.2281, 35.810388 ], [ -81.232186, 35.812419 ], [ -81.240954, 35.812841 ], [ -81.244077, 35.814375 ], [ -81.248998, 35.815716 ], [ -81.250614, 35.8153 ], [ -81.251279, 35.814722 ], [ -81.251983, 35.813782 ], [ -81.252266, 35.810637 ], [ -81.253457, 35.809332 ], [ -81.255043, 35.808272 ], [ -81.262429, 35.805769 ], [ -81.26876, 35.804455 ], [ -81.271935, 35.804831 ], [ -81.276056, 35.806036 ], [ -81.279047, 35.806265 ], [ -81.282342, 35.805472 ], [ -81.283685, 35.804755 ], [ -81.287851, 35.800978 ], [ -81.29014, 35.799933 ], [ -81.298074, 35.798193 ], [ -81.300027, 35.798711 ], [ -81.302349, 35.801293 ], [ -81.304399, 35.802548 ], [ -81.309086, 35.802386 ], [ -81.313517, 35.79807 ], [ -81.315913, 35.796857 ], [ -81.318888, 35.796628 ], [ -81.334272, 35.796281 ], [ -81.334087, 35.798238 ], [ -81.331874, 35.800504 ], [ -81.331905, 35.802671 ], [ -81.332912, 35.80383 ], [ -81.334331, 35.803449 ], [ -81.335643, 35.807401 ], [ -81.337917, 35.812631 ], [ -81.335743, 35.814514 ], [ -81.339974, 35.816057 ], [ -81.33973, 35.816891 ], [ -81.337397, 35.817911 ], [ -81.339308, 35.823357 ], [ -81.339899, 35.824155 ], [ -81.342358, 35.82236 ], [ -81.344034, 35.824691 ], [ -81.343595, 35.826987 ] ] ] } },
{ "type": "Feature", "properties": { "STATEFP": "37", "COUNTYFP": "027", "COUNTYNS": "01008541", "GEOIDFQ": "0500000US37027", "GEOID": 37027, "NAME": "Caldwell", "NAMELSAD": "Caldwell County", "STUSPS": "NC", "STATE_NAME": "North Carolina", "LSAD": "06", "ALAND": 1222184253, "AWATER": 7052759, "state": "NC", "county": "Caldwell", "fips": 37027, "adult_pop": "64,820", "observed_distress": 17.6, "loneliness_rate": 31.6, "access_to_exercise": 79.78475425000001, "social_associations_per_10k": 12.545676005000001, "air_pollution": 8.1, "uninsured": 17.18040571, "unemployment_rate": 4.9411228, "providers_per_100k": 90.72493, "log_median_hh_income": 10.707840631169418, "rucc_category": "metro" }, "geometry": { "type": "Polygon", "coordinates": [ [ [ -81.810516, 36.111511 ], [ -81.779932, 36.114014 ], [ -81.683302, 36.12188 ], [ -81.682756, 36.121928 ], [ -81.674833, 36.122619 ], [ -81.673262, 36.122206 ], [ -81.671025, 36.121198 ], [ -81.66977, 36.120538 ], [ -81.666683, 36.120701 ], [ -81.663563, 36.120102 ], [ -81.662417, 36.11974 ], [ -81.660632, 36.118399 ], [ -81.654905, 36.11838 ], [ -81.631152, 36.118195 ], [ -81.606915, 36.117947 ], [ -81.603265, 36.117908 ], [ -81.545488, 36.117475 ], [ -81.5219, 36.10263 ], [ -81.520011, 36.102596 ], [ -81.519475, 36.100097 ], [ -81.516699, 36.099149 ], [ -81.516172, 36.097403 ], [ -81.51191, 36.09743 ], [ -81.509637, 36.097876 ], [ -81.508413, 36.096977 ], [ -81.504826, 36.097977 ], [ -81.501714, 36.09963 ], [ -81.498699, 36.100454 ], [ -81.495307, 36.10047 ], [ -81.493973, 36.097738 ], [ -81.492534, 36.097509 ], [ -81.491055, 36.098531 ], [ -81.487144, 36.097851 ], [ -81.484839, 36.09612 ], [ -81.481557, 36.095908 ], [ -81.47957, 36.096548 ], [ -81.476985, 36.096584 ], [ -81.477791, 36.092764 ], [ -81.473767, 36.089943 ], [ -81.472557, 36.088602 ], [ -81.469721, 36.087373 ], [ -81.469175, 36.085958 ], [ -81.467274, 36.085657 ], [ -81.465155, 36.087104 ], [ -81.465295, 36.088463 ], [ -81.458782, 36.091382 ], [ -81.456489, 36.091453 ], [ -81.453872, 36.090433 ], [ -81.453393, 36.086963 ], [ -81.451201, 36.08459 ], [ -81.447373, 36.083016 ], [ -81.448094, 36.080823 ], [ -81.447253, 36.078108 ], [ -81.444442, 36.075263 ], [ -81.444576, 36.072329 ], [ -81.440666, 36.073207 ], [ -81.437847, 36.075345 ], [ -81.436441, 36.075058 ], [ -81.433766, 36.075937 ], [ -81.432654, 36.075098 ], [ -81.428892, 36.076363 ], [ -81.427484, 36.076403 ], [ -81.424815, 36.077836 ], [ -81.423965, 36.077671 ], [ -81.42121, 36.074511 ], [ -81.418175, 36.072097 ], [ -81.417469, 36.070907 ], [ -81.414929, 36.07267 ], [ -81.411463, 36.072883 ], [ -81.409449, 36.07073 ], [ -81.407527, 36.071888 ], [ -81.40678, 36.068539 ], [ -81.40264, 36.065687 ], [ -81.397773, 36.066431 ], [ -81.399101, 36.06425 ], [ -81.400088, 36.062848 ], [ -81.398148, 36.060871 ], [ -81.398488, 36.05967 ], [ -81.396768, 36.056905 ], [ -81.393271, 36.054017 ], [ -81.392525, 36.052078 ], [ -81.390689, 36.051761 ], [ -81.38957, 36.049851 ], [ -81.391498, 36.048457 ], [ -81.391819, 36.046738 ], [ -81.39478, 36.045497 ], [ -81.395732, 36.043809 ], [ -81.397387, 36.04292 ], [ -81.3961, 36.040731 ], [ -81.393576, 36.041856 ], [ -81.38703, 36.043491 ], [ -81.384015, 36.043298 ], [ -81.382009, 36.044428 ], [ -81.380843, 36.044359 ], [ -81.380556, 36.042097 ], [ -81.377654, 36.040616 ], [ -81.375444, 36.040141 ], [ -81.365871, 36.035257 ], [ -81.360478, 36.032698 ], [ -81.34916, 36.026271 ], [ -81.347243, 36.025357 ], [ -81.344949, 36.025585 ], [ -81.344663, 36.024942 ], [ -81.343916, 36.02435 ], [ -81.343523, 36.022805 ], [ -81.336472, 36.010634 ], [ -81.328451, 35.996778 ], [ -81.328324, 35.996583 ], [ -81.331362, 35.981346 ], [ -81.342878, 35.923285 ], [ -81.339909, 35.909195 ], [ -81.333379, 35.87915 ], [ -81.333373, 35.878892 ], [ -81.334209, 35.875225 ], [ -81.337773, 35.856948 ], [ -81.343595, 35.826987 ], [ -81.344034, 35.824691 ], [ -81.342358, 35.82236 ], [ -81.339899, 35.824155 ], [ -81.339308, 35.823357 ], [ -81.337397, 35.817911 ], [ -81.33973, 35.816891 ], [ -81.339974, 35.816057 ], [ -81.335743, 35.814514 ], [ -81.337917, 35.812631 ], [ -81.335643, 35.807401 ], [ -81.334331, 35.803449 ], [ -81.332912, 35.80383 ], [ -81.331905, 35.802671 ], [ -81.331874, 35.800504 ], [ -81.334087, 35.798238 ], [ -81.334272, 35.796281 ], [ -81.336794, 35.796471 ], [ -81.343159, 35.795567 ], [ -81.345213, 35.794585 ], [ -81.347191, 35.792985 ], [ -81.348298, 35.791434 ], [ -81.350506, 35.785673 ], [ -81.351512, 35.783829 ], [ -81.353875, 35.781821 ], [ -81.355553, 35.780273 ], [ -81.355563, 35.778937 ], [ -81.352649, 35.774848 ], [ -81.352587, 35.771243 ], [ -81.353872, 35.768851 ], [ -81.356716, 35.767234 ], [ -81.358201, 35.767048 ], [ -81.363796, 35.767802 ], [ -81.367275, 35.767896 ], [ -81.371196, 35.766385 ], [ -81.375412, 35.761524 ], [ -81.377112, 35.757633 ], [ -81.378793, 35.757256 ], [ -81.382192, 35.757192 ], [ -81.385269, 35.757754 ], [ -81.391117, 35.75946 ], [ -81.39353, 35.759211 ], [ -81.396439, 35.758388 ], [ -81.399218, 35.75856 ], [ -81.402882, 35.760383 ], [ -81.406848, 35.764393 ], [ -81.408416, 35.765402 ], [ -81.412434, 35.766254 ], [ -81.421041, 35.769958 ], [ -81.423047, 35.770755 ], [ -81.427627, 35.772302 ], [ -81.43074, 35.772606 ], [ -81.432316, 35.772708 ], [ -81.435763, 35.773486 ], [ -81.436287, 35.773454 ], [ -81.43934, 35.773139 ], [ -81.442152, 35.774426 ], [ -81.442809, 35.776332 ], [ -81.444197, 35.784301 ], [ -81.444649, 35.784632 ], [ -81.44605, 35.785245 ], [ -81.455394, 35.784895 ], [ -81.471691, 35.783818 ], [ -81.474621, 35.783542 ], [ -81.483689, 35.78202 ], [ -81.490267, 35.780547 ], [ -81.493386, 35.780565 ], [ -81.502677, 35.780704 ], [ -81.502906, 35.780704 ], [ -81.51616, 35.780859 ], [ -81.524621, 35.780025 ], [ -81.525279, 35.779901 ], [ -81.536262, 35.779609 ], [ -81.542445, 35.778911 ], [ -81.547033, 35.777207 ], [ -81.548025, 35.776783 ], [ -81.554103, 35.776948 ], [ -81.555994, 35.777538 ], [ -81.581811, 35.80473 ], [ -81.591818, 35.81546 ], [ -81.600809, 35.825096 ], [ -81.610385, 35.819612 ], [ -81.630065, 35.830377 ], [ -81.628767, 35.830761 ], [ -81.62643, 35.832528 ], [ -81.626109, 35.833482 ], [ -81.632109, 35.835739 ], [ -81.639217, 35.848346 ], [ -81.646509, 35.851188 ], [ -81.669228, 35.860039 ], [ -81.695766, 35.869936 ], [ -81.709824, 35.875034 ], [ -81.712736, 35.877171 ], [ -81.714159, 35.879651 ], [ -81.717003, 35.883247 ], [ -81.719101, 35.883309 ], [ -81.719483, 35.884263 ], [ -81.72229, 35.886277 ], [ -81.724555, 35.889409 ], [ -81.726794, 35.889872 ], [ -81.728676, 35.890956 ], [ -81.729223, 35.892384 ], [ -81.728957, 35.894433 ], [ -81.730801, 35.898021 ], [ -81.733424, 35.899722 ], [ -81.734883, 35.90261 ], [ -81.740016, 35.907183 ], [ -81.742707, 35.908335 ], [ -81.744587, 35.908683 ], [ -81.745524, 35.911808 ], [ -81.746029, 35.914878 ], [ -81.74573, 35.916378 ], [ -81.747969, 35.918727 ], [ -81.74863, 35.921128 ], [ -81.750466, 35.921716 ], [ -81.752523, 35.924426 ], [ -81.755792, 35.92534 ], [ -81.756818, 35.92554 ], [ -81.757172, 35.927146 ], [ -81.758733, 35.928466 ], [ -81.760578, 35.926612 ], [ -81.763702, 35.925757 ], [ -81.766142, 35.927324 ], [ -81.766519, 35.928518 ], [ -81.76959, 35.929119 ], [ -81.7726, 35.928502 ], [ -81.774722, 35.926996 ], [ -81.775607, 35.926949 ], [ -81.777692, 35.929917 ], [ -81.777237, 35.931922 ], [ -81.775387, 35.933624 ], [ -81.776584, 35.935227 ], [ -81.77814, 35.935861 ], [ -81.779751, 35.938704 ], [ -81.779525, 35.940047 ], [ -81.776804, 35.941151 ], [ -81.776563, 35.942775 ], [ -81.777528, 35.944004 ], [ -81.777449, 35.947048 ], [ -81.779066, 35.946722 ], [ -81.788386, 35.948067 ], [ -81.789396, 35.949313 ], [ -81.794509, 35.950233 ], [ -81.796171, 35.948788 ], [ -81.798099, 35.950444 ], [ -81.80008, 35.950626 ], [ -81.800549, 35.953069 ], [ -81.801812, 35.954071 ], [ -81.804793, 35.955016 ], [ -81.805091, 35.956163 ], [ -81.80819, 35.957837 ], [ -81.809076, 35.958787 ], [ -81.807132, 35.961572 ], [ -81.807162, 35.961955 ], [ -81.745617, 36.052928 ], [ -81.735673, 36.067584 ], [ -81.736615, 36.068755 ], [ -81.738753, 36.069904 ], [ -81.738726, 36.070903 ], [ -81.740104, 36.070942 ], [ -81.745059, 36.072943 ], [ -81.747008, 36.072128 ], [ -81.750434, 36.072786 ], [ -81.751996, 36.072036 ], [ -81.753671, 36.07265 ], [ -81.755214, 36.074879 ], [ -81.755238, 36.075875 ], [ -81.758517, 36.077164 ], [ -81.75803, 36.08253 ], [ -81.759038, 36.083853 ], [ -81.760712, 36.087949 ], [ -81.76114, 36.090129 ], [ -81.762639, 36.090415 ], [ -81.766193, 36.093288 ], [ -81.769717, 36.094607 ], [ -81.775478, 36.099276 ], [ -81.779113, 36.099972 ], [ -81.781318, 36.101161 ], [ -81.785722, 36.100456 ], [ -81.790208, 36.102523 ], [ -81.792209, 36.103172 ], [ -81.796761, 36.107091 ], [ -81.800437, 36.108633 ], [ -81.802669, 36.109012 ], [ -81.807362, 36.111178 ], [ -81.810516, 36.111511 ] ] ] } },
{ "type": "Feature", "properties": { "STATEFP": "37", "COUNTYFP": "109", "COUNTYNS": "01008569", "GEOIDFQ": "0500000US37109", "GEOID": 37109, "NAME": "Lincoln", "NAMELSAD": "Lincoln County", "STUSPS": "NC", "STATE_NAME": "North Carolina", "LSAD": "06", "ALAND": 766239896, "AWATER": 23350160, "state": "NC", "county": "Lincoln", "fips": 37109, "adult_pop": "76,148", "observed_distress": 16.2, "loneliness_rate": 31.3, "access_to_exercise": 62.30618592, "social_associations_per_10k": 12.145703032, "air_pollution": 9.3, "uninsured": 14.7726201, "unemployment_rate": 4.07092166, "providers_per_100k": 78.06401, "log_median_hh_income": 11.202575063017203, "rucc_category": "metro" }, "geometry": { "type": "Polygon", "coordinates": [ [ [ -81.535403, 35.568137 ], [ -81.472231, 35.566132 ], [ -81.438558, 35.56483 ], [ -81.429071, 35.564534 ], [ -81.395607, 35.563423 ], [ -81.342526, 35.561458 ], [ -81.333745, 35.561109 ], [ -81.292534, 35.559276 ], [ -81.245276, 35.557242 ], [ -81.22391, 35.556531 ], [ -81.219741, 35.556367 ], [ -81.200068, 35.555452 ], [ -81.196628, 35.555368 ], [ -81.195262, 35.555335 ], [ -81.190124, 35.55521 ], [ -81.189903, 35.555205 ], [ -81.184381, 35.555071 ], [ -81.164568, 35.554372 ], [ -81.11149, 35.552383 ], [ -81.087194, 35.551524 ], [ -81.082918, 35.551415 ], [ -81.081331, 35.5514 ], [ -81.074968, 35.551277 ], [ -81.058488, 35.550507 ], [ -81.050489, 35.550085 ], [ -81.022051, 35.548899 ], [ -81.015562, 35.548639 ], [ -80.971734, 35.547298 ], [ -80.960025, 35.54702 ], [ -80.958802, 35.544612 ], [ -80.952409, 35.540834 ], [ -80.940838, 35.531499 ], [ -80.939734, 35.528631 ], [ -80.94221, 35.526263 ], [ -80.944779, 35.526006 ], [ -80.949404, 35.528448 ], [ -80.953335, 35.531929 ], [ -80.955508, 35.532502 ], [ -80.95775, 35.523658 ], [ -80.956267, 35.518255 ], [ -80.95598, 35.515072 ], [ -80.956545, 35.513896 ], [ -80.962814, 35.507802 ], [ -80.963521, 35.505961 ], [ -80.962142, 35.498656 ], [ -80.961292, 35.497049 ], [ -80.957888, 35.494645 ], [ -80.948723, 35.491669 ], [ -80.948278, 35.491298 ], [ -80.947878, 35.49045 ], [ -80.947344, 35.488473 ], [ -80.947026, 35.487513 ], [ -80.94628, 35.485986 ], [ -80.945325, 35.483617 ], [ -80.945485, 35.483227 ], [ -80.947861, 35.480698 ], [ -80.949219, 35.475493 ], [ -80.950452, 35.473088 ], [ -80.951772, 35.468912 ], [ -80.951515, 35.467143 ], [ -80.950618, 35.465289 ], [ -80.944009, 35.460138 ], [ -80.943007, 35.458984 ], [ -80.942489, 35.457728 ], [ -80.943086, 35.452916 ], [ -80.946226, 35.449624 ], [ -80.949015, 35.448475 ], [ -80.95038, 35.447302 ], [ -80.95211, 35.444744 ], [ -80.953358, 35.440714 ], [ -80.95603, 35.438075 ], [ -80.956988, 35.436613 ], [ -80.958691, 35.432634 ], [ -80.958636, 35.431697 ], [ -80.956518, 35.427503 ], [ -80.955741, 35.425236 ], [ -80.955142, 35.42116 ], [ -80.95559, 35.418923 ], [ -80.957987, 35.414834 ], [ -80.958717, 35.411501 ], [ -80.95698, 35.403886 ], [ -80.956414, 35.402668 ], [ -80.955708, 35.401623 ], [ -80.95486, 35.400078 ], [ -80.974195, 35.40134 ], [ -80.998269, 35.402812 ], [ -81.011385, 35.403599 ], [ -81.030675, 35.404402 ], [ -81.054614, 35.405248 ], [ -81.070224, 35.405795 ], [ -81.083826, 35.406272 ], [ -81.094164, 35.406632 ], [ -81.10403, 35.406976 ], [ -81.111389, 35.407235 ], [ -81.122555, 35.407631 ], [ -81.122804, 35.407639 ], [ -81.12966, 35.407881 ], [ -81.162383, 35.40903 ], [ -81.184647, 35.409806 ], [ -81.199076, 35.410309 ], [ -81.20297, 35.410454 ], [ -81.2039, 35.410489 ], [ -81.214383, 35.410842 ], [ -81.217976, 35.410963 ], [ -81.233543, 35.410905 ], [ -81.240916, 35.411909 ], [ -81.241251, 35.411925 ], [ -81.289708, 35.413877 ], [ -81.300004, 35.414263 ], [ -81.31861, 35.414961 ], [ -81.319498, 35.414994 ], [ -81.343502, 35.415888 ], [ -81.36112, 35.416542 ], [ -81.364072, 35.416651 ], [ -81.409853, 35.41822 ], [ -81.4556, 35.419811 ], [ -81.458803, 35.423681 ], [ -81.465148, 35.438215 ], [ -81.466612, 35.4398 ], [ -81.466917, 35.442208 ], [ -81.475464, 35.460167 ], [ -81.481383, 35.471503 ], [ -81.48666, 35.479339 ], [ -81.49167, 35.486823 ], [ -81.495244, 35.494098 ], [ -81.500691, 35.502381 ], [ -81.506029, 35.511379 ], [ -81.513004, 35.523317 ], [ -81.510619, 35.529643 ], [ -81.509455, 35.536266 ], [ -81.509111, 35.540023 ], [ -81.509218, 35.550352 ], [ -81.515421, 35.558297 ], [ -81.537599, 35.564228 ], [ -81.535403, 35.568137 ] ] ] } }
]
}
